{
    "@context": "\/api\/3\/contexts\/SystemViewTemplate",
    "@type": "SystemViewTemplate",
    "type": "rows",
    "config": {
        "rows": [
            {
                "columns": [
                    {
                        "widgets": [
                            {
                                "type": "grid",
                                "config": {
                                    "wid": "e69d8fab-b4a9-4d3f-ab30-a3a27508eba6",
                                    "module": "netshot_output_data_profiles",
                                    "columns": [
                                        "id",
                                        "normalizedDataKey",
                                        "type",
                                        "name",
                                        "recordTags"
                                    ],
                                    "expandableCol": [
                                        {
                                            "openTab": false,
                                            "name": "description"
                                        }
                                    ],
                                    "relationshipField": [],
                                    "checkboxStatus": true,
                                    "editableFields": false,
                                    "actionButtons": [],
                                    "query": {
                                        "sort": [],
                                        "limit": 30,
                                        "logic": "AND",
                                        "filters": []
                                    }
                                }
                            }
                        ],
                        "style": "col-lg-12"
                    }
                ],
                "wid": "e83d5d5f-b2b3-415b-b29a-6a7dd62cae4d",
                "_collapsed": false
            }
        ],
        "wid": "b2d4dc28-f41d-46e1-be95-9b76934c58dd",
        "metadata": {
            "customTemplateTitle": "Netshot Output Data Profiles",
            "originalTemplateTitle": "Netshot Output Data Profiles"
        }
    },
    "uuid": "modules-netshot_output_data_profiles-list"
}