{
    "@context": "\/api\/3\/contexts\/StagingModelMetadata",
    "@type": "StagingModelMetadata",
    "type": "netshot_output_data_profiles",
    "parentType": null,
    "tableName": "netshot_output_data_profile",
    "ownable": false,
    "userOwnable": false,
    "queueable": false,
    "trackable": true,
    "taggable": true,
    "peerReplicable": false,
    "defaultSort": [
        {
            "direction": "ASC",
            "field": "normalizedDataKey"
        },
        {
            "direction": "ASC",
            "field": "name"
        }
    ],
    "uniqueConstraint": [
        {
            "netshot_output_data_profiles_unique": {
                "columns": [
                    "normalizedDataKey"
                ]
            }
        }
    ],
    "indexable": true,
    "writable": true,
    "attributes": [
        {
            "@id": "\/api\/3\/attribute_metadatas\/29662dac-ff4c-40f4-ba47-3964c16d5e18",
            "@type": "AttributeMetadata",
            "type": "string",
            "name": "normalizedDataKey",
            "length": null,
            "orderIndex": 1,
            "formType": "text",
            "dataSource": null,
            "searchable": false,
            "peerReplicable": true,
            "system": false,
            "encrypted": false,
            "gridColumn": true,
            "collection": false,
            "inversedField": null,
            "ownsRelationship": false,
            "validation": {
                "required": false,
                "minlength": 0,
                "maxlength": 10485761,
                "_enableRange": false
            },
            "bulkAction": {
                "allow": false,
                "buttonText": "",
                "buttonIcon": "",
                "buttonClass": "btn btn-default btn-sm"
            },
            "dataSourceFilters": null,
            "defaultValue": "yournormalizeddatakey_name",
            "tooltip": "Normalized data is stored in this key on the Target Output Record. MUST be unique AND without spaces or special characters other than an underscore.",
            "visibility": true,
            "htmlEscape": false,
            "orphanRemoval": null,
            "readable": true,
            "writeable": true,
            "identifier": null,
            "unique": false,
            "recommend": false,
            "skipSerialization": false,
            "uuid": "29662dac-ff4c-40f4-ba47-3964c16d5e18",
            "displayName": "{{ normalizedDataKey }}",
            "descriptions": {
                "singular": "Normalized Data Key"
            }
        },
        {
            "@id": "\/api\/3\/attribute_metadatas\/1954bec2-b1a3-4ee0-83ff-4afc7d7b4987",
            "@type": "AttributeMetadata",
            "type": "string",
            "name": "name",
            "length": null,
            "orderIndex": 2,
            "formType": "text",
            "dataSource": null,
            "searchable": false,
            "peerReplicable": true,
            "system": false,
            "encrypted": false,
            "gridColumn": false,
            "collection": false,
            "inversedField": null,
            "ownsRelationship": false,
            "validation": {
                "required": true,
                "minlength": 0,
                "maxlength": 10485761,
                "_enableRange": false
            },
            "bulkAction": {
                "allow": false,
                "buttonText": "",
                "buttonIcon": "",
                "buttonClass": "btn btn-default btn-sm"
            },
            "dataSourceFilters": null,
            "defaultValue": "",
            "tooltip": null,
            "visibility": true,
            "htmlEscape": false,
            "orphanRemoval": null,
            "readable": true,
            "writeable": true,
            "identifier": null,
            "unique": false,
            "recommend": false,
            "skipSerialization": false,
            "uuid": "1954bec2-b1a3-4ee0-83ff-4afc7d7b4987",
            "displayName": "{{ name }}",
            "descriptions": {
                "singular": "Name"
            }
        },
        {
            "@id": "\/api\/3\/attribute_metadatas\/62df3437-d7e0-4273-ae38-d940523f9545",
            "@type": "AttributeMetadata",
            "type": "picklists",
            "name": "type",
            "length": null,
            "orderIndex": 3,
            "formType": "picklist",
            "dataSource": {
                "model": "picklists",
                "query": {
                    "logic": "AND",
                    "filters": [
                        {
                            "field": "listName__name",
                            "operator": "eq",
                            "value": "Netshot Output Data Profile Type"
                        }
                    ],
                    "sort": [
                        {
                            "field": "orderIndex",
                            "direction": "ASC"
                        }
                    ]
                },
                "displayConditions": {
                    "c415f593-9954-4a3f-a855-853be58d655d": {
                        "visibility": "visible",
                        "conditions": null
                    },
                    "1d7df35b-8b17-43b7-a4be-8ea6cb2ed9b4": {
                        "visibility": "visible",
                        "conditions": null
                    }
                }
            },
            "searchable": false,
            "peerReplicable": true,
            "system": false,
            "encrypted": false,
            "gridColumn": false,
            "collection": false,
            "inversedField": null,
            "ownsRelationship": false,
            "validation": {
                "required": false,
                "minlength": 0,
                "maxlength": 10485761,
                "_enableRange": false
            },
            "bulkAction": {
                "allow": false,
                "buttonText": "",
                "buttonIcon": "",
                "buttonClass": "btn btn-default btn-sm"
            },
            "dataSourceFilters": null,
            "defaultValue": null,
            "tooltip": null,
            "visibility": true,
            "htmlEscape": false,
            "orphanRemoval": null,
            "readable": true,
            "writeable": true,
            "identifier": null,
            "unique": false,
            "recommend": false,
            "skipSerialization": false,
            "uuid": "62df3437-d7e0-4273-ae38-d940523f9545",
            "displayName": "{{ type }}",
            "descriptions": {
                "singular": "Type"
            }
        },
        {
            "@id": "\/api\/3\/attribute_metadatas\/defbdc81-58f1-45f1-bcf6-84733b269047",
            "@type": "AttributeMetadata",
            "type": "string",
            "name": "description",
            "length": null,
            "orderIndex": 4,
            "formType": "richtext",
            "dataSource": null,
            "searchable": true,
            "peerReplicable": true,
            "system": false,
            "encrypted": false,
            "gridColumn": false,
            "collection": false,
            "inversedField": null,
            "ownsRelationship": false,
            "validation": {
                "required": false,
                "minlength": 0,
                "maxlength": 10485761
            },
            "bulkAction": {
                "allow": false,
                "buttonText": "",
                "buttonIcon": "",
                "buttonClass": "btn btn-default btn-sm"
            },
            "dataSourceFilters": null,
            "defaultValue": null,
            "tooltip": null,
            "visibility": true,
            "htmlEscape": false,
            "orphanRemoval": null,
            "readable": true,
            "writeable": true,
            "identifier": null,
            "unique": false,
            "recommend": false,
            "skipSerialization": false,
            "uuid": "defbdc81-58f1-45f1-bcf6-84733b269047",
            "displayName": "{{ description }}",
            "descriptions": {
                "singular": "Description"
            }
        },
        {
            "@id": "\/api\/3\/attribute_metadatas\/38c74a86-466a-42c3-b516-e4c4090883c7",
            "@type": "AttributeMetadata",
            "type": "string",
            "name": "normalizedDataPrerequisites",
            "length": null,
            "orderIndex": 5,
            "formType": "textarea",
            "dataSource": null,
            "searchable": true,
            "peerReplicable": true,
            "system": false,
            "encrypted": false,
            "gridColumn": false,
            "collection": false,
            "inversedField": null,
            "ownsRelationship": false,
            "validation": {
                "required": false,
                "minlength": 0,
                "maxlength": 10485761,
                "_enableRange": false
            },
            "bulkAction": {
                "allow": false,
                "buttonText": "",
                "buttonIcon": "",
                "buttonClass": "btn btn-default btn-sm"
            },
            "dataSourceFilters": null,
            "defaultValue": null,
            "tooltip": "Can be entered with comma separated OR newlines.",
            "visibility": true,
            "htmlEscape": false,
            "orphanRemoval": null,
            "readable": true,
            "writeable": true,
            "identifier": null,
            "unique": false,
            "recommend": false,
            "skipSerialization": false,
            "uuid": "38c74a86-466a-42c3-b516-e4c4090883c7",
            "displayName": "{{ normalizedDataPrerequisites }}",
            "descriptions": {
                "singular": "Normalized Data Prerequisites"
            }
        },
        {
            "@id": "\/api\/3\/attribute_metadatas\/5b814f05-9db2-48d6-896a-6f442718425d",
            "@type": "AttributeMetadata",
            "type": "string",
            "name": "script",
            "length": null,
            "orderIndex": 6,
            "formType": "textarea",
            "dataSource": null,
            "searchable": true,
            "peerReplicable": true,
            "system": false,
            "encrypted": false,
            "gridColumn": false,
            "collection": false,
            "inversedField": null,
            "ownsRelationship": false,
            "validation": {
                "required": false,
                "minlength": 0,
                "maxlength": 10485761,
                "_enableRange": false
            },
            "bulkAction": {
                "allow": false,
                "buttonText": "",
                "buttonIcon": "",
                "buttonClass": "btn btn-default btn-sm"
            },
            "dataSourceFilters": null,
            "defaultValue": null,
            "tooltip": "Script or Playbook ID",
            "visibility": true,
            "htmlEscape": false,
            "orphanRemoval": null,
            "readable": true,
            "writeable": true,
            "identifier": null,
            "unique": false,
            "recommend": false,
            "skipSerialization": false,
            "uuid": "5b814f05-9db2-48d6-896a-6f442718425d",
            "displayName": "{{ script }}",
            "descriptions": {
                "singular": "Script"
            }
        }
    ],
    "system": false,
    "module": "netshot_output_data_profiles",
    "softDeleteable": false,
    "archivable": false,
    "paused": false,
    "partitionBy": "modifyDate",
    "archivalCriteria": {
        "keep_primary_data_for": 24,
        "delete_primary_data_after": 60
    },
    "archivalFilters": [],
    "replicationFilters": [],
    "enableReplication": true,
    "displayName": "{{ name }}",
    "descriptions": {
        "singular": "Netshot Output Data Profile",
        "plural": "Netshot Output Data Profiles"
    }
}