[
    {
        "@type": "NetshotTargetOutputProfiles",
        "orderPriority": 1,
        "name": "Fortinet System Status",
        "outputResource": "get system status",
        "rESTAPIHeader": null,
        "rESTAPIBody": null,
        "zTPFManager": null,
        "zTPFDevice": null,
        "targetOutputMethod": "\/api\/3\/picklists\/1f43579a-1490-4c06-b186-f947954b1bd4",
        "dataType": "\/api\/3\/picklists\/421e8f86-e6e9-4529-aff8-60ca4f199557",
        "netshotOutputGroups": [
            "\/api\/3\/netshot_output_groups\/fa5b2cbc-4137-421d-bbbf-5e07d9d2d8cd",
            "\/api\/3\/netshot_output_groups\/d1db8e6d-5f4d-4936-8077-672090ad2ab3",
            "\/api\/3\/netshot_output_groups\/780ee8ac-cdb1-4fdb-b60a-6cbd5e8115ac",
            "\/api\/3\/netshot_output_groups\/cb4abec6-4b8a-4bbf-b6e1-542774094be4",
            "\/api\/3\/netshot_output_groups\/89839208-127b-47d5-b538-976788543ff9",
            "\/api\/3\/netshot_output_groups\/a1671074-e155-4370-bd00-66bc2b611150"
        ],
        "netshotTargets": [
            "\/api\/3\/netshot_targets\/80fcb457-4683-4dd8-b4ea-6c82ce56937c",
            "\/api\/3\/netshot_targets\/038e67d5-2d15-4290-bc3c-00895cb49184",
            "\/api\/3\/netshot_targets\/6ffed084-5041-49d9-8242-bfac29cc6774"
        ],
        "netshotDomains": [
            "\/api\/3\/netshot_domains\/9d908807-86a9-4d51-b63f-a89e90647643"
        ],
        "netshotOutputReportProfiles": [
            "\/api\/3\/netshot_output_report_profiles\/c03507ea-8f74-4c3c-b0e3-ef1e64aa402f",
            "\/api\/3\/netshot_output_report_profiles\/d197c262-4b5f-46bc-8153-7527e6c71ee2",
            "\/api\/3\/netshot_output_report_profiles\/72cecc88-e0c2-4226-91af-bba1d4cd8419",
            "\/api\/3\/netshot_output_report_profiles\/e91e9365-1abc-48ee-9306-6d3a062f0054"
        ],
        "netshotTargetOutputs": [
            "\/api\/3\/netshot_target_outputs\/b7dcca8f-74f5-4e0e-a77e-1e5fd62d8c62",
            "\/api\/3\/netshot_target_outputs\/147e9bb4-9697-4f45-a58a-7012780b44e7",
            "\/api\/3\/netshot_target_outputs\/e9d9fc15-f9fd-4f59-883b-76612b56fcfb",
            "\/api\/3\/netshot_target_outputs\/b760af0b-44f0-47f4-aca2-0b67e53f35ee",
            "\/api\/3\/netshot_target_outputs\/f01137d0-39d6-4f7d-bb05-78504141e739",
            "\/api\/3\/netshot_target_outputs\/8099275f-036f-4335-a9a7-6ea883c326b1",
            "\/api\/3\/netshot_target_outputs\/762561b6-2520-4ee0-8a4d-5a3a5ddeaeaa",
            "\/api\/3\/netshot_target_outputs\/1db70444-602d-46a0-9cef-5f42ca208428",
            "\/api\/3\/netshot_target_outputs\/95fe5cd0-cf4c-41d9-bdad-a93be39c9f18"
        ],
        "rESTAPIMethod": "\/api\/3\/picklists\/77f8202b-2578-4ab5-a6c9-41ab8b78a6f3",
        "uuid": "953073b7-6f52-438c-961f-657e98b2ba2d",
        "createUser": "\/api\/3\/people\/3451141c-bac6-467c-8d72-85e0fab569ce",
        "createDate": 1744298622.318868,
        "modifyUser": "\/api\/3\/people\/3451141c-bac6-467c-8d72-85e0fab569ce",
        "modifyDate": 1744725136.720493,
        "recordTags": [
            "FMG",
            "FOS",
            "Read"
        ]
    },
    {
        "@type": "NetshotTargetOutputProfiles",
        "orderPriority": 3,
        "name": "Scan FortiGate Ports",
        "outputResource": "-n -p 22,23,80,443",
        "rESTAPIHeader": null,
        "rESTAPIBody": null,
        "zTPFManager": null,
        "zTPFDevice": null,
        "targetOutputMethod": "\/api\/3\/picklists\/ef912ba1-a87e-42c7-98a9-c2133d24c835",
        "dataType": "\/api\/3\/picklists\/3a622a58-780e-4be4-8240-2f6768825acb",
        "netshotOutputGroups": [
            "\/api\/3\/netshot_output_groups\/d1db8e6d-5f4d-4936-8077-672090ad2ab3",
            "\/api\/3\/netshot_output_groups\/780ee8ac-cdb1-4fdb-b60a-6cbd5e8115ac",
            "\/api\/3\/netshot_output_groups\/cb4abec6-4b8a-4bbf-b6e1-542774094be4"
        ],
        "netshotTargets": [
            "\/api\/3\/netshot_targets\/038e67d5-2d15-4290-bc3c-00895cb49184",
            "\/api\/3\/netshot_targets\/6ffed084-5041-49d9-8242-bfac29cc6774"
        ],
        "netshotDomains": [
            "\/api\/3\/netshot_domains\/9d908807-86a9-4d51-b63f-a89e90647643"
        ],
        "netshotOutputReportProfiles": [
            "\/api\/3\/netshot_output_report_profiles\/6b12d68f-29b8-41fb-82e0-80bd32ebe9d5",
            "\/api\/3\/netshot_output_report_profiles\/1b190f6f-6018-478c-9653-aabd4a607494"
        ],
        "netshotTargetOutputs": [
            "\/api\/3\/netshot_target_outputs\/5058c0a8-07a9-47ba-98ef-c78b7ca60326",
            "\/api\/3\/netshot_target_outputs\/5042eeb3-d318-46f8-837b-eea8a851a945",
            "\/api\/3\/netshot_target_outputs\/29dfd885-e45c-4768-bdb1-189055ace4ac",
            "\/api\/3\/netshot_target_outputs\/0ba63566-b30a-4560-bb3c-424821d95846",
            "\/api\/3\/netshot_target_outputs\/5156be5e-9662-4c76-8a2b-fb5079c84ce9",
            "\/api\/3\/netshot_target_outputs\/ee9726f2-1188-4434-8e2a-e6fff2f89eeb"
        ],
        "rESTAPIMethod": "\/api\/3\/picklists\/77f8202b-2578-4ab5-a6c9-41ab8b78a6f3",
        "uuid": "eea66c19-9b1b-4758-b18d-adde0c125f11",
        "createUser": "\/api\/3\/people\/3451141c-bac6-467c-8d72-85e0fab569ce",
        "createDate": 1744724859.536012,
        "modifyUser": "\/api\/3\/people\/3451141c-bac6-467c-8d72-85e0fab569ce",
        "modifyDate": 1744725131.984928,
        "recordTags": [
            "FOS",
            "Read"
        ]
    },
    {
        "@type": "NetshotTargetOutputProfiles",
        "orderPriority": 3,
        "name": "Scan FortiManager Ports",
        "outputResource": "-n -p 22,23,80,443,541",
        "rESTAPIHeader": null,
        "rESTAPIBody": null,
        "zTPFManager": null,
        "zTPFDevice": null,
        "targetOutputMethod": "\/api\/3\/picklists\/ef912ba1-a87e-42c7-98a9-c2133d24c835",
        "dataType": "\/api\/3\/picklists\/3a622a58-780e-4be4-8240-2f6768825acb",
        "netshotOutputGroups": [
            "\/api\/3\/netshot_output_groups\/fa5b2cbc-4137-421d-bbbf-5e07d9d2d8cd",
            "\/api\/3\/netshot_output_groups\/89839208-127b-47d5-b538-976788543ff9",
            "\/api\/3\/netshot_output_groups\/a1671074-e155-4370-bd00-66bc2b611150"
        ],
        "netshotTargets": [
            "\/api\/3\/netshot_targets\/80fcb457-4683-4dd8-b4ea-6c82ce56937c"
        ],
        "netshotDomains": [
            "\/api\/3\/netshot_domains\/9d908807-86a9-4d51-b63f-a89e90647643"
        ],
        "netshotOutputReportProfiles": [
            "\/api\/3\/netshot_output_report_profiles\/6b12d68f-29b8-41fb-82e0-80bd32ebe9d5",
            "\/api\/3\/netshot_output_report_profiles\/1b190f6f-6018-478c-9653-aabd4a607494"
        ],
        "netshotTargetOutputs": [
            "\/api\/3\/netshot_target_outputs\/2cb4f528-9fb2-4d98-82bc-a5ab65f5fcf2",
            "\/api\/3\/netshot_target_outputs\/375c753f-08f0-43ef-9c8f-b2b4ebff0d91",
            "\/api\/3\/netshot_target_outputs\/4959f8a1-d0a8-414f-a6bb-af0b35ea56f4"
        ],
        "rESTAPIMethod": "\/api\/3\/picklists\/77f8202b-2578-4ab5-a6c9-41ab8b78a6f3",
        "uuid": "42a66ca2-96a3-4653-a9a0-df5007c06eae",
        "createUser": "\/api\/3\/people\/3451141c-bac6-467c-8d72-85e0fab569ce",
        "createDate": 1744298734.164682,
        "modifyUser": "\/api\/3\/people\/3451141c-bac6-467c-8d72-85e0fab569ce",
        "modifyDate": 1744725124.192396,
        "recordTags": [
            "FMG",
            "Read"
        ]
    },
    {
        "@type": "NetshotTargetOutputProfiles",
        "orderPriority": 15,
        "name": "Fortinet Config",
        "outputResource": "show",
        "rESTAPIHeader": null,
        "rESTAPIBody": null,
        "zTPFManager": null,
        "zTPFDevice": null,
        "targetOutputMethod": "\/api\/3\/picklists\/1f43579a-1490-4c06-b186-f947954b1bd4",
        "dataType": "\/api\/3\/picklists\/421e8f86-e6e9-4529-aff8-60ca4f199557",
        "netshotOutputGroups": [
            "\/api\/3\/netshot_output_groups\/fa5b2cbc-4137-421d-bbbf-5e07d9d2d8cd",
            "\/api\/3\/netshot_output_groups\/d1db8e6d-5f4d-4936-8077-672090ad2ab3",
            "\/api\/3\/netshot_output_groups\/780ee8ac-cdb1-4fdb-b60a-6cbd5e8115ac",
            "\/api\/3\/netshot_output_groups\/cb4abec6-4b8a-4bbf-b6e1-542774094be4",
            "\/api\/3\/netshot_output_groups\/89839208-127b-47d5-b538-976788543ff9",
            "\/api\/3\/netshot_output_groups\/a1671074-e155-4370-bd00-66bc2b611150"
        ],
        "netshotTargets": [
            "\/api\/3\/netshot_targets\/80fcb457-4683-4dd8-b4ea-6c82ce56937c",
            "\/api\/3\/netshot_targets\/038e67d5-2d15-4290-bc3c-00895cb49184",
            "\/api\/3\/netshot_targets\/6ffed084-5041-49d9-8242-bfac29cc6774"
        ],
        "netshotDomains": [
            "\/api\/3\/netshot_domains\/9d908807-86a9-4d51-b63f-a89e90647643"
        ],
        "netshotOutputReportProfiles": [
            "\/api\/3\/netshot_output_report_profiles\/d4910353-a34b-4587-a23a-0da90a92fed6",
            "\/api\/3\/netshot_output_report_profiles\/cfc6099f-2a05-4ede-92d6-77651b9204bf"
        ],
        "netshotTargetOutputs": [
            "\/api\/3\/netshot_target_outputs\/c2db4591-3475-4989-809a-33f07621d047",
            "\/api\/3\/netshot_target_outputs\/2d2af2bc-3eac-4193-88e0-8a69ecc09a04",
            "\/api\/3\/netshot_target_outputs\/ed0410b9-3e95-44ff-ab93-4bf506d76fed",
            "\/api\/3\/netshot_target_outputs\/ce331ba7-2aad-420f-8d8f-ef5808e3d3e7",
            "\/api\/3\/netshot_target_outputs\/ea30cc41-23d3-42a9-82f2-e535555cbef8",
            "\/api\/3\/netshot_target_outputs\/bb5287f5-140f-4586-8913-70e0ecf726c7",
            "\/api\/3\/netshot_target_outputs\/d148a3f3-aa35-4b58-9ba0-3fd701872efc",
            "\/api\/3\/netshot_target_outputs\/516574dc-354d-44a9-bd93-a6441e472dd3",
            "\/api\/3\/netshot_target_outputs\/fbdc2ae4-0732-4152-95c2-11b3ffde6fb5"
        ],
        "rESTAPIMethod": "\/api\/3\/picklists\/77f8202b-2578-4ab5-a6c9-41ab8b78a6f3",
        "uuid": "756028c5-b094-48a4-982e-e1c9a29bbeac",
        "createUser": "\/api\/3\/people\/3451141c-bac6-467c-8d72-85e0fab569ce",
        "createDate": 1744312116.002014,
        "modifyUser": "\/api\/3\/people\/3451141c-bac6-467c-8d72-85e0fab569ce",
        "modifyDate": 1744725167.038035,
        "recordTags": [
            "FMG",
            "FOS",
            "Read"
        ]
    },
    {
        "@type": "NetshotTargetOutputProfiles",
        "orderPriority": 150,
        "name": "Get ADOMs",
        "outputResource": "https:\/\/{{target.device_ip}}\/jsonrpc",
        "rESTAPIHeader": "{ \n  \"Accept\": \"application\/json\",\n  \"Authorization\": \"Bearer {{target.device_apikey}}\"\n}",
        "rESTAPIBody": "{\n  \"id\": 1,\n  \"method\": \"get\",\n  \"params\": [\n    {\n      \"url\": \"\/dvmdb\/adom\"\n    }\n  ],\n  \"verbose\": 1\n}",
        "zTPFManager": null,
        "zTPFDevice": null,
        "targetOutputMethod": "\/api\/3\/picklists\/21060056-ba10-4cb1-9613-86d66f0db409",
        "dataType": "\/api\/3\/picklists\/3a622a58-780e-4be4-8240-2f6768825acb",
        "netshotOutputGroups": [
            "\/api\/3\/netshot_output_groups\/fa5b2cbc-4137-421d-bbbf-5e07d9d2d8cd",
            "\/api\/3\/netshot_output_groups\/89839208-127b-47d5-b538-976788543ff9",
            "\/api\/3\/netshot_output_groups\/a1671074-e155-4370-bd00-66bc2b611150"
        ],
        "netshotTargets": [
            "\/api\/3\/netshot_targets\/80fcb457-4683-4dd8-b4ea-6c82ce56937c"
        ],
        "netshotDomains": [
            "\/api\/3\/netshot_domains\/9d908807-86a9-4d51-b63f-a89e90647643"
        ],
        "netshotOutputReportProfiles": [
            "\/api\/3\/netshot_output_report_profiles\/24b7dd0a-102f-4b1f-9f3d-bae1cc8e21b3"
        ],
        "netshotTargetOutputs": [
            "\/api\/3\/netshot_target_outputs\/682bcfe4-4ca4-4930-9f08-1be519f99516",
            "\/api\/3\/netshot_target_outputs\/8d79506c-689e-429d-944d-49551e245ca4",
            "\/api\/3\/netshot_target_outputs\/03072985-d15f-45e6-abcf-c3281430df03",
            "\/api\/3\/netshot_target_outputs\/73b06f0f-5b39-4e45-976d-8f9ba4aa855c"
        ],
        "rESTAPIMethod": "\/api\/3\/picklists\/630b44e3-e030-4e3f-97aa-0986199aa0ff",
        "uuid": "f4a6ba7b-b888-41f3-afb8-580bf14871f5",
        "createUser": "\/api\/3\/people\/3451141c-bac6-467c-8d72-85e0fab569ce",
        "createDate": 1744298807.960076,
        "modifyUser": "\/api\/3\/people\/3451141c-bac6-467c-8d72-85e0fab569ce",
        "modifyDate": 1744725119.300101,
        "recordTags": [
            "FMG",
            "Read"
        ]
    },
    {
        "@type": "NetshotTargetOutputProfiles",
        "orderPriority": 200,
        "name": "Create Test Loopback",
        "outputResource": "config system interface\n    edit \"test_lo1\"\n        set vdom \"root\"\n        set type loopback\n        set description \"Test for {{target.name}}\"\n    next\nend\nshow system interface test_lo1",
        "rESTAPIHeader": null,
        "rESTAPIBody": null,
        "zTPFManager": null,
        "zTPFDevice": null,
        "targetOutputMethod": "\/api\/3\/picklists\/f822bb08-7185-4888-aad9-9c7e117d32d7",
        "dataType": "\/api\/3\/picklists\/421e8f86-e6e9-4529-aff8-60ca4f199557",
        "netshotOutputGroups": [
            "\/api\/3\/netshot_output_groups\/d1db8e6d-5f4d-4936-8077-672090ad2ab3",
            "\/api\/3\/netshot_output_groups\/780ee8ac-cdb1-4fdb-b60a-6cbd5e8115ac",
            "\/api\/3\/netshot_output_groups\/cb4abec6-4b8a-4bbf-b6e1-542774094be4"
        ],
        "netshotTargets": [],
        "netshotDomains": [],
        "netshotOutputReportProfiles": [
            "\/api\/3\/netshot_output_report_profiles\/868bba3e-bf46-429a-897d-dd8fab86c852"
        ],
        "netshotTargetOutputs": [],
        "rESTAPIMethod": "\/api\/3\/picklists\/77f8202b-2578-4ab5-a6c9-41ab8b78a6f3",
        "uuid": "32872a8e-41cf-4207-b507-4f97c35c0fea",
        "createUser": "\/api\/3\/people\/3451141c-bac6-467c-8d72-85e0fab569ce",
        "createDate": 1744392640.969789,
        "modifyUser": "\/api\/3\/people\/3451141c-bac6-467c-8d72-85e0fab569ce",
        "modifyDate": 1744739099.293183,
        "recordTags": [
            "Create",
            "FOS"
        ]
    },
    {
        "@type": "NetshotTargetOutputProfiles",
        "orderPriority": 201,
        "name": "Delete Test Loopback",
        "outputResource": "config system interface\n    delete \"test_lo\"\nend\nshow system interface test_lo",
        "rESTAPIHeader": null,
        "rESTAPIBody": null,
        "zTPFManager": null,
        "zTPFDevice": null,
        "targetOutputMethod": "\/api\/3\/picklists\/f822bb08-7185-4888-aad9-9c7e117d32d7",
        "dataType": "\/api\/3\/picklists\/421e8f86-e6e9-4529-aff8-60ca4f199557",
        "netshotOutputGroups": [
            "\/api\/3\/netshot_output_groups\/d1db8e6d-5f4d-4936-8077-672090ad2ab3",
            "\/api\/3\/netshot_output_groups\/780ee8ac-cdb1-4fdb-b60a-6cbd5e8115ac",
            "\/api\/3\/netshot_output_groups\/cb4abec6-4b8a-4bbf-b6e1-542774094be4"
        ],
        "netshotTargets": [],
        "netshotDomains": [],
        "netshotOutputReportProfiles": [
            "\/api\/3\/netshot_output_report_profiles\/0fc8ad3e-5711-4eef-bb0c-d74bf0c4d353"
        ],
        "netshotTargetOutputs": [],
        "rESTAPIMethod": "\/api\/3\/picklists\/77f8202b-2578-4ab5-a6c9-41ab8b78a6f3",
        "uuid": "e158bbc2-ac44-435d-b0a2-32fbcd5be1da",
        "createUser": "\/api\/3\/people\/3451141c-bac6-467c-8d72-85e0fab569ce",
        "createDate": 1744660248.089654,
        "modifyUser": "\/api\/3\/people\/3451141c-bac6-467c-8d72-85e0fab569ce",
        "modifyDate": 1744725109.177166,
        "recordTags": [
            "Delete",
            "FOS"
        ]
    },
    {
        "@type": "NetshotTargetOutputProfiles",
        "orderPriority": 800,
        "name": "Hello World - TEXT",
        "outputResource": "4be7a8aa-4d16-4af1-9efe-34c0f2df807b",
        "rESTAPIHeader": null,
        "rESTAPIBody": null,
        "zTPFManager": null,
        "zTPFDevice": null,
        "targetOutputMethod": "\/api\/3\/picklists\/19faaccd-9fea-4644-ad4c-9b78310d44be",
        "dataType": "\/api\/3\/picklists\/421e8f86-e6e9-4529-aff8-60ca4f199557",
        "netshotOutputGroups": [
            "\/api\/3\/netshot_output_groups\/5c37b347-8b09-44ab-9cfb-a948d19b55dd"
        ],
        "netshotTargets": [],
        "netshotDomains": [],
        "netshotOutputReportProfiles": [],
        "netshotTargetOutputs": [],
        "rESTAPIMethod": "\/api\/3\/picklists\/77f8202b-2578-4ab5-a6c9-41ab8b78a6f3",
        "uuid": "5482abc1-52cf-4591-ad7d-8f1e983af7c7",
        "createUser": "\/api\/3\/people\/3451141c-bac6-467c-8d72-85e0fab569ce",
        "createDate": 1744900521.018608,
        "modifyUser": "\/api\/3\/people\/3451141c-bac6-467c-8d72-85e0fab569ce",
        "modifyDate": 1744900643.308962,
        "recordTags": [
            "Hello World",
            "Read"
        ]
    },
    {
        "@type": "NetshotTargetOutputProfiles",
        "orderPriority": 801,
        "name": "Hello World - JSON",
        "outputResource": "35486ccd-6ab5-4522-976e-cba45ee9c829",
        "rESTAPIHeader": null,
        "rESTAPIBody": null,
        "zTPFManager": null,
        "zTPFDevice": null,
        "targetOutputMethod": "\/api\/3\/picklists\/19faaccd-9fea-4644-ad4c-9b78310d44be",
        "dataType": "\/api\/3\/picklists\/3a622a58-780e-4be4-8240-2f6768825acb",
        "netshotOutputGroups": [
            "\/api\/3\/netshot_output_groups\/5c37b347-8b09-44ab-9cfb-a948d19b55dd"
        ],
        "netshotTargets": [],
        "netshotDomains": [],
        "netshotOutputReportProfiles": [],
        "netshotTargetOutputs": [],
        "rESTAPIMethod": "\/api\/3\/picklists\/77f8202b-2578-4ab5-a6c9-41ab8b78a6f3",
        "uuid": "13f3393e-dc7e-4967-852c-3f9a1405c049",
        "createUser": "\/api\/3\/people\/3451141c-bac6-467c-8d72-85e0fab569ce",
        "createDate": 1744902630.840759,
        "modifyUser": "\/api\/3\/people\/3451141c-bac6-467c-8d72-85e0fab569ce",
        "modifyDate": 1744904250.775372,
        "recordTags": [
            "Hello World",
            "Read"
        ]
    }
]