{
    "@type": "Workflow",
    "triggerLimit": null,
    "name": "> clear netshot target output normalized data",
    "aliasName": null,
    "tag": null,
    "description": "Delete all normalized data from a target output record.",
    "isActive": true,
    "debug": false,
    "singleRecordExecution": false,
    "remoteExecutableFlag": false,
    "parameters": [
        "netshot_target_output_id"
    ],
    "synchronous": false,
    "collection": "\/api\/3\/workflow_collections\/47462724-61c5-401a-be3b-53b8154157f9",
    "versions": [],
    "triggerStep": "\/api\/3\/workflow_steps\/55e1bc10-7c9a-4ba8-b22c-a330f6c072e3",
    "steps": [
        {
            "@type": "WorkflowStep",
            "name": "find_output_record",
            "description": null,
            "arguments": {
                "query": {
                    "sort": [],
                    "limit": 30,
                    "logic": "AND",
                    "filters": [
                        {
                            "type": "primitive",
                            "field": "id",
                            "value": "{{vars.netshot_target_output_id}}",
                            "operator": "eq",
                            "_operator": "eq"
                        }
                    ],
                    "__selectFields": [
                        "name",
                        "id"
                    ]
                },
                "module": "netshot_target_outputs?$limit=1",
                "checkboxFields": true,
                "step_variables": {
                    "output_record_normalized_data": "{{vars.steps.find_output_record[0].normalizedData}}"
                }
            },
            "status": null,
            "top": "120",
            "left": "720",
            "stepType": "\/api\/3\/workflow_step_types\/b593663d-7d13-40ce-a3a3-96dece928770",
            "group": null,
            "uuid": "ba39e9ac-819f-49c8-9e13-ddab2e46fd74"
        },
        {
            "@type": "WorkflowStep",
            "name": "setup env",
            "description": null,
            "arguments": {
                "normalized_data": "{}",
                "netshot_target_output_id": "{{vars.input.params['netshot_target_output_id']}}"
            },
            "status": null,
            "top": "40",
            "left": "380",
            "stepType": "\/api\/3\/workflow_step_types\/04d0cf46-b6a8-42c4-8683-60a7eaa69e8f",
            "group": null,
            "uuid": "7a3c1c35-48ef-49ea-aac9-684a9fbe0ef0"
        },
        {
            "@type": "WorkflowStep",
            "name": "Start",
            "description": null,
            "arguments": {
                "__triggerLimit": true,
                "step_variables": {
                    "input": {
                        "params": []
                    }
                },
                "triggerOnSource": true,
                "triggerOnReplicate": false
            },
            "status": null,
            "top": "40",
            "left": "40",
            "stepType": "\/api\/3\/workflow_step_types\/b348f017-9a94-471f-87f8-ce88b6a7ad62",
            "group": null,
            "uuid": "55e1bc10-7c9a-4ba8-b22c-a330f6c072e3"
        },
        {
            "@type": "WorkflowStep",
            "name": "update record",
            "description": null,
            "arguments": {
                "resource": {
                    "normalizedData": "{{vars.normalized_data}}"
                },
                "operation": "Append",
                "collection": "{{vars.steps.find_output_record[0]['@id']}}",
                "__recommend": [],
                "collectionType": "\/api\/3\/netshot_target_outputs",
                "fieldOperation": {
                    "recordTags": "Append"
                },
                "step_variables": []
            },
            "status": null,
            "top": "200",
            "left": "380",
            "stepType": "\/api\/3\/workflow_step_types\/b593663d-7d13-40ce-a3a3-96dece928722",
            "group": null,
            "uuid": "e0fd2abb-47b1-4090-941d-6aa143d57d93"
        }
    ],
    "routes": [
        {
            "@type": "WorkflowRoute",
            "name": "find_output_record -> update record",
            "targetStep": "\/api\/3\/workflow_steps\/e0fd2abb-47b1-4090-941d-6aa143d57d93",
            "sourceStep": "\/api\/3\/workflow_steps\/ba39e9ac-819f-49c8-9e13-ddab2e46fd74",
            "label": null,
            "isExecuted": false,
            "group": null,
            "uuid": "c84a547a-67f7-4854-8ef1-45a962d39d4c"
        },
        {
            "@type": "WorkflowRoute",
            "name": "setup env -> find_output_record",
            "targetStep": "\/api\/3\/workflow_steps\/ba39e9ac-819f-49c8-9e13-ddab2e46fd74",
            "sourceStep": "\/api\/3\/workflow_steps\/7a3c1c35-48ef-49ea-aac9-684a9fbe0ef0",
            "label": null,
            "isExecuted": false,
            "group": null,
            "uuid": "540ca718-98c4-4797-979e-15c359746478"
        },
        {
            "@type": "WorkflowRoute",
            "name": "Start -> setup env",
            "targetStep": "\/api\/3\/workflow_steps\/7a3c1c35-48ef-49ea-aac9-684a9fbe0ef0",
            "sourceStep": "\/api\/3\/workflow_steps\/55e1bc10-7c9a-4ba8-b22c-a330f6c072e3",
            "label": null,
            "isExecuted": false,
            "group": null,
            "uuid": "fc753b45-f0b1-4ac5-8aab-9e053d9e46df"
        }
    ],
    "groups": [],
    "priority": "\/api\/3\/picklists\/2b563c61-ae2c-41c0-a85a-c9709585e3f2",
    "playbookOrigin": "\/api\/3\/picklists\/b6d710a9-a8ec-41ec-8817-fe9fa062fcdd",
    "isEditable": true,
    "uuid": "d85545f8-ff12-4192-bcdf-54d4c79d02a5",
    "owners": [],
    "isPrivate": false,
    "deletedAt": null,
    "recordTags": [
        "netshot_target_output_id"
    ]
}