{
    "@type": "Workflow",
    "triggerLimit": null,
    "name": "> netshot playbook - run id and create target output (1)",
    "aliasName": null,
    "tag": null,
    "description": null,
    "isActive": false,
    "debug": false,
    "singleRecordExecution": false,
    "remoteExecutableFlag": false,
    "parameters": [
        "target_record_id",
        "output_profile_fqid",
        "playbook_id",
        "data_type",
        "context"
    ],
    "synchronous": false,
    "collection": "\/api\/3\/workflow_collections\/47462724-61c5-401a-be3b-53b8154157f9",
    "versions": [],
    "triggerStep": "\/api\/3\/workflow_steps\/38d8eb04-ae4b-4298-bd38-bbc33fc7adfb",
    "steps": [
        {
            "@type": "WorkflowStep",
            "name": "create output",
            "description": null,
            "arguments": {
                "arguments": {
                    "context": "{{vars.context}}",
                    "is_json": "False",
                    "raw_data": "{{vars.playbook_results}}",
                    "data_type": "{{vars.data_type}}",
                    "timestamp": "",
                    "target_record_id": "{{vars.target_record_id}}",
                    "output_profile_fqid": "{{vars.output_profile_fqid}}"
                },
                "apply_async": false,
                "step_variables": [],
                "pass_parent_env": false,
                "pass_input_record": false,
                "workflowReference": "\/api\/3\/workflows\/335783b5-873d-47e3-a58a-31b56575258e"
            },
            "status": null,
            "top": "140",
            "left": "360",
            "stepType": "\/api\/3\/workflow_step_types\/74932bdc-b8b6-4d24-88c4-1a4dfbc524f3",
            "group": null,
            "uuid": "32009d08-5f0a-4333-885c-8d7f6d85c8fb"
        },
        {
            "@type": "WorkflowStep",
            "name": "create playbook results",
            "description": null,
            "arguments": {
                "playbook_results": "{{vars.steps.run_custom_playbook.output}}"
            },
            "status": null,
            "top": "140",
            "left": "680",
            "stepType": "\/api\/3\/workflow_step_types\/04d0cf46-b6a8-42c4-8683-60a7eaa69e8f",
            "group": null,
            "uuid": "35cbe71e-4652-4cc6-ac92-77aef0be9310"
        },
        {
            "@type": "WorkflowStep",
            "name": "run custom playbook",
            "description": null,
            "arguments": {
                "arguments": {
                    "target_id": "{{vars.target_record_id}}"
                },
                "apply_async": false,
                "step_variables": [],
                "pass_parent_env": false,
                "pass_input_record": false,
                "workflowReference": "{{vars.playbook_id}}"
            },
            "status": null,
            "top": "40",
            "left": "680",
            "stepType": "\/api\/3\/workflow_step_types\/74932bdc-b8b6-4d24-88c4-1a4dfbc524f3",
            "group": null,
            "uuid": "9ef39671-40d5-4ac1-a630-8d837081b0fa"
        },
        {
            "@type": "WorkflowStep",
            "name": "setup env",
            "description": null,
            "arguments": {
                "context": "{{vars.input.params.context}}",
                "data_type": "{{vars.input.params['data_type']}}",
                "playbook_id": "{{vars.input.params['playbook_id']}}",
                "target_record_id": "{{vars.input.params['target_record_id']}}",
                "output_profile_fqid": "{{vars.input.params['output_profile_fqid']}}"
            },
            "status": null,
            "top": "40",
            "left": "360",
            "stepType": "\/api\/3\/workflow_step_types\/04d0cf46-b6a8-42c4-8683-60a7eaa69e8f",
            "group": null,
            "uuid": "e23bae88-2a18-4267-b8f7-a053ff5a7a4b"
        },
        {
            "@type": "WorkflowStep",
            "name": "Start",
            "description": null,
            "arguments": {
                "__triggerLimit": true,
                "step_variables": {
                    "input": {
                        "params": []
                    }
                },
                "triggerOnSource": true,
                "triggerOnReplicate": false
            },
            "status": null,
            "top": "40",
            "left": "40",
            "stepType": "\/api\/3\/workflow_step_types\/b348f017-9a94-471f-87f8-ce88b6a7ad62",
            "group": null,
            "uuid": "38d8eb04-ae4b-4298-bd38-bbc33fc7adfb"
        }
    ],
    "routes": [
        {
            "@type": "WorkflowRoute",
            "name": "create playbook results -> create output",
            "targetStep": "\/api\/3\/workflow_steps\/32009d08-5f0a-4333-885c-8d7f6d85c8fb",
            "sourceStep": "\/api\/3\/workflow_steps\/35cbe71e-4652-4cc6-ac92-77aef0be9310",
            "label": null,
            "isExecuted": false,
            "group": null,
            "uuid": "20d570a8-4ee7-4cf4-9bbd-d1913ea94bfa"
        },
        {
            "@type": "WorkflowRoute",
            "name": "run playbook -> create playbook results",
            "targetStep": "\/api\/3\/workflow_steps\/35cbe71e-4652-4cc6-ac92-77aef0be9310",
            "sourceStep": "\/api\/3\/workflow_steps\/9ef39671-40d5-4ac1-a630-8d837081b0fa",
            "label": null,
            "isExecuted": false,
            "group": null,
            "uuid": "5be174c6-0506-4d5b-8866-a9034fa0bc70"
        },
        {
            "@type": "WorkflowRoute",
            "name": "setup env -> run playbook",
            "targetStep": "\/api\/3\/workflow_steps\/9ef39671-40d5-4ac1-a630-8d837081b0fa",
            "sourceStep": "\/api\/3\/workflow_steps\/e23bae88-2a18-4267-b8f7-a053ff5a7a4b",
            "label": null,
            "isExecuted": false,
            "group": null,
            "uuid": "b03380ab-32cd-4c42-87b9-986d370e4234"
        },
        {
            "@type": "WorkflowRoute",
            "name": "Start -> setup env",
            "targetStep": "\/api\/3\/workflow_steps\/e23bae88-2a18-4267-b8f7-a053ff5a7a4b",
            "sourceStep": "\/api\/3\/workflow_steps\/38d8eb04-ae4b-4298-bd38-bbc33fc7adfb",
            "label": null,
            "isExecuted": false,
            "group": null,
            "uuid": "6df3fdee-57e4-4ef6-ae53-a6efc18f4ef8"
        }
    ],
    "groups": [],
    "priority": "\/api\/3\/picklists\/2b563c61-ae2c-41c0-a85a-c9709585e3f2",
    "playbookOrigin": "\/api\/3\/picklists\/b6d710a9-a8ec-41ec-8817-fe9fa062fcdd",
    "isEditable": true,
    "uuid": "e48a1fd0-4ef9-414d-8fc3-521ab8fce50b",
    "owners": [],
    "isPrivate": false,
    "deletedAt": null,
    "recordTags": [
        "nmap_command",
        "Subroutine",
        "target_record_id"
    ]
}