{
    "@type": "Workflow",
    "triggerLimit": null,
    "name": "> netshot ssh - run script and create target output",
    "aliasName": null,
    "tag": null,
    "description": "Run SSH commands on a device in comma separated input.",
    "isActive": false,
    "debug": false,
    "singleRecordExecution": false,
    "remoteExecutableFlag": false,
    "parameters": [
        "asset_ip",
        "asset_user",
        "asset_password",
        "commands",
        "target_record_id",
        "output_profile_fqid",
        "output_context"
    ],
    "synchronous": false,
    "collection": "\/api\/3\/workflow_collections\/47462724-61c5-401a-be3b-53b8154157f9",
    "versions": [],
    "triggerStep": "\/api\/3\/workflow_steps\/ec6e8089-fdeb-4d5a-911c-66dbda23196c",
    "steps": [
        {
            "@type": "WorkflowStep",
            "name": "create output",
            "description": null,
            "arguments": {
                "arguments": {
                    "context": "{{vars.output_context}}",
                    "is_json": "",
                    "raw_data": "{{vars.ssh_output}}",
                    "data_type": "",
                    "timestamp": "",
                    "target_record_id": "{{vars.target_record_id}}",
                    "output_profile_fqid": "{{vars.output_profile_fqid}}"
                },
                "apply_async": false,
                "step_variables": [],
                "pass_parent_env": false,
                "pass_input_record": false,
                "workflowReference": "\/api\/3\/workflows\/335783b5-873d-47e3-a58a-31b56575258e"
            },
            "status": null,
            "top": "280",
            "left": "40",
            "stepType": "\/api\/3\/workflow_step_types\/74932bdc-b8b6-4d24-88c4-1a4dfbc524f3",
            "group": null,
            "uuid": "408aecdb-0402-488b-9a85-dcdd2168de46"
        },
        {
            "@type": "WorkflowStep",
            "name": "get ssh config",
            "description": null,
            "arguments": {
                "arguments": {
                    "host": "{{vars.asset_ip}}",
                    "password": "{{vars.asset_password}}",
                    "username": "{{vars.asset_user}}"
                },
                "apply_async": false,
                "step_variables": [],
                "pass_parent_env": false,
                "pass_input_record": false,
                "workflowReference": "\/api\/3\/workflows\/a42e3424-3bf9-4ef6-8dca-d1d5c84fb7c7"
            },
            "status": null,
            "top": "140",
            "left": "360",
            "stepType": "\/api\/3\/workflow_step_types\/74932bdc-b8b6-4d24-88c4-1a4dfbc524f3",
            "group": null,
            "uuid": "626672aa-ccf9-440a-8caa-e2a6030acbad"
        },
        {
            "@type": "WorkflowStep",
            "name": "setup env",
            "description": null,
            "arguments": {
                "asset_ip": "{{vars.input.params['asset_ip']}}",
                "commands": "{{vars.input.params.commands}}",
                "asset_user": "{{vars.input.params['asset_user']|default('admin')}}",
                "asset_password": "{{vars.input.params['asset_password']|default('fortinet')}}",
                "output_context": "{{vars.input.params['output_context']}}",
                "target_record_id": "{{vars.input.params['target_record_id']}}",
                "output_profile_fqid": "{{vars.input.params['output_profile_fqid']}}"
            },
            "status": null,
            "top": "40",
            "left": "360",
            "stepType": "\/api\/3\/workflow_step_types\/04d0cf46-b6a8-42c4-8683-60a7eaa69e8f",
            "group": null,
            "uuid": "c5020f68-82ad-4204-b1ac-7734e4cf71c2"
        },
        {
            "@type": "WorkflowStep",
            "name": "ssh_return",
            "description": null,
            "arguments": {
                "ssh_output": "{{vars.steps.ssh_script.data}}"
            },
            "status": null,
            "top": "120",
            "left": "40",
            "stepType": "\/api\/3\/workflow_step_types\/04d0cf46-b6a8-42c4-8683-60a7eaa69e8f",
            "group": null,
            "uuid": "d948e94e-78e4-464d-9f79-9fd364e99d2c"
        },
        {
            "@type": "WorkflowStep",
            "name": "ssh script",
            "description": null,
            "arguments": {
                "name": "SSH",
                "config": "{{vars.steps.get_ssh_config.output}}",
                "params": {
                    "cmd": "{{vars.commands}}",
                    "allowed_exit": "-1,0",
                    "is_super_user": false
                },
                "version": "2.1.2",
                "connector": "ssh",
                "operation": "run_remote_command",
                "operationTitle": "Execute remote command",
                "pickFromTenant": false,
                "step_variables": []
            },
            "status": null,
            "top": "240",
            "left": "360",
            "stepType": "\/api\/3\/workflow_step_types\/0bfed618-0316-11e7-93ae-92361f002671",
            "group": null,
            "uuid": "535bcc5f-5f5b-492d-9f52-811d1e3aae3f"
        },
        {
            "@type": "WorkflowStep",
            "name": "Start",
            "description": null,
            "arguments": {
                "__triggerLimit": true,
                "step_variables": {
                    "input": {
                        "params": []
                    }
                },
                "triggerOnSource": true,
                "triggerOnReplicate": false
            },
            "status": null,
            "top": "40",
            "left": "40",
            "stepType": "\/api\/3\/workflow_step_types\/b348f017-9a94-471f-87f8-ce88b6a7ad62",
            "group": null,
            "uuid": "ec6e8089-fdeb-4d5a-911c-66dbda23196c"
        }
    ],
    "routes": [
        {
            "@type": "WorkflowRoute",
            "name": "get ssh config -> ssh commands",
            "targetStep": "\/api\/3\/workflow_steps\/535bcc5f-5f5b-492d-9f52-811d1e3aae3f",
            "sourceStep": "\/api\/3\/workflow_steps\/626672aa-ccf9-440a-8caa-e2a6030acbad",
            "label": null,
            "isExecuted": false,
            "group": null,
            "uuid": "913f9f7f-7ba2-48e4-b218-fdaa6886f07a"
        },
        {
            "@type": "WorkflowRoute",
            "name": "setup env -> get ssh config",
            "targetStep": "\/api\/3\/workflow_steps\/626672aa-ccf9-440a-8caa-e2a6030acbad",
            "sourceStep": "\/api\/3\/workflow_steps\/c5020f68-82ad-4204-b1ac-7734e4cf71c2",
            "label": null,
            "isExecuted": false,
            "group": null,
            "uuid": "5ba5117e-4f0b-4bac-b989-720ee48fac50"
        },
        {
            "@type": "WorkflowRoute",
            "name": "ssh commands -> return",
            "targetStep": "\/api\/3\/workflow_steps\/d948e94e-78e4-464d-9f79-9fd364e99d2c",
            "sourceStep": "\/api\/3\/workflow_steps\/535bcc5f-5f5b-492d-9f52-811d1e3aae3f",
            "label": null,
            "isExecuted": false,
            "group": null,
            "uuid": "eae3b7ab-2c91-4e6d-a87b-381270248f47"
        },
        {
            "@type": "WorkflowRoute",
            "name": "ssh_return -> create output",
            "targetStep": "\/api\/3\/workflow_steps\/408aecdb-0402-488b-9a85-dcdd2168de46",
            "sourceStep": "\/api\/3\/workflow_steps\/d948e94e-78e4-464d-9f79-9fd364e99d2c",
            "label": null,
            "isExecuted": false,
            "group": null,
            "uuid": "e1f69a29-962a-4dac-9bdd-aa68dd5492c1"
        },
        {
            "@type": "WorkflowRoute",
            "name": "Start -> setup env",
            "targetStep": "\/api\/3\/workflow_steps\/c5020f68-82ad-4204-b1ac-7734e4cf71c2",
            "sourceStep": "\/api\/3\/workflow_steps\/ec6e8089-fdeb-4d5a-911c-66dbda23196c",
            "label": null,
            "isExecuted": false,
            "group": null,
            "uuid": "6c4dafed-baac-4b3d-a687-de030beb79bb"
        }
    ],
    "groups": [],
    "priority": "\/api\/3\/picklists\/2b563c61-ae2c-41c0-a85a-c9709585e3f2",
    "playbookOrigin": "\/api\/3\/picklists\/b6d710a9-a8ec-41ec-8817-fe9fa062fcdd",
    "isEditable": true,
    "uuid": "4383953d-f045-470d-b241-15a9ecf78b52",
    "owners": [],
    "isPrivate": false,
    "deletedAt": null,
    "recordTags": [
        "asset_ip",
        "asset_password",
        "asset_user",
        "commands",
        "Subroutine",
        "target_record_id:"
    ]
}