{
    "@type": "Workflow",
    "triggerLimit": null,
    "name": "> netshot ztpf - assign ztp profile and return results",
    "aliasName": null,
    "tag": null,
    "description": "Run a ZTPF Profile and monitor the results",
    "isActive": true,
    "debug": false,
    "singleRecordExecution": false,
    "remoteExecutableFlag": false,
    "parameters": [
        "target_record_id",
        "ztp_profile",
        "output_profile_fqid",
        "context",
        "ztpf_manager",
        "ztpf_device"
    ],
    "synchronous": false,
    "collection": "\/api\/3\/workflow_collections\/47462724-61c5-401a-be3b-53b8154157f9",
    "versions": [],
    "triggerStep": "\/api\/3\/workflow_steps\/0222d1d8-35ec-49bc-9308-196ec8c246b6",
    "steps": [
        {
            "@type": "WorkflowStep",
            "name": "assign ztp profile to ztpf device",
            "description": null,
            "arguments": {
                "resource": {
                    "zTPProfiles": "{{vars.steps.find_ztpf_profile[0]['@id']}}"
                },
                "operation": "Append",
                "collection": "{{vars.steps.find_ztpf_device[0]['@id']}}",
                "__recommend": [],
                "collectionType": "\/api\/3\/devices",
                "fieldOperation": [],
                "step_variables": []
            },
            "status": null,
            "top": "340",
            "left": "540",
            "stepType": "\/api\/3\/workflow_step_types\/b593663d-7d13-40ce-a3a3-96dece928722",
            "group": null,
            "uuid": "59ec5a1e-385e-498f-af39-7d4968fea0f2"
        },
        {
            "@type": "WorkflowStep",
            "name": "create jinja vars",
            "description": null,
            "arguments": {
                "jinja_vars": "{%- set v = {} -%}\n{%- do v.update({\"target\":vars.steps.get_target_jinja_vars.output}) -%}\n{{v}}\n"
            },
            "status": null,
            "top": "40",
            "left": "620",
            "stepType": "\/api\/3\/workflow_step_types\/04d0cf46-b6a8-42c4-8683-60a7eaa69e8f",
            "group": null,
            "uuid": "b07ea6e3-79c1-4bac-b182-9c76dfb874b5"
        },
        {
            "@type": "WorkflowStep",
            "name": "create output",
            "description": null,
            "arguments": {
                "arguments": {
                    "context": "{{vars.context}}",
                    "is_json": "{{vars.is_json}}",
                    "raw_data": "{{vars.ztpf_device_handler|tojson}}",
                    "data_type": "{{vars.data_type}}",
                    "timestamp": "",
                    "target_record_id": "{{vars.target_record_id}}",
                    "output_profile_fqid": "{{vars.output_profile_fqid}}"
                },
                "apply_async": false,
                "step_variables": [],
                "pass_parent_env": false,
                "pass_input_record": false,
                "workflowReference": "\/api\/3\/workflows\/335783b5-873d-47e3-a58a-31b56575258e"
            },
            "status": null,
            "top": "340",
            "left": "820",
            "stepType": "\/api\/3\/workflow_step_types\/74932bdc-b8b6-4d24-88c4-1a4dfbc524f3",
            "group": null,
            "uuid": "9e5db80c-79cb-4d05-881c-eb2d2042be38"
        },
        {
            "@type": "WorkflowStep",
            "name": "enahnce ztpf vars",
            "description": null,
            "arguments": {
                "ztp_profile": "{{vars.steps.jinja_render_ztp_profile.output}}",
                "ztpf_device": "{{vars.steps.jinja_render_ztpf_device.output}}",
                "ztpf_manager": "{{vars.steps.jinja_render_ztpf_manager.output}}"
            },
            "status": null,
            "top": "120",
            "left": "620",
            "stepType": "\/api\/3\/workflow_step_types\/04d0cf46-b6a8-42c4-8683-60a7eaa69e8f",
            "group": null,
            "uuid": "b7a0874e-8a7e-4a33-b281-32a4ff81fd68"
        },
        {
            "@type": "WorkflowStep",
            "name": "find ztpf device",
            "description": null,
            "arguments": {
                "query": {
                    "sort": [],
                    "limit": 30,
                    "logic": "AND",
                    "filters": [
                        {
                            "type": "primitive",
                            "field": "connectorConfig",
                            "value": "{{vars.ztpf_manager}}",
                            "operator": "eq",
                            "_operator": "eq"
                        },
                        {
                            "type": "primitive",
                            "field": "deviceName",
                            "value": "{{vars.ztpf_device}}",
                            "operator": "eq",
                            "_operator": "eq"
                        }
                    ],
                    "__selectFields": [
                        "deviceName",
                        "zTPProfiles",
                        "id",
                        "deviceMetadata"
                    ]
                },
                "module": "devices?$limit=1",
                "checkboxFields": true,
                "step_variables": {
                    "find_ztpf_device": "{{vars.steps.find_ztpf_device}}"
                }
            },
            "status": null,
            "top": "260",
            "left": "1100",
            "stepType": "\/api\/3\/workflow_step_types\/b593663d-7d13-40ce-a3a3-96dece928770",
            "group": null,
            "uuid": "664e34ff-7580-4bac-a48a-912198d9c341"
        },
        {
            "@type": "WorkflowStep",
            "name": "find ztpf device complete",
            "description": null,
            "arguments": {
                "query": {
                    "sort": [],
                    "limit": 30,
                    "logic": "AND",
                    "filters": [
                        {
                            "type": "primitive",
                            "field": "id",
                            "value": "{{vars.steps.find_ztpf_device[0].id}}",
                            "operator": "eq",
                            "_operator": "eq"
                        }
                    ],
                    "__selectFields": [
                        "deviceName",
                        "deviceMetadata",
                        "zTPProfileStarted",
                        "zTPPhaseLast",
                        "zTPStatus",
                        "zTPProfileCompleted",
                        "reportMarkdown"
                    ]
                },
                "module": "devices?$limit=1",
                "checkboxFields": true,
                "step_variables": {
                    "find_ztpf_device_complete": "{{vars.steps.find_ztpf_device_complete}}"
                }
            },
            "status": null,
            "top": "500",
            "left": "540",
            "stepType": "\/api\/3\/workflow_step_types\/b593663d-7d13-40ce-a3a3-96dece928770",
            "group": null,
            "uuid": "d2b1e189-30a3-4a50-9edb-fb56a9562952"
        },
        {
            "@type": "WorkflowStep",
            "name": "find ztpf profile",
            "description": null,
            "arguments": {
                "query": {
                    "sort": [],
                    "limit": 30,
                    "logic": "AND",
                    "filters": [
                        {
                            "type": "primitive",
                            "field": "name",
                            "value": "{{vars.ztp_profile}}",
                            "operator": "eq",
                            "_operator": "eq"
                        }
                    ],
                    "__selectFields": [
                        "name",
                        "id"
                    ]
                },
                "module": "z_t_p_profiles?$limit=1",
                "checkboxFields": true,
                "step_variables": {
                    "find_ztpf_profile": "{{vars.steps.find_ztpf_profile}}"
                }
            },
            "status": null,
            "top": "260",
            "left": "540",
            "stepType": "\/api\/3\/workflow_step_types\/b593663d-7d13-40ce-a3a3-96dece928770",
            "group": null,
            "uuid": "7e5fa7bb-2be4-4aff-abd2-e01192e4d6a7"
        },
        {
            "@type": "WorkflowStep",
            "name": "get target jinja vars",
            "description": null,
            "arguments": {
                "arguments": {
                    "target_id": "{{vars.target_record_id}}"
                },
                "apply_async": false,
                "step_variables": [],
                "pass_parent_env": false,
                "pass_input_record": false,
                "workflowReference": "\/api\/3\/workflows\/d8a5ef7f-2342-466b-b230-00c8ef0f3bb6"
            },
            "status": null,
            "top": "120",
            "left": "320",
            "stepType": "\/api\/3\/workflow_step_types\/74932bdc-b8b6-4d24-88c4-1a4dfbc524f3",
            "group": null,
            "uuid": "e59dff44-5092-4ecb-98f1-60432fff9a10"
        },
        {
            "@type": "WorkflowStep",
            "name": "jinja render ztpf_device",
            "description": null,
            "arguments": {
                "when": "{{vars.ztpf_device not in ['',None]}}",
                "arguments": {
                    "jinja_vars": "{{vars.jinja_vars}}",
                    "jinja_template": "{{vars.ztpf_device}}"
                },
                "apply_async": false,
                "step_variables": [],
                "pass_parent_env": false,
                "pass_input_record": false,
                "workflowReference": "\/api\/3\/workflows\/7f7bd93a-d201-452e-8283-8bb583e3e85a"
            },
            "status": null,
            "top": "120",
            "left": "900",
            "stepType": "\/api\/3\/workflow_step_types\/74932bdc-b8b6-4d24-88c4-1a4dfbc524f3",
            "group": null,
            "uuid": "efcdfaab-5392-4792-a828-146dc9dc9c9a"
        },
        {
            "@type": "WorkflowStep",
            "name": "jinja render ztpf_manager",
            "description": null,
            "arguments": {
                "when": "{{vars.ztpf_manager not in ['',None]}}",
                "arguments": {
                    "jinja_vars": "{{vars.jinja_vars}}",
                    "jinja_template": "{{vars.ztpf_manager}}"
                },
                "apply_async": false,
                "step_variables": [],
                "pass_parent_env": false,
                "pass_input_record": false,
                "workflowReference": "\/api\/3\/workflows\/7f7bd93a-d201-452e-8283-8bb583e3e85a"
            },
            "status": null,
            "top": "80",
            "left": "1200",
            "stepType": "\/api\/3\/workflow_step_types\/74932bdc-b8b6-4d24-88c4-1a4dfbc524f3",
            "group": null,
            "uuid": "6006e1c7-98cd-4491-a9f8-952257449398"
        },
        {
            "@type": "WorkflowStep",
            "name": "jinja render ztp_profile",
            "description": null,
            "arguments": {
                "when": "{{vars.ztp_profile not in ['',None]}}",
                "arguments": {
                    "jinja_vars": "{{vars.jinja_vars}}",
                    "jinja_template": "{{vars.ztp_profile}}"
                },
                "apply_async": false,
                "step_variables": [],
                "pass_parent_env": false,
                "pass_input_record": false,
                "workflowReference": "\/api\/3\/workflows\/7f7bd93a-d201-452e-8283-8bb583e3e85a"
            },
            "status": null,
            "top": "40",
            "left": "900",
            "stepType": "\/api\/3\/workflow_step_types\/74932bdc-b8b6-4d24-88c4-1a4dfbc524f3",
            "group": null,
            "uuid": "5c9f5b14-5862-48a0-8b3f-2e711ad60fdc"
        },
        {
            "@type": "WorkflowStep",
            "name": "setup env",
            "description": null,
            "arguments": {
                "context": "{{vars.input.params.context}}",
                "is_json": "true",
                "data_type": "json",
                "ztp_profile": "{{vars.input.params['ztp_profile']}}",
                "ztpf_device": "{{vars.input.params['ztpf_device']}}",
                "ztpf_manager": "{{vars.input.params['ztpf_manager']}}",
                "target_record_id": "{{vars.input.params['target_record_id']}}",
                "output_profile_fqid": "{{vars.input.params['output_profile_fqid']}}"
            },
            "status": null,
            "top": "40",
            "left": "320",
            "stepType": "\/api\/3\/workflow_step_types\/04d0cf46-b6a8-42c4-8683-60a7eaa69e8f",
            "group": null,
            "uuid": "df33395d-5765-4f5e-83df-56a60f134c7f"
        },
        {
            "@type": "WorkflowStep",
            "name": "Start",
            "description": null,
            "arguments": {
                "__triggerLimit": true,
                "step_variables": {
                    "input": {
                        "params": []
                    }
                },
                "triggerOnSource": true,
                "triggerOnReplicate": false
            },
            "status": null,
            "top": "40",
            "left": "40",
            "stepType": "\/api\/3\/workflow_step_types\/b348f017-9a94-471f-87f8-ce88b6a7ad62",
            "group": null,
            "uuid": "0222d1d8-35ec-49bc-9308-196ec8c246b6"
        },
        {
            "@type": "WorkflowStep",
            "name": "update output source data",
            "description": null,
            "arguments": {
                "resource": {
                    "sourceData": "{{vars.ztpf_device_handler|toJSON}}"
                },
                "operation": "Append",
                "collection": "{{vars.steps.create_output.output['@id']}}",
                "__recommend": [],
                "collectionType": "\/api\/3\/netshot_target_outputs",
                "fieldOperation": {
                    "recordTags": "Append"
                },
                "step_variables": []
            },
            "status": null,
            "top": "500",
            "left": "220",
            "stepType": "\/api\/3\/workflow_step_types\/b593663d-7d13-40ce-a3a3-96dece928722",
            "group": null,
            "uuid": "c632d5bb-7bb1-47b3-b90f-0ed513ecac6c"
        },
        {
            "@type": "WorkflowStep",
            "name": "wait ztpf device complete",
            "description": null,
            "arguments": {
                "rule": {
                    "actions": [
                        {
                            "type": "resume_playbook",
                            "enabled": true,
                            "channel_uuid": "e2ce87c2-c55a-11ec-9d64-0242ac120002"
                        }
                    ],
                    "is_active": true,
                    "event_type": "update",
                    "entity_name": "Devices",
                    "entity_type": "devices",
                    "event_source": "crudhub",
                    "trigger_condition": {
                        "sort": [],
                        "limit": 30,
                        "logic": "AND",
                        "filters": [
                            {
                                "type": "object",
                                "field": "zTPProfiles",
                                "value": "{{vars.steps.find_ztpf_profile[0]['@id']}}",
                                "_value": {
                                    "@id": "{{vars.steps.find_ztpf_profile[0]['@id']}}",
                                    "display": "",
                                    "itemValue": ""
                                },
                                "operator": "neq"
                            }
                        ]
                    }
                },
                "type": "ConditionBased",
                "delay": {
                    "days": 0,
                    "hours": 0,
                    "minutes": 0,
                    "seconds": 0
                },
                "timeout": {
                    "days": 0,
                    "hours": 3,
                    "step_iri": "\/api\/3\/workflow_steps\/c1421423-2ee3-478c-a596-409c6928d024"
                },
                "step_variables": []
            },
            "status": null,
            "top": "420",
            "left": "540",
            "stepType": "\/api\/3\/workflow_step_types\/6832e556-b9c7-497a-babe-feda3bd27dbf",
            "group": null,
            "uuid": "5f92e289-772e-48de-a37e-e506692661ed"
        },
        {
            "@type": "WorkflowStep",
            "name": "ztpf device complete var",
            "description": null,
            "arguments": {
                "ztpf_device_handler": "{%- set idx = {} -%}\n{%- set dev = vars.find_ztpf_device_complete[0] -%}\n{%- set md = vars.find_ztpf_device_complete[0].deviceMetadata|from_json -%}\n{%- do dev.update({\"deviceMetadata\":md}) -%}\n{%- do idx.update({\n  \"message\":\"Profile complete.\",\n  \"ztpf_device\":dev\n}) -%}\n{{idx}}"
            },
            "status": null,
            "top": "580",
            "left": "540",
            "stepType": "\/api\/3\/workflow_step_types\/04d0cf46-b6a8-42c4-8683-60a7eaa69e8f",
            "group": null,
            "uuid": "4fb6bcc3-5689-4185-8876-7d4247faa4e3"
        },
        {
            "@type": "WorkflowStep",
            "name": "ztpf device vars",
            "description": null,
            "arguments": {
                "ztpf_device_handler": "{%- set idx = {} -%}\n{%- set dev = vars.find_ztpf_device[0] -%}\n{%- set md = vars.find_ztpf_device[0].deviceMetadata|from_json -%}\n{%- do dev.update({\"deviceMetadata\":md}) -%}\n{%- do idx.update({\n  \"assign_profile\":false,\n  \"message\":\"Profile not assigned by default. Check playbook conditions in steps.\",\n  \"ztpf_device\":dev\n}) -%}\n{%- if vars.find_ztpf_device[0].zTPProfiles in ['',None,null] -%}\n  {%- do idx.update({\n    \"assign_profile\":true,\n    \"message\":\"Assign ZTP Profile to ZTPF Device ID \" ~ vars.find_ztpf_device[0].id\n  }) -%}\n{%- endif -%}\n{{idx}}"
            },
            "status": null,
            "top": "340",
            "left": "1100",
            "stepType": "\/api\/3\/workflow_step_types\/04d0cf46-b6a8-42c4-8683-60a7eaa69e8f",
            "group": null,
            "uuid": "18aa5bad-64d3-4ffc-9dc9-2edeedb34cd5"
        },
        {
            "@type": "WorkflowStep",
            "name": "ztpf synchDB",
            "description": null,
            "arguments": {
                "arguments": {
                    "connector_config": "{{vars.ztpf_manager}}"
                },
                "apply_async": false,
                "step_variables": [],
                "pass_parent_env": false,
                "pass_input_record": false,
                "workflowReference": "\/api\/3\/workflows\/7aa66310-639d-417a-9762-bc361df824ad"
            },
            "status": null,
            "top": "260",
            "left": "820",
            "stepType": "\/api\/3\/workflow_step_types\/74932bdc-b8b6-4d24-88c4-1a4dfbc524f3",
            "group": null,
            "uuid": "5c145925-e442-4582-a742-85f37432074b"
        },
        {
            "@type": "WorkflowStep",
            "name": "ztpf timeout",
            "description": null,
            "arguments": [],
            "status": null,
            "top": "500",
            "left": "860",
            "stepType": "\/api\/3\/workflow_step_types\/04d0cf46-b6a8-42c4-8683-60a7eaa69e8f",
            "group": null,
            "uuid": "40642698-b4d1-4709-bf34-65b1004ec0b8"
        }
    ],
    "routes": [
        {
            "@type": "WorkflowRoute",
            "name": "assign ztp profile to ztpf device -> wait ztpf device complete",
            "targetStep": "\/api\/3\/workflow_steps\/5f92e289-772e-48de-a37e-e506692661ed",
            "sourceStep": "\/api\/3\/workflow_steps\/59ec5a1e-385e-498f-af39-7d4968fea0f2",
            "label": null,
            "isExecuted": false,
            "group": null,
            "uuid": "e266cd78-50f5-4568-b5bd-e6cb0b1299a5"
        },
        {
            "@type": "WorkflowRoute",
            "name": "create jinja vars -> Copy of jinja render api_resource",
            "targetStep": "\/api\/3\/workflow_steps\/5c9f5b14-5862-48a0-8b3f-2e711ad60fdc",
            "sourceStep": "\/api\/3\/workflow_steps\/b07ea6e3-79c1-4bac-b182-9c76dfb874b5",
            "label": null,
            "isExecuted": false,
            "group": null,
            "uuid": "be3c0631-1fb0-4184-ba8f-dc68c8be2a88"
        },
        {
            "@type": "WorkflowRoute",
            "name": "create output -> assign ztp profile to ztpf device",
            "targetStep": "\/api\/3\/workflow_steps\/59ec5a1e-385e-498f-af39-7d4968fea0f2",
            "sourceStep": "\/api\/3\/workflow_steps\/9e5db80c-79cb-4d05-881c-eb2d2042be38",
            "label": null,
            "isExecuted": false,
            "group": null,
            "uuid": "8ef28fa7-7bce-4d12-9775-bb79796f5dd7"
        },
        {
            "@type": "WorkflowRoute",
            "name": "enahnce ztpf vars -> find ztpf profile",
            "targetStep": "\/api\/3\/workflow_steps\/7e5fa7bb-2be4-4aff-abd2-e01192e4d6a7",
            "sourceStep": "\/api\/3\/workflow_steps\/b7a0874e-8a7e-4a33-b281-32a4ff81fd68",
            "label": null,
            "isExecuted": false,
            "group": null,
            "uuid": "6a3b821b-1cbc-43c2-a493-576b1f9b7326"
        },
        {
            "@type": "WorkflowRoute",
            "name": "find ztpf device complete -> ztpf device complete var",
            "targetStep": "\/api\/3\/workflow_steps\/4fb6bcc3-5689-4185-8876-7d4247faa4e3",
            "sourceStep": "\/api\/3\/workflow_steps\/d2b1e189-30a3-4a50-9edb-fb56a9562952",
            "label": null,
            "isExecuted": false,
            "group": null,
            "uuid": "ac7d5d9b-e0a4-49cd-8c48-8c504217623c"
        },
        {
            "@type": "WorkflowRoute",
            "name": "find ztpf device -> ztpf device vars",
            "targetStep": "\/api\/3\/workflow_steps\/18aa5bad-64d3-4ffc-9dc9-2edeedb34cd5",
            "sourceStep": "\/api\/3\/workflow_steps\/664e34ff-7580-4bac-a48a-912198d9c341",
            "label": null,
            "isExecuted": false,
            "group": null,
            "uuid": "6ae961d9-4323-4947-864e-05bd94157630"
        },
        {
            "@type": "WorkflowRoute",
            "name": "find ztpf profile -> ztpf synchDB",
            "targetStep": "\/api\/3\/workflow_steps\/5c145925-e442-4582-a742-85f37432074b",
            "sourceStep": "\/api\/3\/workflow_steps\/7e5fa7bb-2be4-4aff-abd2-e01192e4d6a7",
            "label": null,
            "isExecuted": false,
            "group": null,
            "uuid": "c808f6e9-41c9-4179-aaee-cfe5837ed4de"
        },
        {
            "@type": "WorkflowRoute",
            "name": "get target record vars -> create jinja vars",
            "targetStep": "\/api\/3\/workflow_steps\/b07ea6e3-79c1-4bac-b182-9c76dfb874b5",
            "sourceStep": "\/api\/3\/workflow_steps\/e59dff44-5092-4ecb-98f1-60432fff9a10",
            "label": null,
            "isExecuted": false,
            "group": null,
            "uuid": "7e079f84-2656-4c49-a5d9-0f1f26de2145"
        },
        {
            "@type": "WorkflowRoute",
            "name": "jinja render ztpf_device -> enahnce ztpf vars",
            "targetStep": "\/api\/3\/workflow_steps\/b7a0874e-8a7e-4a33-b281-32a4ff81fd68",
            "sourceStep": "\/api\/3\/workflow_steps\/efcdfaab-5392-4792-a828-146dc9dc9c9a",
            "label": null,
            "isExecuted": false,
            "group": null,
            "uuid": "8da4fb1c-d6fa-4e1b-9643-4039b51d6af9"
        },
        {
            "@type": "WorkflowRoute",
            "name": "jinja render ztpf_manager -> Copy of jinja render ztpf_manager",
            "targetStep": "\/api\/3\/workflow_steps\/efcdfaab-5392-4792-a828-146dc9dc9c9a",
            "sourceStep": "\/api\/3\/workflow_steps\/6006e1c7-98cd-4491-a9f8-952257449398",
            "label": null,
            "isExecuted": false,
            "group": null,
            "uuid": "a1919410-b6cb-4a32-9815-64ceb21b9425"
        },
        {
            "@type": "WorkflowRoute",
            "name": "jinja render ztp_profile -> Copy of jinja render ztp_profile",
            "targetStep": "\/api\/3\/workflow_steps\/6006e1c7-98cd-4491-a9f8-952257449398",
            "sourceStep": "\/api\/3\/workflow_steps\/5c9f5b14-5862-48a0-8b3f-2e711ad60fdc",
            "label": null,
            "isExecuted": false,
            "group": null,
            "uuid": "6ebbc05c-1be8-4674-b6be-2a33d450f62d"
        },
        {
            "@type": "WorkflowRoute",
            "name": "setup env -> get target record vars",
            "targetStep": "\/api\/3\/workflow_steps\/e59dff44-5092-4ecb-98f1-60432fff9a10",
            "sourceStep": "\/api\/3\/workflow_steps\/df33395d-5765-4f5e-83df-56a60f134c7f",
            "label": null,
            "isExecuted": false,
            "group": null,
            "uuid": "1bd63913-cf5a-4459-88a3-82ee66e22384"
        },
        {
            "@type": "WorkflowRoute",
            "name": "Start -> setup env",
            "targetStep": "\/api\/3\/workflow_steps\/df33395d-5765-4f5e-83df-56a60f134c7f",
            "sourceStep": "\/api\/3\/workflow_steps\/0222d1d8-35ec-49bc-9308-196ec8c246b6",
            "label": null,
            "isExecuted": false,
            "group": null,
            "uuid": "7dd5bcd5-901c-4319-9c1f-102274015681"
        },
        {
            "@type": "WorkflowRoute",
            "name": "wait ztpf device complete -> find ztpf device complete",
            "targetStep": "\/api\/3\/workflow_steps\/d2b1e189-30a3-4a50-9edb-fb56a9562952",
            "sourceStep": "\/api\/3\/workflow_steps\/5f92e289-772e-48de-a37e-e506692661ed",
            "label": null,
            "isExecuted": false,
            "group": null,
            "uuid": "7daa429c-f423-41e7-aba7-cb8dca973b8f"
        },
        {
            "@type": "WorkflowRoute",
            "name": "wait ztpf device complete -> ztpf timeout",
            "targetStep": "\/api\/3\/workflow_steps\/40642698-b4d1-4709-bf34-65b1004ec0b8",
            "sourceStep": "\/api\/3\/workflow_steps\/5f92e289-772e-48de-a37e-e506692661ed",
            "label": null,
            "isExecuted": false,
            "group": null,
            "uuid": "a6e937d1-a585-498d-96f9-d7b7dc3503d4"
        },
        {
            "@type": "WorkflowRoute",
            "name": "ztpf device complete var -> update output",
            "targetStep": "\/api\/3\/workflow_steps\/c632d5bb-7bb1-47b3-b90f-0ed513ecac6c",
            "sourceStep": "\/api\/3\/workflow_steps\/4fb6bcc3-5689-4185-8876-7d4247faa4e3",
            "label": null,
            "isExecuted": false,
            "group": null,
            "uuid": "2e0172f4-17f1-42ac-a4ec-524aed99d610"
        },
        {
            "@type": "WorkflowRoute",
            "name": "ztpf device vars -> create output",
            "targetStep": "\/api\/3\/workflow_steps\/9e5db80c-79cb-4d05-881c-eb2d2042be38",
            "sourceStep": "\/api\/3\/workflow_steps\/18aa5bad-64d3-4ffc-9dc9-2edeedb34cd5",
            "label": null,
            "isExecuted": false,
            "group": null,
            "uuid": "8cef479c-d60e-4ae7-a52d-0da8d9d04522"
        },
        {
            "@type": "WorkflowRoute",
            "name": "ztpf synchDB -> find ztpf device",
            "targetStep": "\/api\/3\/workflow_steps\/664e34ff-7580-4bac-a48a-912198d9c341",
            "sourceStep": "\/api\/3\/workflow_steps\/5c145925-e442-4582-a742-85f37432074b",
            "label": null,
            "isExecuted": false,
            "group": null,
            "uuid": "18333106-b0b6-4f7c-a92e-0e4f69011a86"
        }
    ],
    "groups": [
        {
            "@type": "WorkflowGroup",
            "name": "ZTPF Process",
            "description": "1. Create Netshot data with ZTPF device data.\n2. Refresh the DeviceDB for the Manager in ZTPF. \n3. Find the ZTPF Device record and confirm there is no profile assigned. \n4. Assign the profile to the device and wait for ZTPF to complete the profile. \n5. Update the Netshot data record with the results from ZTPF.",
            "type": "note",
            "isCollapsed": false,
            "hasTriggerStep": false,
            "hideInLogs": false,
            "metadata": [],
            "reusable": false,
            "top": "260",
            "left": "20",
            "height": "214",
            "width": "498",
            "uuid": "d5de017c-fd65-4f91-a358-b2bf45892d8d",
            "recordTags": []
        }
    ],
    "priority": "\/api\/3\/picklists\/2b563c61-ae2c-41c0-a85a-c9709585e3f2",
    "playbookOrigin": "\/api\/3\/picklists\/b6d710a9-a8ec-41ec-8817-fe9fa062fcdd",
    "isEditable": true,
    "uuid": "de0332f8-c72b-4ae4-b3d2-d505e66bcf12",
    "owners": [],
    "isPrivate": false,
    "deletedAt": null,
    "recordTags": [
        "asset_ip",
        "nmap_command",
        "Subroutine",
        "target_record_id"
    ]
}