{
    "@type": "Workflow",
    "triggerLimit": null,
    "name": "> netshot nmap - run command and return results",
    "aliasName": null,
    "tag": null,
    "description": "Run NMAP and return the results.",
    "isActive": true,
    "debug": false,
    "singleRecordExecution": false,
    "remoteExecutableFlag": false,
    "parameters": [
        "asset_ip",
        "nmap_command"
    ],
    "synchronous": false,
    "collection": "\/api\/3\/workflow_collections\/47462724-61c5-401a-be3b-53b8154157f9",
    "versions": [],
    "triggerStep": "\/api\/3\/workflow_steps\/a4f51a54-ac14-4601-bcf3-e2cb646bdf78",
    "steps": [
        {
            "@type": "WorkflowStep",
            "name": "create output",
            "description": null,
            "arguments": {
                "arguments": {
                    "context": "nmap {{vars.nmap_command}}",
                    "is_json": "True",
                    "raw_data": "{{vars.nmap_data|tojson}}",
                    "data_type": "json",
                    "timestamp": "",
                    "target_record_id": "{{vars.target_record_id}}",
                    "output_profile_fqid": "{{vars.output_profile_fqid}}"
                },
                "apply_async": false,
                "step_variables": [],
                "pass_parent_env": false,
                "pass_input_record": false,
                "workflowReference": "\/api\/3\/workflows\/335783b5-873d-47e3-a58a-31b56575258e"
            },
            "status": null,
            "top": "340",
            "left": "340",
            "stepType": "\/api\/3\/workflow_step_types\/74932bdc-b8b6-4d24-88c4-1a4dfbc524f3",
            "group": null,
            "uuid": "15143bd0-7fbb-48c4-a16e-1321e5b77617"
        },
        {
            "@type": "WorkflowStep",
            "name": "nmap_results",
            "description": null,
            "arguments": {
                "nmap_data": "{{vars.steps.nmap_scan.data['code_output']}}"
            },
            "status": null,
            "top": "120",
            "left": "360",
            "stepType": "\/api\/3\/workflow_step_types\/04d0cf46-b6a8-42c4-8683-60a7eaa69e8f",
            "group": null,
            "uuid": "e0e9c8c6-30ea-4ac9-9c36-5a21140b1762"
        },
        {
            "@type": "WorkflowStep",
            "name": "nmap scan",
            "description": null,
            "arguments": {
                "config": "c9ed51c2-098a-4673-965c-18ba75e72773",
                "params": {
                    "python_function": "import json, nmap\r\n\r\ndef port_scan(params):\r\n    network = params.get('network')\r\n    args = params.get('args')\r\n    nm = nmap.PortScanner()\r\n    scan_output = nm.scan(hosts=network,arguments=args)\r\n    return json.loads(json.dumps(scan_output))\r\n  \r\nprint(port_scan({\r\n  \"network\":\"{{vars.asset_ip}}\/32\",\r\n  \"args\":\"{{vars.nmap_command}}\"\r\n}))"
                },
                "version": "2.1.3",
                "connector": "code-snippet",
                "operation": "python_inline_code_editor",
                "operationTitle": "Execute Python Code",
                "step_variables": []
            },
            "status": null,
            "top": "80",
            "left": "720",
            "stepType": "\/api\/3\/workflow_step_types\/1fdd14cc-d6b4-4335-a3af-ab49c8ed2fd8",
            "group": null,
            "uuid": "7e51c7fc-eade-49eb-85e1-c6d455f7a894"
        },
        {
            "@type": "WorkflowStep",
            "name": "return",
            "description": null,
            "arguments": {
                "output": "{{vars.nmap_data}}"
            },
            "status": null,
            "top": "120",
            "left": "40",
            "stepType": "\/api\/3\/workflow_step_types\/04d0cf46-b6a8-42c4-8683-60a7eaa69e8f",
            "group": null,
            "uuid": "60158047-562f-4281-8908-56c296421d08"
        },
        {
            "@type": "WorkflowStep",
            "name": "setup env",
            "description": null,
            "arguments": {
                "asset_ip": "{{vars.input.params['asset_ip']}}",
                "nmap_command": "{{vars.input.params['nmap_command']}}",
                "target_record_id": "{{vars.input.params['target_record_id']}}",
                "output_profile_fqid": "{{vars.input.params['output_profile_fqid']}}"
            },
            "status": null,
            "top": "40",
            "left": "360",
            "stepType": "\/api\/3\/workflow_step_types\/04d0cf46-b6a8-42c4-8683-60a7eaa69e8f",
            "group": null,
            "uuid": "b5aa9f1a-b75b-4a55-94ef-cc85a6397103"
        },
        {
            "@type": "WorkflowStep",
            "name": "Start",
            "description": null,
            "arguments": {
                "__triggerLimit": true,
                "step_variables": {
                    "input": {
                        "params": []
                    }
                },
                "triggerOnSource": true,
                "triggerOnReplicate": false
            },
            "status": null,
            "top": "40",
            "left": "40",
            "stepType": "\/api\/3\/workflow_step_types\/b348f017-9a94-471f-87f8-ce88b6a7ad62",
            "group": null,
            "uuid": "a4f51a54-ac14-4601-bcf3-e2cb646bdf78"
        }
    ],
    "routes": [
        {
            "@type": "WorkflowRoute",
            "name": "nmap_results -> return",
            "targetStep": "\/api\/3\/workflow_steps\/60158047-562f-4281-8908-56c296421d08",
            "sourceStep": "\/api\/3\/workflow_steps\/e0e9c8c6-30ea-4ac9-9c36-5a21140b1762",
            "label": null,
            "isExecuted": false,
            "group": null,
            "uuid": "5e557d5f-2d13-4a59-be87-03b968694154"
        },
        {
            "@type": "WorkflowRoute",
            "name": "nmap scan -> nmap_results",
            "targetStep": "\/api\/3\/workflow_steps\/e0e9c8c6-30ea-4ac9-9c36-5a21140b1762",
            "sourceStep": "\/api\/3\/workflow_steps\/7e51c7fc-eade-49eb-85e1-c6d455f7a894",
            "label": null,
            "isExecuted": false,
            "group": null,
            "uuid": "3ac8316d-c22f-4c61-a2e0-1b1dcd49839a"
        },
        {
            "@type": "WorkflowRoute",
            "name": "setup env -> nmap scan",
            "targetStep": "\/api\/3\/workflow_steps\/7e51c7fc-eade-49eb-85e1-c6d455f7a894",
            "sourceStep": "\/api\/3\/workflow_steps\/b5aa9f1a-b75b-4a55-94ef-cc85a6397103",
            "label": null,
            "isExecuted": false,
            "group": null,
            "uuid": "ac3bfe51-f3cb-4532-9cca-662dc8a112fb"
        },
        {
            "@type": "WorkflowRoute",
            "name": "Start -> setup env",
            "targetStep": "\/api\/3\/workflow_steps\/b5aa9f1a-b75b-4a55-94ef-cc85a6397103",
            "sourceStep": "\/api\/3\/workflow_steps\/a4f51a54-ac14-4601-bcf3-e2cb646bdf78",
            "label": null,
            "isExecuted": false,
            "group": null,
            "uuid": "0024a5d6-2135-40bc-b223-a5d3359df9f5"
        }
    ],
    "groups": [],
    "priority": "\/api\/3\/picklists\/2b563c61-ae2c-41c0-a85a-c9709585e3f2",
    "playbookOrigin": "\/api\/3\/picklists\/b6d710a9-a8ec-41ec-8817-fe9fa062fcdd",
    "isEditable": true,
    "uuid": "70ccc37f-af97-4172-b06d-38b5505ff96f",
    "owners": [],
    "isPrivate": false,
    "deletedAt": null,
    "recordTags": [
        "asset_ip",
        "nmap_command",
        "Subroutine",
        "target_record_id"
    ]
}