{
    "@type": "Workflow",
    "triggerLimit": null,
    "name": "> netshot target - unlink all associated profiles",
    "aliasName": null,
    "tag": null,
    "description": "Find profile records attached to the target and unlink. Clear target tags and the score. Clear active reports. Clear Latest Outputs.",
    "isActive": true,
    "debug": false,
    "singleRecordExecution": false,
    "remoteExecutableFlag": false,
    "parameters": [
        "target_record_id"
    ],
    "synchronous": false,
    "collection": "\/api\/3\/workflow_collections\/47462724-61c5-401a-be3b-53b8154157f9",
    "versions": [],
    "triggerStep": "\/api\/3\/workflow_steps\/158916a8-467f-4f6f-ae35-7670a378d54e",
    "steps": [
        {
            "@type": "WorkflowStep",
            "name": "clear active reports",
            "description": "No linked profiles means no active reports to score.",
            "arguments": {
                "for_each": {
                    "item": "{{vars.steps.find_active_reports}}",
                    "__bulk": true,
                    "parallel": false,
                    "condition": "",
                    "batch_size": 100
                },
                "resource": {
                    "activeReport": "{{vars.uncheck}}"
                },
                "operation": "Append",
                "collection": "{{vars.item['@id']}}",
                "__recommend": [],
                "collectionType": "\/api\/3\/netshot_output_reports",
                "fieldOperation": {
                    "recordTags": "Append"
                },
                "step_variables": []
            },
            "status": null,
            "top": "240",
            "left": "820",
            "stepType": "\/api\/3\/workflow_step_types\/b593663d-7d13-40ce-a3a3-96dece928722",
            "group": null,
            "uuid": "6cc0fd8d-c798-4e4b-81f9-be46051d348e"
        },
        {
            "@type": "WorkflowStep",
            "name": "clear latest outputs",
            "description": "No linked profiles means no latest output.",
            "arguments": {
                "for_each": {
                    "item": "{{vars.steps.find_latest_output}}",
                    "__bulk": true,
                    "parallel": false,
                    "condition": "",
                    "batch_size": 100
                },
                "resource": {
                    "latestRecordOfContext": "{{vars.uncheck}}"
                },
                "operation": "Append",
                "collection": "{{vars.item['@id']}}",
                "__recommend": [],
                "collectionType": "\/api\/3\/netshot_target_outputs",
                "fieldOperation": {
                    "recordTags": "Append"
                },
                "step_variables": []
            },
            "status": null,
            "top": "140",
            "left": "1120",
            "stepType": "\/api\/3\/workflow_step_types\/b593663d-7d13-40ce-a3a3-96dece928722",
            "group": null,
            "uuid": "272e2a9f-bd0e-479a-a8a5-9cf66f4c255b"
        },
        {
            "@type": "WorkflowStep",
            "name": "find active reports",
            "description": null,
            "arguments": {
                "query": {
                    "sort": [],
                    "limit": 30,
                    "logic": "AND",
                    "filters": [
                        {
                            "type": "primitive",
                            "field": "activeReport",
                            "value": true,
                            "operator": "eq",
                            "_operator": "eq"
                        },
                        {
                            "type": "object",
                            "field": "netshotTargets",
                            "value": "{{vars.steps.find_target[0]['@id']}}",
                            "_value": {
                                "@id": "{{vars.steps.find_target[0]['@id']}}",
                                "display": "",
                                "itemValue": ""
                            },
                            "operator": "eq"
                        }
                    ],
                    "__selectFields": [
                        "name",
                        "id"
                    ]
                },
                "module": "netshot_output_reports?$limit=5000",
                "checkboxFields": true,
                "step_variables": []
            },
            "status": null,
            "top": "240",
            "left": "1120",
            "stepType": "\/api\/3\/workflow_step_types\/b593663d-7d13-40ce-a3a3-96dece928770",
            "group": null,
            "uuid": "7d851aed-2ba9-4885-a075-68985d93c8b2"
        },
        {
            "@type": "WorkflowStep",
            "name": "find latest output",
            "description": null,
            "arguments": {
                "query": {
                    "sort": [],
                    "limit": 30,
                    "logic": "AND",
                    "filters": [
                        {
                            "type": "primitive",
                            "field": "latestRecordOfContext",
                            "value": true,
                            "operator": "eq",
                            "_operator": "eq"
                        },
                        {
                            "type": "object",
                            "field": "netshotTargets",
                            "value": "{{vars.steps.find_target[0]['@id']}}",
                            "_value": {
                                "@id": "{{vars.steps.find_target[0]['@id']}}",
                                "display": "",
                                "itemValue": ""
                            },
                            "operator": "eq"
                        }
                    ],
                    "__selectFields": [
                        "name",
                        "id"
                    ]
                },
                "module": "netshot_target_outputs?$limit=5000",
                "checkboxFields": true,
                "step_variables": []
            },
            "status": null,
            "top": "140",
            "left": "820",
            "stepType": "\/api\/3\/workflow_step_types\/b593663d-7d13-40ce-a3a3-96dece928770",
            "group": null,
            "uuid": "0607da2b-4594-4c41-a63f-6ef96d53760f"
        },
        {
            "@type": "WorkflowStep",
            "name": "find target",
            "description": null,
            "arguments": {
                "query": {
                    "sort": [],
                    "limit": 30,
                    "logic": "AND",
                    "filters": [
                        {
                            "type": "primitive",
                            "field": "id",
                            "value": "{{vars.target_record_id}}",
                            "operator": "eq",
                            "_operator": "eq"
                        }
                    ],
                    "__selectFields": [
                        "id",
                        "netshotTargetOutputProfiles"
                    ]
                },
                "module": "netshot_targets?$limit=1&$relationships=true&$fsr_max_relation_count=100",
                "checkboxFields": true,
                "step_variables": []
            },
            "status": null,
            "top": "40",
            "left": "660",
            "stepType": "\/api\/3\/workflow_step_types\/b593663d-7d13-40ce-a3a3-96dece928770",
            "group": null,
            "uuid": "39fe4668-8b80-472b-88d0-526742b5f1ed"
        },
        {
            "@type": "WorkflowStep",
            "name": "return",
            "description": null,
            "arguments": {
                "output": "{{vars.steps.target_profiles_and_score}}"
            },
            "status": null,
            "top": "140",
            "left": "40",
            "stepType": "\/api\/3\/workflow_step_types\/04d0cf46-b6a8-42c4-8683-60a7eaa69e8f",
            "group": null,
            "uuid": "4551393a-1c50-49b8-8cf2-9ea4301f2384"
        },
        {
            "@type": "WorkflowStep",
            "name": "setup env",
            "description": null,
            "arguments": {
                "uncheck": "False",
                "empty_data": "''",
                "empty_list": "[]",
                "target_record_id": "{{vars.input.params['target_record_id']}}"
            },
            "status": null,
            "top": "40",
            "left": "360",
            "stepType": "\/api\/3\/workflow_step_types\/04d0cf46-b6a8-42c4-8683-60a7eaa69e8f",
            "group": null,
            "uuid": "79ce0bfc-4400-4586-ba36-6a4749a97864"
        },
        {
            "@type": "WorkflowStep",
            "name": "Start",
            "description": null,
            "arguments": {
                "__triggerLimit": true,
                "step_variables": {
                    "input": {
                        "params": []
                    }
                },
                "triggerOnSource": true,
                "triggerOnReplicate": false
            },
            "status": null,
            "top": "40",
            "left": "40",
            "stepType": "\/api\/3\/workflow_step_types\/b348f017-9a94-471f-87f8-ce88b6a7ad62",
            "group": null,
            "uuid": "158916a8-467f-4f6f-ae35-7670a378d54e"
        },
        {
            "@type": "WorkflowStep",
            "name": "target profiles and score",
            "description": null,
            "arguments": {
                "resource": {
                    "recordTags": "{{vars.empty_list}}",
                    "totalScore": 0,
                    "netshotStatus": "{{vars.empty_data}}",
                    "reQueueOutputs": "{{vars.uncheck}}",
                    "totalScorePossible": 0,
                    "netshotOutputReportProfiles": "{{vars.empty_list}}",
                    "netshotTargetOutputProfiles": "{{vars.empty_list}}"
                },
                "operation": "Overwrite",
                "collection": "{{vars.steps.find_target[0]['@id']}}",
                "__recommend": [],
                "collectionType": "\/api\/3\/netshot_targets",
                "fieldOperation": {
                    "recordTags": "Overwrite"
                },
                "step_variables": []
            },
            "status": null,
            "top": "280",
            "left": "480",
            "stepType": "\/api\/3\/workflow_step_types\/b593663d-7d13-40ce-a3a3-96dece928722",
            "group": null,
            "uuid": "a5b678b7-aa71-4684-aeb2-9e0436e68f9b"
        }
    ],
    "routes": [
        {
            "@type": "WorkflowRoute",
            "name": "clear active reports -> update target links",
            "targetStep": "\/api\/3\/workflow_steps\/a5b678b7-aa71-4684-aeb2-9e0436e68f9b",
            "sourceStep": "\/api\/3\/workflow_steps\/6cc0fd8d-c798-4e4b-81f9-be46051d348e",
            "label": null,
            "isExecuted": false,
            "group": null,
            "uuid": "004d1299-08ce-4ebf-b8ef-83ba309efb1d"
        },
        {
            "@type": "WorkflowRoute",
            "name": "clear latest outputs -> find active reports",
            "targetStep": "\/api\/3\/workflow_steps\/7d851aed-2ba9-4885-a075-68985d93c8b2",
            "sourceStep": "\/api\/3\/workflow_steps\/272e2a9f-bd0e-479a-a8a5-9cf66f4c255b",
            "label": null,
            "isExecuted": false,
            "group": null,
            "uuid": "c52d297f-ee7c-45a7-9313-7e11002852b6"
        },
        {
            "@type": "WorkflowRoute",
            "name": "find active reports -> clear active reports",
            "targetStep": "\/api\/3\/workflow_steps\/6cc0fd8d-c798-4e4b-81f9-be46051d348e",
            "sourceStep": "\/api\/3\/workflow_steps\/7d851aed-2ba9-4885-a075-68985d93c8b2",
            "label": null,
            "isExecuted": false,
            "group": null,
            "uuid": "259e28d4-0f90-4c2f-9350-28f1b6fab285"
        },
        {
            "@type": "WorkflowRoute",
            "name": "find latest output -> Copy of clear active reports",
            "targetStep": "\/api\/3\/workflow_steps\/272e2a9f-bd0e-479a-a8a5-9cf66f4c255b",
            "sourceStep": "\/api\/3\/workflow_steps\/0607da2b-4594-4c41-a63f-6ef96d53760f",
            "label": null,
            "isExecuted": false,
            "group": null,
            "uuid": "37ae1e1d-3566-4357-a747-0699f522ffb5"
        },
        {
            "@type": "WorkflowRoute",
            "name": "find target -> find latest output",
            "targetStep": "\/api\/3\/workflow_steps\/0607da2b-4594-4c41-a63f-6ef96d53760f",
            "sourceStep": "\/api\/3\/workflow_steps\/39fe4668-8b80-472b-88d0-526742b5f1ed",
            "label": null,
            "isExecuted": false,
            "group": null,
            "uuid": "667a0b9e-5036-4439-87f2-36c3672a0dce"
        },
        {
            "@type": "WorkflowRoute",
            "name": "setup env -> find target",
            "targetStep": "\/api\/3\/workflow_steps\/39fe4668-8b80-472b-88d0-526742b5f1ed",
            "sourceStep": "\/api\/3\/workflow_steps\/79ce0bfc-4400-4586-ba36-6a4749a97864",
            "label": null,
            "isExecuted": false,
            "group": null,
            "uuid": "063e6d81-77de-4ec5-a25a-e015f052c7a8"
        },
        {
            "@type": "WorkflowRoute",
            "name": "Start -> setup env",
            "targetStep": "\/api\/3\/workflow_steps\/79ce0bfc-4400-4586-ba36-6a4749a97864",
            "sourceStep": "\/api\/3\/workflow_steps\/158916a8-467f-4f6f-ae35-7670a378d54e",
            "label": null,
            "isExecuted": false,
            "group": null,
            "uuid": "81600cfc-2ad6-4941-8672-e29e0ba816d9"
        },
        {
            "@type": "WorkflowRoute",
            "name": "update target links -> return",
            "targetStep": "\/api\/3\/workflow_steps\/4551393a-1c50-49b8-8cf2-9ea4301f2384",
            "sourceStep": "\/api\/3\/workflow_steps\/a5b678b7-aa71-4684-aeb2-9e0436e68f9b",
            "label": null,
            "isExecuted": false,
            "group": null,
            "uuid": "d0fbbab4-11cf-4de3-81f8-fa7708cb0810"
        }
    ],
    "groups": [
        {
            "@type": "WorkflowGroup",
            "name": "Playbook Logic",
            "description": "- Find and clear latest output records\n- Find and clear active report records\n- Clear all linked profiles from the target\n- Uncheck re-queue flag if needed",
            "type": "note",
            "isCollapsed": false,
            "hasTriggerStep": false,
            "hideInLogs": false,
            "metadata": [],
            "reusable": false,
            "top": "120",
            "left": "440",
            "height": "132",
            "width": "350",
            "uuid": "c82d6d5d-1769-4d12-a782-5b1c89ec204a",
            "recordTags": []
        }
    ],
    "priority": "\/api\/3\/picklists\/2b563c61-ae2c-41c0-a85a-c9709585e3f2",
    "playbookOrigin": "\/api\/3\/picklists\/b6d710a9-a8ec-41ec-8817-fe9fa062fcdd",
    "isEditable": true,
    "uuid": "7ca368b5-6ede-4644-a163-d301a81ace11",
    "owners": [],
    "isPrivate": false,
    "deletedAt": null,
    "recordTags": [
        "target_record_id"
    ]
}