{
    "@type": "Workflow",
    "triggerLimit": null,
    "name": "> netshot target (Re-Queuing) trigger",
    "aliasName": null,
    "tag": null,
    "description": null,
    "isActive": true,
    "debug": false,
    "singleRecordExecution": false,
    "remoteExecutableFlag": false,
    "parameters": [],
    "synchronous": false,
    "collection": "\/api\/3\/workflow_collections\/47462724-61c5-401a-be3b-53b8154157f9",
    "versions": [],
    "triggerStep": "\/api\/3\/workflow_steps\/91f56321-d4ca-4659-951d-78d3f0891b72",
    "steps": [
        {
            "@type": "WorkflowStep",
            "name": "create stats vars",
            "description": null,
            "arguments": {
                "outputs_pending": "{{vars.steps.update_stats_pre_queue.output.outputsPending}}"
            },
            "status": null,
            "top": "80",
            "left": "1000",
            "stepType": "\/api\/3\/workflow_step_types\/04d0cf46-b6a8-42c4-8683-60a7eaa69e8f",
            "group": null,
            "uuid": "f67b3726-f600-4050-9599-f6bd062f6d6e"
        },
        {
            "@type": "WorkflowStep",
            "name": "Is outputsPending",
            "description": null,
            "arguments": {
                "conditions": [
                    {
                        "default": true,
                        "step_iri": "\/api\/3\/workflow_steps\/9b4556e2-2910-478b-b105-35f0e06a660b",
                        "step_name": "remove queue flag"
                    },
                    {
                        "step_iri": "\/api\/3\/workflow_steps\/6907ecd8-fd21-4f8f-b764-6a2c839f9a62",
                        "condition": "{{ vars.outputs_pending > 0 }}",
                        "step_name": "pause and requeue"
                    }
                ],
                "step_variables": []
            },
            "status": null,
            "top": "120",
            "left": "640",
            "stepType": "\/api\/3\/workflow_step_types\/12254cf5-5db7-4b1a-8cb1-3af081924b28",
            "group": null,
            "uuid": "734f0ab7-504c-4f65-9d88-3dbd43ede979"
        },
        {
            "@type": "WorkflowStep",
            "name": "pause and requeue",
            "description": null,
            "arguments": {
                "rule": {
                    "actions": [
                        {
                            "type": "resume_playbook",
                            "enabled": true,
                            "channel_uuid": "e2ce87c2-c55a-11ec-9d64-0242ac120002"
                        }
                    ],
                    "is_active": true,
                    "event_source": "crudhub"
                },
                "type": "TimeBased",
                "delay": {
                    "days": 0,
                    "hours": 0,
                    "minutes": 0,
                    "seconds": "{{vars.pause_seconds}}"
                }
            },
            "status": null,
            "top": "220",
            "left": "1200",
            "stepType": "\/api\/3\/workflow_step_types\/6832e556-b9c7-497a-babe-feda3bd27dbf",
            "group": null,
            "uuid": "6907ecd8-fd21-4f8f-b764-6a2c839f9a62"
        },
        {
            "@type": "WorkflowStep",
            "name": "remove queue flag",
            "description": null,
            "arguments": {
                "resource": {
                    "reQueueOutputs": "{{vars.uncheck}}"
                },
                "operation": "Append",
                "collection": "{{vars.input.records[0]['@id']}}",
                "__recommend": [],
                "collectionType": "\/api\/3\/netshot_targets",
                "fieldOperation": {
                    "recordTags": "Append"
                },
                "step_variables": []
            },
            "status": null,
            "top": "240",
            "left": "20",
            "stepType": "\/api\/3\/workflow_step_types\/b593663d-7d13-40ce-a3a3-96dece928722",
            "group": null,
            "uuid": "9b4556e2-2910-478b-b105-35f0e06a660b"
        },
        {
            "@type": "WorkflowStep",
            "name": "requeue output",
            "description": null,
            "arguments": {
                "arguments": {
                    "target_record_id": "{{vars.input.records[0].id}}"
                },
                "apply_async": false,
                "step_variables": [],
                "pass_parent_env": false,
                "pass_input_record": false,
                "workflowReference": "\/api\/3\/workflows\/931c0faa-f109-4d23-8d21-b74e3ad07270"
            },
            "status": null,
            "top": "360",
            "left": "820",
            "stepType": "\/api\/3\/workflow_step_types\/74932bdc-b8b6-4d24-88c4-1a4dfbc524f3",
            "group": null,
            "uuid": "ddede5ce-6cea-4967-b482-9ed30d7643b3"
        },
        {
            "@type": "WorkflowStep",
            "name": "setup env",
            "description": null,
            "arguments": {
                "uncheck": "False",
                "pause_seconds": "5",
                "start_timestamp": "{{arrow.utcnow().int_timestamp}}"
            },
            "status": null,
            "top": "40",
            "left": "340",
            "stepType": "\/api\/3\/workflow_step_types\/04d0cf46-b6a8-42c4-8683-60a7eaa69e8f",
            "group": null,
            "uuid": "8ef9ef54-6954-4a60-a23c-3e65babef258"
        },
        {
            "@type": "WorkflowStep",
            "name": "Start",
            "description": null,
            "arguments": {
                "resource": "netshot_targets",
                "resources": [
                    "netshot_targets"
                ],
                "__triggerLimit": true,
                "step_variables": {
                    "input": {
                        "params": [],
                        "records": [
                            "{{vars.input.records[0]}}"
                        ]
                    }
                },
                "triggerOnSource": true,
                "fieldbasedtrigger": {
                    "sort": [],
                    "limit": 30,
                    "logic": "AND",
                    "filters": [
                        {
                            "type": "primitive",
                            "field": "reQueueOutputs",
                            "value": "",
                            "operator": "changed",
                            "_operator": "changed"
                        },
                        {
                            "type": "primitive",
                            "field": "reQueueOutputs",
                            "value": true,
                            "operator": "eq",
                            "_operator": "eq"
                        }
                    ]
                },
                "triggerOnReplicate": false
            },
            "status": null,
            "top": "40",
            "left": "40",
            "stepType": "\/api\/3\/workflow_step_types\/9300bf69-5063-486d-b3a6-47eb9da24872",
            "group": null,
            "uuid": "91f56321-d4ca-4659-951d-78d3f0891b72"
        },
        {
            "@type": "WorkflowStep",
            "name": "update stats post queue",
            "description": null,
            "arguments": {
                "arguments": {
                    "target_record_id": "{{vars.input.records[0].id}}"
                },
                "apply_async": false,
                "step_variables": [],
                "pass_parent_env": false,
                "pass_input_record": false,
                "workflowReference": "\/api\/3\/workflows\/c35569ed-7415-499e-85c0-e65010facbc6"
            },
            "status": null,
            "top": "360",
            "left": "480",
            "stepType": "\/api\/3\/workflow_step_types\/74932bdc-b8b6-4d24-88c4-1a4dfbc524f3",
            "group": null,
            "uuid": "5627d318-0d56-47b8-8922-fd853e324d22"
        },
        {
            "@type": "WorkflowStep",
            "name": "update stats pre queue",
            "description": null,
            "arguments": {
                "arguments": {
                    "target_record_id": "{{vars.input.records[0].id}}"
                },
                "apply_async": false,
                "step_variables": [],
                "pass_parent_env": false,
                "pass_input_record": false,
                "workflowReference": "\/api\/3\/workflows\/c35569ed-7415-499e-85c0-e65010facbc6"
            },
            "status": null,
            "top": "40",
            "left": "640",
            "stepType": "\/api\/3\/workflow_step_types\/74932bdc-b8b6-4d24-88c4-1a4dfbc524f3",
            "group": null,
            "uuid": "d00f6bb1-59ae-4415-94ab-2f0ea864514f"
        }
    ],
    "routes": [
        {
            "@type": "WorkflowRoute",
            "name": "create stats vars -> Is outputsPending",
            "targetStep": "\/api\/3\/workflow_steps\/734f0ab7-504c-4f65-9d88-3dbd43ede979",
            "sourceStep": "\/api\/3\/workflow_steps\/f67b3726-f600-4050-9599-f6bd062f6d6e",
            "label": null,
            "isExecuted": false,
            "group": null,
            "uuid": "eaa32db8-7d79-4525-ab61-1b2bcbbf6fe8"
        },
        {
            "@type": "WorkflowRoute",
            "name": "Is outputsPending -> pause",
            "targetStep": "\/api\/3\/workflow_steps\/6907ecd8-fd21-4f8f-b764-6a2c839f9a62",
            "sourceStep": "\/api\/3\/workflow_steps\/734f0ab7-504c-4f65-9d88-3dbd43ede979",
            "label": "",
            "isExecuted": false,
            "group": null,
            "uuid": "45021bed-ca7a-4dfe-9513-04f8f8aa5d7a"
        },
        {
            "@type": "WorkflowRoute",
            "name": "Is outputsPending -> remove queue flag",
            "targetStep": "\/api\/3\/workflow_steps\/9b4556e2-2910-478b-b105-35f0e06a660b",
            "sourceStep": "\/api\/3\/workflow_steps\/734f0ab7-504c-4f65-9d88-3dbd43ede979",
            "label": null,
            "isExecuted": false,
            "group": null,
            "uuid": "590ea8a3-85dd-440b-83b6-5ecae52b0233"
        },
        {
            "@type": "WorkflowRoute",
            "name": "pause -> requeue output",
            "targetStep": "\/api\/3\/workflow_steps\/ddede5ce-6cea-4967-b482-9ed30d7643b3",
            "sourceStep": "\/api\/3\/workflow_steps\/6907ecd8-fd21-4f8f-b764-6a2c839f9a62",
            "label": null,
            "isExecuted": false,
            "group": null,
            "uuid": "81152eff-f51f-4d21-89c9-cb7b8e2a451d"
        },
        {
            "@type": "WorkflowRoute",
            "name": "requeue output -> update stats",
            "targetStep": "\/api\/3\/workflow_steps\/5627d318-0d56-47b8-8922-fd853e324d22",
            "sourceStep": "\/api\/3\/workflow_steps\/ddede5ce-6cea-4967-b482-9ed30d7643b3",
            "label": null,
            "isExecuted": false,
            "group": null,
            "uuid": "82af3fd9-3c3b-446e-90af-627f531f9dbb"
        },
        {
            "@type": "WorkflowRoute",
            "name": "setup env -> update stats pre queue",
            "targetStep": "\/api\/3\/workflow_steps\/d00f6bb1-59ae-4415-94ab-2f0ea864514f",
            "sourceStep": "\/api\/3\/workflow_steps\/8ef9ef54-6954-4a60-a23c-3e65babef258",
            "label": null,
            "isExecuted": false,
            "group": null,
            "uuid": "c447955c-cbe7-44c9-b897-8e292e132477"
        },
        {
            "@type": "WorkflowRoute",
            "name": "Start -> setup env",
            "targetStep": "\/api\/3\/workflow_steps\/8ef9ef54-6954-4a60-a23c-3e65babef258",
            "sourceStep": "\/api\/3\/workflow_steps\/91f56321-d4ca-4659-951d-78d3f0891b72",
            "label": null,
            "isExecuted": false,
            "group": null,
            "uuid": "4e7f4450-5605-4ce8-9734-289422ada6ed"
        },
        {
            "@type": "WorkflowRoute",
            "name": "update stats pre queue -> create stats vars",
            "targetStep": "\/api\/3\/workflow_steps\/f67b3726-f600-4050-9599-f6bd062f6d6e",
            "sourceStep": "\/api\/3\/workflow_steps\/d00f6bb1-59ae-4415-94ab-2f0ea864514f",
            "label": null,
            "isExecuted": false,
            "group": null,
            "uuid": "1532fb9b-8dda-42c1-b60e-63018796d084"
        },
        {
            "@type": "WorkflowRoute",
            "name": "update stats -> remove queue flag",
            "targetStep": "\/api\/3\/workflow_steps\/9b4556e2-2910-478b-b105-35f0e06a660b",
            "sourceStep": "\/api\/3\/workflow_steps\/5627d318-0d56-47b8-8922-fd853e324d22",
            "label": null,
            "isExecuted": false,
            "group": null,
            "uuid": "fe7b1599-3bad-4f80-a7ab-09eda9a76db8"
        }
    ],
    "groups": [
        {
            "@type": "WorkflowGroup",
            "name": "Playbook Logic",
            "description": "- Run stats on the target\n- Id there are pending outputs we will requeue\n- Requeue pending outputs to find which records should be running\n- Reset target stats which will probably change the profile counts.",
            "type": "note",
            "isCollapsed": false,
            "hasTriggerStep": false,
            "hideInLogs": false,
            "metadata": [],
            "reusable": false,
            "top": "200",
            "left": "540",
            "height": "138",
            "width": "482",
            "uuid": "8b8b4f88-93eb-41a1-b76c-bd558a9f0e31",
            "recordTags": []
        }
    ],
    "priority": "\/api\/3\/picklists\/df314249-88c8-4778-ab55-8aeafbe932cb",
    "playbookOrigin": "\/api\/3\/picklists\/b6d710a9-a8ec-41ec-8817-fe9fa062fcdd",
    "isEditable": true,
    "uuid": "d65587f6-e91d-4915-a896-f58157ec23d0",
    "owners": [],
    "isPrivate": false,
    "deletedAt": null,
    "recordTags": []
}