{
    "@type": "Workflow",
    "triggerLimit": null,
    "name": "> netshot output (Running) trigger - status changed",
    "aliasName": null,
    "tag": null,
    "description": "A target output set to running is ready to start getting network data.",
    "isActive": true,
    "debug": false,
    "singleRecordExecution": false,
    "remoteExecutableFlag": false,
    "parameters": [],
    "synchronous": false,
    "collection": "\/api\/3\/workflow_collections\/47462724-61c5-401a-be3b-53b8154157f9",
    "versions": [],
    "triggerStep": "\/api\/3\/workflow_steps\/059571d8-6736-4086-b895-f1a279dc5218",
    "steps": [
        {
            "@type": "WorkflowStep",
            "name": "enhance vars",
            "description": "Logically handle missing vars if needed.",
            "arguments": {
                "is_json": "{%- if vars.output_data_type == \"JSON\" -%}\nTrue\n{%- else -%}\nFalse\n{%- endif -%}"
            },
            "status": null,
            "top": "40",
            "left": "1000",
            "stepType": "\/api\/3\/workflow_step_types\/04d0cf46-b6a8-42c4-8683-60a7eaa69e8f",
            "group": null,
            "uuid": "2ec64665-0869-4447-8709-3fa6dd8eb18f"
        },
        {
            "@type": "WorkflowStep",
            "name": "enhance vars for api",
            "description": null,
            "arguments": {
                "api_body": "{{vars.output_args['api_body']}}",
                "asset_ip": "{{vars.output_args['asset_ip']}}",
                "api_header": "{{vars.output_args['api_header']}}",
                "api_method": "{{vars.output_args['api_method']}}",
                "api_context": "{{vars.output_args['context']}}",
                "api_datatype": "{{vars.output_data_type}}",
                "api_resource": "{{vars.output_args['api_resource']}}"
            },
            "status": null,
            "top": "420",
            "left": "1060",
            "stepType": "\/api\/3\/workflow_step_types\/04d0cf46-b6a8-42c4-8683-60a7eaa69e8f",
            "group": null,
            "uuid": "e3817f9d-9167-4caf-8aec-35372e6e8d8f"
        },
        {
            "@type": "WorkflowStep",
            "name": "enhance vars for nmap",
            "description": null,
            "arguments": {
                "nmap_args": "{{vars.output_args}}"
            },
            "status": null,
            "top": "340",
            "left": "1040",
            "stepType": "\/api\/3\/workflow_step_types\/04d0cf46-b6a8-42c4-8683-60a7eaa69e8f",
            "group": null,
            "uuid": "fe72dca6-72de-495e-b45e-0c82155ba956"
        },
        {
            "@type": "WorkflowStep",
            "name": "enhance vars for playbook",
            "description": null,
            "arguments": [],
            "status": null,
            "top": "580",
            "left": "1100",
            "stepType": "\/api\/3\/workflow_step_types\/04d0cf46-b6a8-42c4-8683-60a7eaa69e8f",
            "group": null,
            "uuid": "b7aa93b1-aa4c-42fb-a806-c93e5587fa6e"
        },
        {
            "@type": "WorkflowStep",
            "name": "enhance vars for ssh cmd",
            "description": null,
            "arguments": [],
            "status": null,
            "top": "180",
            "left": "1000",
            "stepType": "\/api\/3\/workflow_step_types\/04d0cf46-b6a8-42c4-8683-60a7eaa69e8f",
            "group": null,
            "uuid": "c79f2c9d-7a4a-497e-8bf5-6706b13e9821"
        },
        {
            "@type": "WorkflowStep",
            "name": "enhance vars for ssh script",
            "description": null,
            "arguments": [],
            "status": null,
            "top": "260",
            "left": "1020",
            "stepType": "\/api\/3\/workflow_step_types\/04d0cf46-b6a8-42c4-8683-60a7eaa69e8f",
            "group": null,
            "uuid": "fa738500-6dac-42f2-9b5c-e5bc7f3b3af1"
        },
        {
            "@type": "WorkflowStep",
            "name": "enhance vars for ztpf",
            "description": null,
            "arguments": {
                "context": "{{vars.steps.find_target_output_profile[0].name}}",
                "ztp_profile": "{{vars.output_resource}}",
                "ztpf_device": "{{vars.steps.find_target_output_profile[0].zTPFDevice}}",
                "ztpf_manager": "{{vars.steps.find_target_output_profile[0].zTPFManager}}"
            },
            "status": null,
            "top": "500",
            "left": "1080",
            "stepType": "\/api\/3\/workflow_step_types\/04d0cf46-b6a8-42c4-8683-60a7eaa69e8f",
            "group": null,
            "uuid": "40f6db02-a3ec-42b6-b4ab-b06eacf9740e"
        },
        {
            "@type": "WorkflowStep",
            "name": "find target",
            "description": null,
            "arguments": {
                "query": {
                    "sort": [],
                    "limit": 30,
                    "logic": "AND",
                    "filters": [
                        {
                            "type": "primitive",
                            "field": "id",
                            "value": "{{vars.input.records[0].netshotTargets.id}}",
                            "operator": "eq",
                            "_operator": "eq"
                        }
                    ],
                    "__selectFields": [
                        "id"
                    ]
                },
                "module": "netshot_targets?$limit=1",
                "checkboxFields": true,
                "step_variables": []
            },
            "status": null,
            "top": "40",
            "left": "360",
            "stepType": "\/api\/3\/workflow_step_types\/b593663d-7d13-40ce-a3a3-96dece928770",
            "group": null,
            "uuid": "19c93c97-ef43-4040-9d7e-1513a6ae8466"
        },
        {
            "@type": "WorkflowStep",
            "name": "output results",
            "description": null,
            "arguments": {
                "output_status": "{%- if vars.output_results['Error message'] is defined -%}\n\"Failed\"\n{%- else -%}\n\"Complete\"\n{%- endif -%}",
                "output_results": "{{vars.output_results}}"
            },
            "status": null,
            "top": "120",
            "left": "40",
            "stepType": "\/api\/3\/workflow_step_types\/04d0cf46-b6a8-42c4-8683-60a7eaa69e8f",
            "group": null,
            "uuid": "071b7324-243b-4630-a9d5-3fa00a3ddf15"
        },
        {
            "@type": "WorkflowStep",
            "name": "output type",
            "description": null,
            "arguments": {
                "conditions": [
                    {
                        "default": true,
                        "step_iri": "\/api\/3\/workflow_steps\/e69e7f0b-431b-4384-aa9c-c79a2c138288",
                        "step_name": "Unsupported"
                    },
                    {
                        "step_iri": "\/api\/3\/workflow_steps\/c79f2c9d-7a4a-497e-8bf5-6706b13e9821",
                        "condition": "{{ vars.output_method|lower == \"ssh command\" }}",
                        "step_name": "enhance vars for ssh cmd"
                    },
                    {
                        "step_iri": "\/api\/3\/workflow_steps\/fe72dca6-72de-495e-b45e-0c82155ba956",
                        "condition": "{{ vars.output_method|lower == \"nmap\" }}",
                        "step_name": "enhance vars for nmap"
                    },
                    {
                        "step_iri": "\/api\/3\/workflow_steps\/b7aa93b1-aa4c-42fb-a806-c93e5587fa6e",
                        "condition": "{{ vars.output_method|lower == \"playbook\" }}",
                        "step_name": "enhance vars for playbook"
                    },
                    {
                        "step_iri": "\/api\/3\/workflow_steps\/fa738500-6dac-42f2-9b5c-e5bc7f3b3af1",
                        "condition": "{{ vars.output_method|lower == \"ssh script\" }}",
                        "step_name": "enhance vars for ssh script"
                    },
                    {
                        "step_iri": "\/api\/3\/workflow_steps\/e3817f9d-9167-4caf-8aec-35372e6e8d8f",
                        "condition": "{{ vars.output_method|lower == \"rest api\" }}",
                        "step_name": "enhance vars for api"
                    },
                    {
                        "step_iri": "\/api\/3\/workflow_steps\/40f6db02-a3ec-42b6-b4ab-b06eacf9740e",
                        "condition": "{{ vars.output_method|lower == \"ztpf\" }}",
                        "step_name": "enhance vars for ztpf"
                    }
                ],
                "step_variables": []
            },
            "status": null,
            "top": "180",
            "left": "1480",
            "stepType": "\/api\/3\/workflow_step_types\/12254cf5-5db7-4b1a-8cb1-3af081924b28",
            "group": null,
            "uuid": "b07c9eee-dfc1-46f0-9c87-e19065dfddd3"
        },
        {
            "@type": "WorkflowStep",
            "name": "run api",
            "description": null,
            "arguments": {
                "arguments": {
                    "context": "{{vars.api_context}}",
                    "api_body": "{{vars.api_body}}",
                    "asset_ip": "{{vars.asset_ip}}",
                    "data_type": "{{vars.api_datatype}}",
                    "api_header": "{{vars.api_header}}",
                    "api_method": "{{vars.api_method}}",
                    "api_resource": "{{vars.api_resource}}",
                    "target_record_id": "",
                    "output_profile_fqid": ""
                },
                "apply_async": false,
                "ignore_errors": true,
                "step_variables": {
                    "output_results": "{{vars.steps.run_api}}"
                },
                "pass_parent_env": false,
                "pass_input_record": false,
                "workflowReference": "\/api\/3\/workflows\/6b32247d-afae-462f-84df-92b0f59eb1e4"
            },
            "status": null,
            "top": "640",
            "left": "640",
            "stepType": "\/api\/3\/workflow_step_types\/74932bdc-b8b6-4d24-88c4-1a4dfbc524f3",
            "group": null,
            "uuid": "eadb0b7d-03c8-4ec5-8918-309c459ddefa"
        },
        {
            "@type": "WorkflowStep",
            "name": "run nmap cmd",
            "description": null,
            "arguments": {
                "arguments": {
                    "asset_ip": "{{vars.output_args['target_ip']}}",
                    "nmap_command": "{{vars.output_args['nmap_commands']}}"
                },
                "apply_async": false,
                "ignore_errors": true,
                "step_variables": {
                    "output_results": "{{vars.steps.run_nmap_cmd.output|tojson}}"
                },
                "pass_parent_env": false,
                "pass_input_record": false,
                "workflowReference": "\/api\/3\/workflows\/70ccc37f-af97-4172-b06d-38b5505ff96f"
            },
            "status": null,
            "top": "560",
            "left": "620",
            "stepType": "\/api\/3\/workflow_step_types\/74932bdc-b8b6-4d24-88c4-1a4dfbc524f3",
            "group": null,
            "uuid": "b7893198-f1b3-4b17-8375-394e998b2195"
        },
        {
            "@type": "WorkflowStep",
            "name": "run playbook",
            "description": null,
            "arguments": {
                "arguments": {
                    "playbook_id": "{{vars.output_args[\"playbook_id\"]}}",
                    "target_record_id": "{{vars.output_args[\"target_record_id\"]}}"
                },
                "apply_async": false,
                "ignore_errors": true,
                "step_variables": {
                    "output_results": "{{vars.steps.run_playbook.output}}"
                },
                "pass_parent_env": false,
                "pass_input_record": false,
                "workflowReference": "\/api\/3\/workflows\/7893e5b6-34e2-4302-a5f3-fe265aec7609"
            },
            "status": null,
            "top": "800",
            "left": "680",
            "stepType": "\/api\/3\/workflow_step_types\/74932bdc-b8b6-4d24-88c4-1a4dfbc524f3",
            "group": null,
            "uuid": "0ce534f0-dfa3-470a-a86e-72aefb1901c7"
        },
        {
            "@type": "WorkflowStep",
            "name": "run ssh cmd",
            "description": null,
            "arguments": {
                "arguments": {
                    "asset_ip": "{{vars.output_args['target_ip']}}",
                    "commands": "{{vars.output_args['commands']}}",
                    "asset_user": "{{vars.output_args['target_username']}}",
                    "asset_password": "{{vars.output_args['target_passsword']}}"
                },
                "apply_async": false,
                "ignore_errors": true,
                "step_variables": {
                    "output_results": "{{ vars.steps.run_ssh_cmd.output|json_query('[].data') | join (\"\\n\") }}"
                },
                "pass_parent_env": false,
                "pass_input_record": false,
                "workflowReference": "\/api\/3\/workflows\/42fa0d71-6934-4b06-8adb-c6f2b370fdae"
            },
            "status": null,
            "top": "400",
            "left": "580",
            "stepType": "\/api\/3\/workflow_step_types\/74932bdc-b8b6-4d24-88c4-1a4dfbc524f3",
            "group": null,
            "uuid": "76a13a84-3066-4edf-bc98-86453ff060ba"
        },
        {
            "@type": "WorkflowStep",
            "name": "run ssh script",
            "description": null,
            "arguments": {
                "arguments": {
                    "asset_ip": "{{vars.output_args['target_ip']}}",
                    "commands": "{{vars.output_args['commands']}}",
                    "asset_user": "{{vars.output_args['target_username']}}",
                    "asset_password": "{{vars.output_args['target_passsword']}}",
                    "output_context": ""
                },
                "apply_async": false,
                "ignore_errors": true,
                "step_variables": {
                    "output_results": "{{vars.steps.run_ssh_script.output}}"
                },
                "pass_parent_env": false,
                "pass_input_record": false,
                "workflowReference": "\/api\/3\/workflows\/bf84fd9b-0799-4838-a639-b6303402d012"
            },
            "status": null,
            "top": "480",
            "left": "600",
            "stepType": "\/api\/3\/workflow_step_types\/74932bdc-b8b6-4d24-88c4-1a4dfbc524f3",
            "group": null,
            "uuid": "f5d8b551-56db-4dac-a539-b16f152c04c8"
        },
        {
            "@type": "WorkflowStep",
            "name": "run ztp",
            "description": null,
            "arguments": {
                "arguments": {
                    "context": "",
                    "ztp_profile": "",
                    "ztpf_device": "",
                    "ztpf_manager": "",
                    "target_record_id": "",
                    "output_profile_fqid": ""
                },
                "apply_async": false,
                "ignore_errors": true,
                "step_variables": {
                    "output_results": "{{vars.steps.run_ztp}}"
                },
                "pass_parent_env": false,
                "pass_input_record": false,
                "workflowReference": "\/api\/3\/workflows\/de0332f8-c72b-4ae4-b3d2-d505e66bcf12"
            },
            "status": null,
            "top": "720",
            "left": "660",
            "stepType": "\/api\/3\/workflow_step_types\/74932bdc-b8b6-4d24-88c4-1a4dfbc524f3",
            "group": null,
            "uuid": "07ff0d8f-d2cd-4abc-a1f8-550376523384"
        },
        {
            "@type": "WorkflowStep",
            "name": "setup env",
            "description": null,
            "arguments": {
                "output_args": "{{vars.input.records[0].outputArgs}}",
                "output_name": "{{vars.input.records[0].name}}",
                "output_type": "{{vars.input.records[0]['@type']}}",
                "target_name": "{{vars.input.records[0].netshotTargets.name}}",
                "output_method": "{{vars.input.records[0].outputMethod.itemValue}}",
                "output_context": "{{vars.input.records[0].context}}",
                "output_data_type": "{{vars.input.records[0].sourceDataType.itemValue}}"
            },
            "status": null,
            "top": "40",
            "left": "680",
            "stepType": "\/api\/3\/workflow_step_types\/04d0cf46-b6a8-42c4-8683-60a7eaa69e8f",
            "group": null,
            "uuid": "2a8de963-7929-469f-b6f7-6e271ca38436"
        },
        {
            "@type": "WorkflowStep",
            "name": "Start",
            "description": null,
            "arguments": {
                "resource": "netshot_target_outputs",
                "resources": [
                    "netshot_target_outputs"
                ],
                "__triggerLimit": true,
                "step_variables": {
                    "input": {
                        "params": [],
                        "records": [
                            "{{vars.input.records[0]}}"
                        ]
                    }
                },
                "triggerOnSource": true,
                "fieldbasedtrigger": {
                    "sort": [],
                    "limit": 30,
                    "logic": "AND",
                    "filters": [
                        {
                            "type": "object",
                            "field": "status",
                            "value": "",
                            "_value": {
                                "@id": "",
                                "display": "",
                                "itemValue": ""
                            },
                            "operator": "changed"
                        },
                        {
                            "type": "object",
                            "field": "status",
                            "value": "\/api\/3\/picklists\/7c18340b-215d-4396-b052-623e4c085727",
                            "_value": {
                                "@id": "\/api\/3\/picklists\/7c18340b-215d-4396-b052-623e4c085727",
                                "display": "Running",
                                "itemValue": "Running"
                            },
                            "operator": "eq"
                        }
                    ]
                },
                "triggerOnReplicate": false
            },
            "status": null,
            "top": "40",
            "left": "40",
            "stepType": "\/api\/3\/workflow_step_types\/9300bf69-5063-486d-b3a6-47eb9da24872",
            "group": null,
            "uuid": "059571d8-6736-4086-b895-f1a279dc5218"
        },
        {
            "@type": "WorkflowStep",
            "name": "Unsupported",
            "description": null,
            "arguments": {
                "output": "{{vars.output_method}}"
            },
            "status": null,
            "top": "80",
            "left": "1440",
            "stepType": "\/api\/3\/workflow_step_types\/04d0cf46-b6a8-42c4-8683-60a7eaa69e8f",
            "group": null,
            "uuid": "e69e7f0b-431b-4384-aa9c-c79a2c138288"
        },
        {
            "@type": "WorkflowStep",
            "name": "update output",
            "description": null,
            "arguments": {
                "resource": {
                    "status": "{{\"Netshot Output Report Status\" | picklist(vars.output_status, \"@id\")}}",
                    "timestamp": "{{arrow.utcnow().int_timestamp}}",
                    "sourceData": "{%- if vars.is_json -%}\n{{vars.output_results|toJSON}}\n{%- else -%}\n{{vars.output_results}}\n{%- endif -%}"
                },
                "operation": "Append",
                "collection": "{{vars.input.records[0]['@id']}}",
                "__recommend": [],
                "collectionType": "\/api\/3\/netshot_target_outputs",
                "fieldOperation": {
                    "recordTags": "Append"
                },
                "step_variables": []
            },
            "status": null,
            "top": "260",
            "left": "40",
            "stepType": "\/api\/3\/workflow_step_types\/b593663d-7d13-40ce-a3a3-96dece928722",
            "group": null,
            "uuid": "60bb60b4-0f6f-499a-835b-c7ec3eecc069"
        }
    ],
    "routes": [
        {
            "@type": "WorkflowRoute",
            "name": "Copy of run api -> output results",
            "targetStep": "\/api\/3\/workflow_steps\/071b7324-243b-4630-a9d5-3fa00a3ddf15",
            "sourceStep": "\/api\/3\/workflow_steps\/07ff0d8f-d2cd-4abc-a1f8-550376523384",
            "label": null,
            "isExecuted": false,
            "group": null,
            "uuid": "4ca9ecbf-a191-45de-b43d-3adbdb6556eb"
        },
        {
            "@type": "WorkflowRoute",
            "name": "enhance vars for api -> run api",
            "targetStep": "\/api\/3\/workflow_steps\/eadb0b7d-03c8-4ec5-8918-309c459ddefa",
            "sourceStep": "\/api\/3\/workflow_steps\/e3817f9d-9167-4caf-8aec-35372e6e8d8f",
            "label": null,
            "isExecuted": false,
            "group": null,
            "uuid": "621bd15d-ac5f-4503-8651-379d6811072a"
        },
        {
            "@type": "WorkflowRoute",
            "name": "enhance vars for nmap -> run nmap cmd",
            "targetStep": "\/api\/3\/workflow_steps\/b7893198-f1b3-4b17-8375-394e998b2195",
            "sourceStep": "\/api\/3\/workflow_steps\/fe72dca6-72de-495e-b45e-0c82155ba956",
            "label": null,
            "isExecuted": false,
            "group": null,
            "uuid": "76090969-5d20-437b-a87e-8a06ae995caa"
        },
        {
            "@type": "WorkflowRoute",
            "name": "enhance vars for playbook -> run playbook",
            "targetStep": "\/api\/3\/workflow_steps\/0ce534f0-dfa3-470a-a86e-72aefb1901c7",
            "sourceStep": "\/api\/3\/workflow_steps\/b7aa93b1-aa4c-42fb-a806-c93e5587fa6e",
            "label": null,
            "isExecuted": false,
            "group": null,
            "uuid": "ff671d64-50d2-4d46-b513-f0d90127e61f"
        },
        {
            "@type": "WorkflowRoute",
            "name": "enhance vars for ssh cmd -> run ssh cmd",
            "targetStep": "\/api\/3\/workflow_steps\/76a13a84-3066-4edf-bc98-86453ff060ba",
            "sourceStep": "\/api\/3\/workflow_steps\/c79f2c9d-7a4a-497e-8bf5-6706b13e9821",
            "label": null,
            "isExecuted": false,
            "group": null,
            "uuid": "caa7b6bb-e545-4e99-ac2b-989472145a34"
        },
        {
            "@type": "WorkflowRoute",
            "name": "enhance vars for ssh script -> run ssh script cmd",
            "targetStep": "\/api\/3\/workflow_steps\/f5d8b551-56db-4dac-a539-b16f152c04c8",
            "sourceStep": "\/api\/3\/workflow_steps\/fa738500-6dac-42f2-9b5c-e5bc7f3b3af1",
            "label": null,
            "isExecuted": false,
            "group": null,
            "uuid": "f6ac6114-90c3-4231-9ac0-f8085fc68616"
        },
        {
            "@type": "WorkflowRoute",
            "name": "enhance vars for ztpf -> Copy of run api",
            "targetStep": "\/api\/3\/workflow_steps\/07ff0d8f-d2cd-4abc-a1f8-550376523384",
            "sourceStep": "\/api\/3\/workflow_steps\/40f6db02-a3ec-42b6-b4ab-b06eacf9740e",
            "label": null,
            "isExecuted": false,
            "group": null,
            "uuid": "059d2b21-732d-4ab2-ae91-6e240318f997"
        },
        {
            "@type": "WorkflowRoute",
            "name": "enhance vars -> output type",
            "targetStep": "\/api\/3\/workflow_steps\/b07c9eee-dfc1-46f0-9c87-e19065dfddd3",
            "sourceStep": "\/api\/3\/workflow_steps\/2ec64665-0869-4447-8709-3fa6dd8eb18f",
            "label": null,
            "isExecuted": false,
            "group": null,
            "uuid": "e0449373-bca4-457d-98a7-8782e618698c"
        },
        {
            "@type": "WorkflowRoute",
            "name": "find target -> setup env",
            "targetStep": "\/api\/3\/workflow_steps\/2a8de963-7929-469f-b6f7-6e271ca38436",
            "sourceStep": "\/api\/3\/workflow_steps\/19c93c97-ef43-4040-9d7e-1513a6ae8466",
            "label": null,
            "isExecuted": false,
            "group": null,
            "uuid": "bc85ed09-d550-4d78-a10b-5b80cc52b69e"
        },
        {
            "@type": "WorkflowRoute",
            "name": "output results -> update output",
            "targetStep": "\/api\/3\/workflow_steps\/60bb60b4-0f6f-499a-835b-c7ec3eecc069",
            "sourceStep": "\/api\/3\/workflow_steps\/071b7324-243b-4630-a9d5-3fa00a3ddf15",
            "label": null,
            "isExecuted": false,
            "group": null,
            "uuid": "c47c140b-037e-440d-a8ed-bdf22e2bf868"
        },
        {
            "@type": "WorkflowRoute",
            "name": "output type -> enhance vars for api",
            "targetStep": "\/api\/3\/workflow_steps\/e3817f9d-9167-4caf-8aec-35372e6e8d8f",
            "sourceStep": "\/api\/3\/workflow_steps\/b07c9eee-dfc1-46f0-9c87-e19065dfddd3",
            "label": null,
            "isExecuted": false,
            "group": null,
            "uuid": "e924844d-e7a2-4658-86dd-27d6cb13f86b"
        },
        {
            "@type": "WorkflowRoute",
            "name": "output type -> enhance vars for nmap",
            "targetStep": "\/api\/3\/workflow_steps\/fe72dca6-72de-495e-b45e-0c82155ba956",
            "sourceStep": "\/api\/3\/workflow_steps\/b07c9eee-dfc1-46f0-9c87-e19065dfddd3",
            "label": null,
            "isExecuted": false,
            "group": null,
            "uuid": "0b58dab9-2c26-4d93-95e2-864193e8369b"
        },
        {
            "@type": "WorkflowRoute",
            "name": "output type -> enhance vars for playbook",
            "targetStep": "\/api\/3\/workflow_steps\/b7aa93b1-aa4c-42fb-a806-c93e5587fa6e",
            "sourceStep": "\/api\/3\/workflow_steps\/b07c9eee-dfc1-46f0-9c87-e19065dfddd3",
            "label": null,
            "isExecuted": false,
            "group": null,
            "uuid": "4d9ca8d5-af65-484d-a516-a2aac48a0585"
        },
        {
            "@type": "WorkflowRoute",
            "name": "output type -> enhance vars for ssh cmd",
            "targetStep": "\/api\/3\/workflow_steps\/c79f2c9d-7a4a-497e-8bf5-6706b13e9821",
            "sourceStep": "\/api\/3\/workflow_steps\/b07c9eee-dfc1-46f0-9c87-e19065dfddd3",
            "label": null,
            "isExecuted": false,
            "group": null,
            "uuid": "ee5022ee-75c3-4911-a544-3accfc3420a3"
        },
        {
            "@type": "WorkflowRoute",
            "name": "output type -> enhance vars for ssh script",
            "targetStep": "\/api\/3\/workflow_steps\/fa738500-6dac-42f2-9b5c-e5bc7f3b3af1",
            "sourceStep": "\/api\/3\/workflow_steps\/b07c9eee-dfc1-46f0-9c87-e19065dfddd3",
            "label": null,
            "isExecuted": false,
            "group": null,
            "uuid": "59cb15f1-47e6-45ad-91f5-cc943b66cf27"
        },
        {
            "@type": "WorkflowRoute",
            "name": "output type -> enhance vars for ztpf",
            "targetStep": "\/api\/3\/workflow_steps\/40f6db02-a3ec-42b6-b4ab-b06eacf9740e",
            "sourceStep": "\/api\/3\/workflow_steps\/b07c9eee-dfc1-46f0-9c87-e19065dfddd3",
            "label": null,
            "isExecuted": false,
            "group": null,
            "uuid": "b19d4f45-b288-4363-a5d3-b4d5b1e018ef"
        },
        {
            "@type": "WorkflowRoute",
            "name": "output type -> Unsupported",
            "targetStep": "\/api\/3\/workflow_steps\/e69e7f0b-431b-4384-aa9c-c79a2c138288",
            "sourceStep": "\/api\/3\/workflow_steps\/b07c9eee-dfc1-46f0-9c87-e19065dfddd3",
            "label": null,
            "isExecuted": false,
            "group": null,
            "uuid": "c668902c-497e-47b1-a441-932feca2d2e8"
        },
        {
            "@type": "WorkflowRoute",
            "name": "run api -> output results",
            "targetStep": "\/api\/3\/workflow_steps\/071b7324-243b-4630-a9d5-3fa00a3ddf15",
            "sourceStep": "\/api\/3\/workflow_steps\/eadb0b7d-03c8-4ec5-8918-309c459ddefa",
            "label": null,
            "isExecuted": false,
            "group": null,
            "uuid": "8a173d25-fcb1-4947-b54a-aa3850bc4442"
        },
        {
            "@type": "WorkflowRoute",
            "name": "run nmap cmd -> output results",
            "targetStep": "\/api\/3\/workflow_steps\/071b7324-243b-4630-a9d5-3fa00a3ddf15",
            "sourceStep": "\/api\/3\/workflow_steps\/b7893198-f1b3-4b17-8375-394e998b2195",
            "label": null,
            "isExecuted": false,
            "group": null,
            "uuid": "beee82cf-9381-4ce8-a8b8-b913b77825a0"
        },
        {
            "@type": "WorkflowRoute",
            "name": "run playbook -> output results",
            "targetStep": "\/api\/3\/workflow_steps\/071b7324-243b-4630-a9d5-3fa00a3ddf15",
            "sourceStep": "\/api\/3\/workflow_steps\/0ce534f0-dfa3-470a-a86e-72aefb1901c7",
            "label": null,
            "isExecuted": false,
            "group": null,
            "uuid": "a6d8e4c9-e492-487d-bfc3-9a7417345302"
        },
        {
            "@type": "WorkflowRoute",
            "name": "run ssh cmd -> output results",
            "targetStep": "\/api\/3\/workflow_steps\/071b7324-243b-4630-a9d5-3fa00a3ddf15",
            "sourceStep": "\/api\/3\/workflow_steps\/76a13a84-3066-4edf-bc98-86453ff060ba",
            "label": null,
            "isExecuted": false,
            "group": null,
            "uuid": "9b690c3c-d7db-495e-beb2-0b5db412cb59"
        },
        {
            "@type": "WorkflowRoute",
            "name": "run ssh script cmd -> output results",
            "targetStep": "\/api\/3\/workflow_steps\/071b7324-243b-4630-a9d5-3fa00a3ddf15",
            "sourceStep": "\/api\/3\/workflow_steps\/f5d8b551-56db-4dac-a539-b16f152c04c8",
            "label": null,
            "isExecuted": false,
            "group": null,
            "uuid": "9727c229-82d9-4bde-97ec-89dbcef107e2"
        },
        {
            "@type": "WorkflowRoute",
            "name": "setup env -> enhance vars",
            "targetStep": "\/api\/3\/workflow_steps\/2ec64665-0869-4447-8709-3fa6dd8eb18f",
            "sourceStep": "\/api\/3\/workflow_steps\/2a8de963-7929-469f-b6f7-6e271ca38436",
            "label": null,
            "isExecuted": false,
            "group": null,
            "uuid": "2030f89d-b199-4b07-8284-c9fb3e536463"
        },
        {
            "@type": "WorkflowRoute",
            "name": "Start -> find target",
            "targetStep": "\/api\/3\/workflow_steps\/19c93c97-ef43-4040-9d7e-1513a6ae8466",
            "sourceStep": "\/api\/3\/workflow_steps\/059571d8-6736-4086-b895-f1a279dc5218",
            "label": null,
            "isExecuted": false,
            "group": null,
            "uuid": "bb7857f8-5012-4536-90ad-74269093a2d8"
        }
    ],
    "groups": [
        {
            "@type": "WorkflowGroup",
            "name": "Playbook Logic",
            "description": "- Output records set to *Running* trigger this playbook. \n- Data from the New status should have already updated the output args.\n- Results of each output type return to the Source Data field of the output.\n- The filter leverages the Data Type to properly present the data.\n- Any problems detected should throw the status of the output to Failed. (TODO)",
            "type": "note",
            "isCollapsed": false,
            "hasTriggerStep": false,
            "hideInLogs": true,
            "metadata": [],
            "reusable": false,
            "top": "120",
            "left": "500",
            "height": "262",
            "width": "379",
            "uuid": "c748bb05-f87f-442c-8ff9-86e1cc0aa6ab",
            "recordTags": []
        }
    ],
    "priority": "\/api\/3\/picklists\/2b563c61-ae2c-41c0-a85a-c9709585e3f2",
    "playbookOrigin": "\/api\/3\/picklists\/b6d710a9-a8ec-41ec-8817-fe9fa062fcdd",
    "isEditable": true,
    "uuid": "e6041026-9ee6-47f3-a326-507208e28c1c",
    "owners": [],
    "isPrivate": false,
    "deletedAt": null,
    "recordTags": [
        "Netshot Output",
        "Trigger"
    ]
}