{
    "@type": "Workflow",
    "triggerLimit": null,
    "name": "> netshot domain - link profiles from same group",
    "aliasName": null,
    "tag": null,
    "description": "Find profile records attached to the domain groups",
    "isActive": true,
    "debug": false,
    "singleRecordExecution": false,
    "remoteExecutableFlag": false,
    "parameters": [
        "domain_record_id"
    ],
    "synchronous": false,
    "collection": "\/api\/3\/workflow_collections\/47462724-61c5-401a-be3b-53b8154157f9",
    "versions": [],
    "triggerStep": "\/api\/3\/workflow_steps\/60e8bca8-b030-4ae0-a743-839b19d566f6",
    "steps": [
        {
            "@type": "WorkflowStep",
            "name": "create domain data",
            "description": null,
            "arguments": {
                "domain_group_ids": "{{vars.steps.find_domain[0].netshotOutputGroups|json_query('[].id')}}"
            },
            "status": null,
            "top": "120",
            "left": "660",
            "stepType": "\/api\/3\/workflow_step_types\/04d0cf46-b6a8-42c4-8683-60a7eaa69e8f",
            "group": null,
            "uuid": "a7230483-8bd6-4ed8-939c-5d1297bf2701"
        },
        {
            "@type": "WorkflowStep",
            "name": "create output profile data",
            "description": null,
            "arguments": {
                "output_profile_id_list": "{{ vars.steps.find_output_profiles | json_query('[].id') }}",
                "output_profile_fqid_list": "{{ vars.steps.find_output_profiles | json_query('[].\"@id\"') }}"
            },
            "status": null,
            "top": "280",
            "left": "660",
            "stepType": "\/api\/3\/workflow_step_types\/04d0cf46-b6a8-42c4-8683-60a7eaa69e8f",
            "group": null,
            "uuid": "e11f3c2a-0f4d-4f89-ae2d-f6542ae50148"
        },
        {
            "@type": "WorkflowStep",
            "name": "find domain",
            "description": null,
            "arguments": {
                "query": {
                    "sort": [],
                    "limit": 30,
                    "logic": "AND",
                    "filters": [
                        {
                            "type": "primitive",
                            "field": "id",
                            "value": "{{vars.domain_record_id}}",
                            "operator": "eq",
                            "_operator": "eq"
                        }
                    ],
                    "__selectFields": [
                        "id",
                        "netshotOutputGroups",
                        "name"
                    ]
                },
                "module": "netshot_domains?$limit=1&$relationships=true&$fsr_max_relation_count=1000",
                "checkboxFields": true,
                "step_variables": []
            },
            "status": null,
            "top": "40",
            "left": "660",
            "stepType": "\/api\/3\/workflow_step_types\/b593663d-7d13-40ce-a3a3-96dece928770",
            "group": null,
            "uuid": "d8646200-dde5-4639-901e-60fe031dc146"
        },
        {
            "@type": "WorkflowStep",
            "name": "find output profiles",
            "description": null,
            "arguments": {
                "query": {
                    "sort": [],
                    "limit": 30,
                    "logic": "AND",
                    "filters": [
                        {
                            "type": "primitive",
                            "field": "netshotOutputGroups.id.uuid",
                            "value": "{{vars.domain_group_ids}}",
                            "operator": "in",
                            "_operator": "in"
                        }
                    ],
                    "__selectFields": [
                        "id",
                        "netshotOutputGroups"
                    ]
                },
                "module": "netshot_target_output_profiles?$limit=5000&$relationships=true&$fsr_max_relation_count=5000",
                "checkboxFields": true,
                "step_variables": {
                    "find_output_profile_data": "{{vars.steps.find_output_profiles}}"
                }
            },
            "status": null,
            "top": "200",
            "left": "660",
            "stepType": "\/api\/3\/workflow_step_types\/b593663d-7d13-40ce-a3a3-96dece928770",
            "group": null,
            "uuid": "be23d5aa-26eb-4df0-ad2f-a1ed36aab406"
        },
        {
            "@type": "WorkflowStep",
            "name": "return",
            "description": null,
            "arguments": {
                "output": "{{vars.steps.update_target_links}}"
            },
            "status": null,
            "top": "120",
            "left": "40",
            "stepType": "\/api\/3\/workflow_step_types\/04d0cf46-b6a8-42c4-8683-60a7eaa69e8f",
            "group": null,
            "uuid": "6b55080d-a28b-419a-add8-b2a1d1fbfcd2"
        },
        {
            "@type": "WorkflowStep",
            "name": "setup env",
            "description": null,
            "arguments": {
                "empty_data": "''",
                "empty_list": "[]",
                "domain_record_id": "{{vars.input.params['domain_record_id']}}"
            },
            "status": null,
            "top": "40",
            "left": "340",
            "stepType": "\/api\/3\/workflow_step_types\/04d0cf46-b6a8-42c4-8683-60a7eaa69e8f",
            "group": null,
            "uuid": "a9364726-a303-4925-9769-cd887aa9d310"
        },
        {
            "@type": "WorkflowStep",
            "name": "Start",
            "description": null,
            "arguments": {
                "__triggerLimit": true,
                "step_variables": {
                    "input": {
                        "params": []
                    }
                },
                "triggerOnSource": true,
                "triggerOnReplicate": false
            },
            "status": null,
            "top": "40",
            "left": "40",
            "stepType": "\/api\/3\/workflow_step_types\/b348f017-9a94-471f-87f8-ce88b6a7ad62",
            "group": null,
            "uuid": "60e8bca8-b030-4ae0-a743-839b19d566f6"
        },
        {
            "@type": "WorkflowStep",
            "name": "update target links",
            "description": null,
            "arguments": {
                "resource": {
                    "__link": {
                        "netshotTargetOutputProfiles": "{{vars.output_profile_fqid_list}}"
                    }
                },
                "operation": "Append",
                "collection": "{{vars.steps.find_domain[0]['@id']}}",
                "__recommend": [],
                "collectionType": "\/api\/3\/netshot_domains",
                "fieldOperation": {
                    "recordTags": "Append"
                },
                "step_variables": []
            },
            "status": null,
            "top": "120",
            "left": "340",
            "stepType": "\/api\/3\/workflow_step_types\/b593663d-7d13-40ce-a3a3-96dece928722",
            "group": null,
            "uuid": "9442ae27-8d56-4c96-96ec-d0da2ad25f59"
        }
    ],
    "routes": [
        {
            "@type": "WorkflowRoute",
            "name": "create domain data -> find output profiles",
            "targetStep": "\/api\/3\/workflow_steps\/be23d5aa-26eb-4df0-ad2f-a1ed36aab406",
            "sourceStep": "\/api\/3\/workflow_steps\/a7230483-8bd6-4ed8-939c-5d1297bf2701",
            "label": null,
            "isExecuted": false,
            "group": null,
            "uuid": "442e4888-36af-4226-afde-eab6f5adf46a"
        },
        {
            "@type": "WorkflowRoute",
            "name": "create output profile data -> update target links",
            "targetStep": "\/api\/3\/workflow_steps\/9442ae27-8d56-4c96-96ec-d0da2ad25f59",
            "sourceStep": "\/api\/3\/workflow_steps\/e11f3c2a-0f4d-4f89-ae2d-f6542ae50148",
            "label": null,
            "isExecuted": false,
            "group": null,
            "uuid": "adfbe102-ae5f-49e2-8525-bb62e74636f4"
        },
        {
            "@type": "WorkflowRoute",
            "name": "find output profiles -> create profile data",
            "targetStep": "\/api\/3\/workflow_steps\/e11f3c2a-0f4d-4f89-ae2d-f6542ae50148",
            "sourceStep": "\/api\/3\/workflow_steps\/be23d5aa-26eb-4df0-ad2f-a1ed36aab406",
            "label": null,
            "isExecuted": false,
            "group": null,
            "uuid": "a84c2281-2ca4-4ac9-84d1-d3cab49fd5d9"
        },
        {
            "@type": "WorkflowRoute",
            "name": "find target -> create target data",
            "targetStep": "\/api\/3\/workflow_steps\/a7230483-8bd6-4ed8-939c-5d1297bf2701",
            "sourceStep": "\/api\/3\/workflow_steps\/d8646200-dde5-4639-901e-60fe031dc146",
            "label": null,
            "isExecuted": false,
            "group": null,
            "uuid": "df2009aa-bb4d-4d08-8cdf-dd64175107e0"
        },
        {
            "@type": "WorkflowRoute",
            "name": "setup env -> find target",
            "targetStep": "\/api\/3\/workflow_steps\/d8646200-dde5-4639-901e-60fe031dc146",
            "sourceStep": "\/api\/3\/workflow_steps\/a9364726-a303-4925-9769-cd887aa9d310",
            "label": null,
            "isExecuted": false,
            "group": null,
            "uuid": "0940dc81-daa7-438c-b14e-d8352991b02d"
        },
        {
            "@type": "WorkflowRoute",
            "name": "Start -> setup env",
            "targetStep": "\/api\/3\/workflow_steps\/a9364726-a303-4925-9769-cd887aa9d310",
            "sourceStep": "\/api\/3\/workflow_steps\/60e8bca8-b030-4ae0-a743-839b19d566f6",
            "label": null,
            "isExecuted": false,
            "group": null,
            "uuid": "b91368c5-fa23-4a15-95de-cb9a88722fcb"
        },
        {
            "@type": "WorkflowRoute",
            "name": "update target links -> return",
            "targetStep": "\/api\/3\/workflow_steps\/6b55080d-a28b-419a-add8-b2a1d1fbfcd2",
            "sourceStep": "\/api\/3\/workflow_steps\/9442ae27-8d56-4c96-96ec-d0da2ad25f59",
            "label": null,
            "isExecuted": false,
            "group": null,
            "uuid": "4c9321f7-9e2d-46f3-921b-23cd21ec182e"
        }
    ],
    "groups": [],
    "priority": "\/api\/3\/picklists\/2b563c61-ae2c-41c0-a85a-c9709585e3f2",
    "playbookOrigin": "\/api\/3\/picklists\/b6d710a9-a8ec-41ec-8817-fe9fa062fcdd",
    "isEditable": true,
    "uuid": "0170e57b-f447-4c3f-b363-98fecb816e24",
    "owners": [],
    "isPrivate": false,
    "deletedAt": null,
    "recordTags": [
        "target_record_id"
    ]
}