{
    "@type": "Workflow",
    "triggerLimit": null,
    "name": "> netshot api - run rest api and return results",
    "aliasName": null,
    "tag": null,
    "description": "Run a REST API and return results.",
    "isActive": true,
    "debug": false,
    "singleRecordExecution": false,
    "remoteExecutableFlag": false,
    "parameters": [
        "asset_ip",
        "api_resource",
        "api_header",
        "api_body",
        "api_method",
        "context",
        "data_type"
    ],
    "synchronous": false,
    "collection": "\/api\/3\/workflow_collections\/47462724-61c5-401a-be3b-53b8154157f9",
    "versions": [],
    "triggerStep": "\/api\/3\/workflow_steps\/267cd222-82ad-4cc6-bcab-3b7af1a644c4",
    "steps": [
        {
            "@type": "WorkflowStep",
            "name": "execute api",
            "description": null,
            "arguments": {
                "params": {
                    "url": "{{vars.api_resource}}",
                    "body": "{{vars.api_body}}",
                    "method": "POST",
                    "params": "",
                    "verify": false,
                    "headers": "{{vars.api_header}}",
                    "password": "",
                    "username": "",
                    "auth_config": ""
                },
                "version": "3.5.0",
                "connector": "cyops_utilities",
                "operation": "api_call",
                "operationTitle": "Utils: Make REST API Call",
                "step_variables": []
            },
            "status": null,
            "top": "140",
            "left": "340",
            "stepType": "\/api\/3\/workflow_step_types\/0109f35d-090b-4a2b-bd8a-94cbc3508562",
            "group": null,
            "uuid": "f5f7d231-b541-43b6-b8d1-467b4773966e"
        },
        {
            "@type": "WorkflowStep",
            "name": "return",
            "description": null,
            "arguments": {
                "output": "{{vars.steps.execute_api.data|tojson}}"
            },
            "status": null,
            "top": "140",
            "left": "40",
            "stepType": "\/api\/3\/workflow_step_types\/04d0cf46-b6a8-42c4-8683-60a7eaa69e8f",
            "group": null,
            "uuid": "05c01405-43a9-47fa-85b6-ccdce9fc3753"
        },
        {
            "@type": "WorkflowStep",
            "name": "setup env",
            "description": null,
            "arguments": {
                "context": "{{vars.input.params.context}}",
                "api_body": "{{vars.input.params['api_body']}}",
                "asset_ip": "{{vars.input.params['asset_ip']}}",
                "data_type": "{%- set dt = vars.input.params['data_type'] -%}\n{%- if dt not in list ['',None,Null] -%}\n{{dt}}\n{%- else -%}\nJSON\n{%- endif -%}",
                "api_header": "{{vars.input.params['api_header']}}",
                "api_method": "{{vars.input.params['api_method']}}",
                "api_resource": "{{vars.input.params['api_resource']}}",
                "target_record_id": "{{vars.input.params['target_record_id']}}",
                "output_profile_fqid": "{{vars.input.params['output_profile_fqid']}}"
            },
            "status": null,
            "top": "40",
            "left": "340",
            "stepType": "\/api\/3\/workflow_step_types\/04d0cf46-b6a8-42c4-8683-60a7eaa69e8f",
            "group": null,
            "uuid": "a799a40b-0d67-418c-a645-29147aaf9025"
        },
        {
            "@type": "WorkflowStep",
            "name": "Start",
            "description": null,
            "arguments": {
                "__triggerLimit": true,
                "step_variables": {
                    "input": {
                        "params": []
                    }
                },
                "triggerOnSource": true,
                "triggerOnReplicate": false
            },
            "status": null,
            "top": "40",
            "left": "40",
            "stepType": "\/api\/3\/workflow_step_types\/b348f017-9a94-471f-87f8-ce88b6a7ad62",
            "group": null,
            "uuid": "267cd222-82ad-4cc6-bcab-3b7af1a644c4"
        }
    ],
    "routes": [
        {
            "@type": "WorkflowRoute",
            "name": "execute api -> return",
            "targetStep": "\/api\/3\/workflow_steps\/05c01405-43a9-47fa-85b6-ccdce9fc3753",
            "sourceStep": "\/api\/3\/workflow_steps\/f5f7d231-b541-43b6-b8d1-467b4773966e",
            "label": null,
            "isExecuted": false,
            "group": null,
            "uuid": "062045af-bd4c-4ee9-b4af-29bc0ad711d0"
        },
        {
            "@type": "WorkflowRoute",
            "name": "setup env -> execute api",
            "targetStep": "\/api\/3\/workflow_steps\/f5f7d231-b541-43b6-b8d1-467b4773966e",
            "sourceStep": "\/api\/3\/workflow_steps\/a799a40b-0d67-418c-a645-29147aaf9025",
            "label": null,
            "isExecuted": false,
            "group": null,
            "uuid": "835885cc-6528-4d34-bfd0-f2b8b556c2d7"
        },
        {
            "@type": "WorkflowRoute",
            "name": "Start -> setup env",
            "targetStep": "\/api\/3\/workflow_steps\/a799a40b-0d67-418c-a645-29147aaf9025",
            "sourceStep": "\/api\/3\/workflow_steps\/267cd222-82ad-4cc6-bcab-3b7af1a644c4",
            "label": null,
            "isExecuted": false,
            "group": null,
            "uuid": "15fb0203-a278-4e81-9a12-5daf6258e11f"
        }
    ],
    "groups": [],
    "priority": "\/api\/3\/picklists\/2b563c61-ae2c-41c0-a85a-c9709585e3f2",
    "playbookOrigin": "\/api\/3\/picklists\/b6d710a9-a8ec-41ec-8817-fe9fa062fcdd",
    "isEditable": true,
    "uuid": "6b32247d-afae-462f-84df-92b0f59eb1e4",
    "owners": [],
    "isPrivate": false,
    "deletedAt": null,
    "recordTags": [
        "api_body",
        "api_header",
        "api_method",
        "api_resource",
        "asset_ip",
        "context",
        "data_type",
        "Subroutine"
    ]
}