{
    "@type": "Workflow",
    "triggerLimit": null,
    "name": "> netshot target output - run on target",
    "aliasName": null,
    "tag": null,
    "description": "Run a target output on a target linked or not.",
    "isActive": false,
    "debug": false,
    "singleRecordExecution": false,
    "remoteExecutableFlag": false,
    "parameters": [
        "target_output_profile_id",
        "target_id"
    ],
    "synchronous": false,
    "collection": "\/api\/3\/workflow_collections\/47462724-61c5-401a-be3b-53b8154157f9",
    "versions": [],
    "triggerStep": "\/api\/3\/workflow_steps\/60ece0f0-042b-475d-83ce-01ef9ecf657d",
    "steps": [
        {
            "@type": "WorkflowStep",
            "name": "create output api",
            "description": null,
            "arguments": {
                "arguments": {
                    "context": "{{vars.context}}",
                    "api_body": "{{vars.api_body}}",
                    "asset_ip": "{{vars.asset_ip}}",
                    "data_type": "{{vars.output_data_type}}",
                    "api_header": "{{vars.api_header}}",
                    "api_method": "{{vars.api_method}}",
                    "api_resource": "{{vars.api_resource}}",
                    "target_record_id": "{{vars.target_id}}",
                    "output_profile_fqid": "{{vars.output_profile_fqid}}"
                },
                "apply_async": false,
                "step_variables": [],
                "pass_parent_env": false,
                "pass_input_record": false,
                "workflowReference": "\/api\/3\/workflows\/f1e57db3-3e17-4fe3-a9cd-b7a4efdc1530"
            },
            "status": null,
            "top": "540",
            "left": "780",
            "stepType": "\/api\/3\/workflow_step_types\/74932bdc-b8b6-4d24-88c4-1a4dfbc524f3",
            "group": null,
            "uuid": "1286a361-a2d6-43df-b07b-1726c33ac99b"
        },
        {
            "@type": "WorkflowStep",
            "name": "create output nmap",
            "description": null,
            "arguments": {
                "arguments": {
                    "asset_ip": "{{vars.target_ip}}",
                    "nmap_command": "{{vars.nmap_commands}}",
                    "target_record_id": "{{vars.target_id}}",
                    "output_profile_fqid": "{{vars.output_profile_fqid}}"
                },
                "apply_async": false,
                "step_variables": [],
                "pass_parent_env": false,
                "pass_input_record": false,
                "workflowReference": "\/api\/3\/workflows\/c727219e-bdf7-4930-ba3b-9abc2abef6f7"
            },
            "status": null,
            "top": "460",
            "left": "760",
            "stepType": "\/api\/3\/workflow_step_types\/74932bdc-b8b6-4d24-88c4-1a4dfbc524f3",
            "group": null,
            "uuid": "b9915cd4-1e34-4834-bf91-823fb147c7d2"
        },
        {
            "@type": "WorkflowStep",
            "name": "create output playbook",
            "description": null,
            "arguments": {
                "arguments": {
                    "context": "{{vars.context}}",
                    "data_type": "{{vars.output_data_type}}",
                    "playbook_id": "{{vars.playbook_id}}",
                    "target_record_id": "{{vars.target_id}}",
                    "output_profile_fqid": "{{vars.output_profile_fqid}}"
                },
                "apply_async": false,
                "step_variables": [],
                "pass_parent_env": false,
                "pass_input_record": false,
                "workflowReference": "\/api\/3\/workflows\/5a40fd15-d283-48fa-922a-55e6d7ad47f0"
            },
            "status": null,
            "top": "700",
            "left": "820",
            "stepType": "\/api\/3\/workflow_step_types\/74932bdc-b8b6-4d24-88c4-1a4dfbc524f3",
            "group": null,
            "uuid": "2a75d7a7-f353-4eb4-abad-0e8552396798"
        },
        {
            "@type": "WorkflowStep",
            "name": "create output ssh cmd",
            "description": null,
            "arguments": {
                "arguments": {
                    "asset_ip": "{{vars.target_ip}}",
                    "commands": "{{vars.output_resource}}",
                    "asset_user": "{{vars.target_username}}",
                    "asset_password": "{{vars.target_passsword}}",
                    "target_record_id": "{{vars.target_id}}",
                    "output_profile_fqid": "{{vars.output_profile_fqid}}"
                },
                "apply_async": false,
                "step_variables": [],
                "pass_parent_env": false,
                "pass_input_record": false,
                "workflowReference": "\/api\/3\/workflows\/beac8b60-5d3f-4fd8-9c80-7ad642f67f2f"
            },
            "status": null,
            "top": "300",
            "left": "720",
            "stepType": "\/api\/3\/workflow_step_types\/74932bdc-b8b6-4d24-88c4-1a4dfbc524f3",
            "group": null,
            "uuid": "07199182-7e57-4572-89f2-8bd5d318f3cd"
        },
        {
            "@type": "WorkflowStep",
            "name": "create output ssh script",
            "description": null,
            "arguments": {
                "arguments": {
                    "asset_ip": "{{vars.target_ip}}",
                    "commands": "{{vars.output_resource}}",
                    "asset_user": "{{vars.target_username}}",
                    "asset_password": "{{vars.target_passsword}}",
                    "output_context": "{{vars.context}}",
                    "target_record_id": "{{vars.target_id}}",
                    "output_profile_fqid": "{{vars.output_profile_fqid}}"
                },
                "apply_async": false,
                "step_variables": [],
                "pass_parent_env": false,
                "pass_input_record": false,
                "workflowReference": "\/api\/3\/workflows\/4383953d-f045-470d-b241-15a9ecf78b52"
            },
            "status": null,
            "top": "380",
            "left": "740",
            "stepType": "\/api\/3\/workflow_step_types\/74932bdc-b8b6-4d24-88c4-1a4dfbc524f3",
            "group": null,
            "uuid": "5c93c596-950c-42de-9ae1-753119e3f862"
        },
        {
            "@type": "WorkflowStep",
            "name": "create output ztpf",
            "description": null,
            "arguments": {
                "arguments": {
                    "context": "{{vars.context}}",
                    "ztp_profile": "{{vars.ztp_profile}}",
                    "ztpf_device": "{{vars.ztpf_device}}",
                    "ztpf_manager": "{{vars.ztpf_manager}}",
                    "target_record_id": "{{vars.target_id}}",
                    "output_profile_fqid": "{{vars.output_profile_fqid}}"
                },
                "apply_async": false,
                "step_variables": [],
                "pass_parent_env": false,
                "pass_input_record": false,
                "workflowReference": "\/api\/3\/workflows\/b8220c9b-a919-4306-bb9d-37000fabbd8e"
            },
            "status": null,
            "top": "620",
            "left": "800",
            "stepType": "\/api\/3\/workflow_step_types\/74932bdc-b8b6-4d24-88c4-1a4dfbc524f3",
            "group": null,
            "uuid": "55ea7bd8-a248-4abf-a263-e0968a1136ec"
        },
        {
            "@type": "WorkflowStep",
            "name": "create target data",
            "description": null,
            "arguments": {
                "find_target": "{{vars.steps.find_target}}",
                "output_method": "{{vars.steps.find_target_output_profile[0].targetOutputMethod.itemValue}}",
                "output_resource": "{{vars.steps.find_target_output_profile[0].outputResource}}",
                "output_data_type": "{%- set data_type = vars.steps.find_target_output_profile[0].dataType.itemValue  -%}\n{%- if data_type not in ['',None] -%}\n{{data_type}}\n{%- else -%}\nTEXT\n{%- endif -%}",
                "output_profile_fqid": "{{vars.steps.find_target_output_profile[0]['@id']}}",
                "output_profile_name": "{{vars.steps.find_target_output_profile[0].name}}",
                "find_target_output_profile": "{{vars.steps.find_target_output_profile}}"
            },
            "status": null,
            "top": "40",
            "left": "1120",
            "stepType": "\/api\/3\/workflow_step_types\/04d0cf46-b6a8-42c4-8683-60a7eaa69e8f",
            "group": null,
            "uuid": "755c573d-3095-4250-b326-31746df16e92"
        },
        {
            "@type": "WorkflowStep",
            "name": "done",
            "description": null,
            "arguments": [],
            "status": null,
            "top": "120",
            "left": "40",
            "stepType": "\/api\/3\/workflow_step_types\/04d0cf46-b6a8-42c4-8683-60a7eaa69e8f",
            "group": null,
            "uuid": "1d64fb1e-ebba-440f-943f-1afb95ec43bf"
        },
        {
            "@type": "WorkflowStep",
            "name": "enhance vars for api",
            "description": null,
            "arguments": {
                "context": "{{vars.steps.find_target_output_profile[0].name}}",
                "api_body": "{{vars.steps.find_target_output_profile[0].rESTAPIBody}}",
                "asset_ip": "{{vars.steps.find_target[0].deviceIP}}",
                "api_header": "{{vars.steps.find_target_output_profile[0].rESTAPIHeader}}",
                "api_method": "{{vars.steps.find_target_output_profile[0].rESTAPIMethod}}",
                "api_resource": "{{vars.output_resource}}"
            },
            "status": null,
            "top": "540",
            "left": "1080",
            "stepType": "\/api\/3\/workflow_step_types\/04d0cf46-b6a8-42c4-8683-60a7eaa69e8f",
            "group": null,
            "uuid": "5f926f5d-a1ac-42db-80a3-8906eb7f4f2b"
        },
        {
            "@type": "WorkflowStep",
            "name": "enhance vars for nmap",
            "description": null,
            "arguments": {
                "target_ip": "{{vars.steps.find_target[0].deviceIP}}",
                "nmap_commands": "{{vars.output_resource}}"
            },
            "status": null,
            "top": "460",
            "left": "1060",
            "stepType": "\/api\/3\/workflow_step_types\/04d0cf46-b6a8-42c4-8683-60a7eaa69e8f",
            "group": null,
            "uuid": "314beb5e-84cc-4478-9f16-2109aec21626"
        },
        {
            "@type": "WorkflowStep",
            "name": "enhance vars for playbook",
            "description": null,
            "arguments": {
                "context": "{{vars.steps.find_target_output_profile[0].name}}",
                "playbook_id": "{{vars.output_resource}}"
            },
            "status": null,
            "top": "700",
            "left": "1120",
            "stepType": "\/api\/3\/workflow_step_types\/04d0cf46-b6a8-42c4-8683-60a7eaa69e8f",
            "group": null,
            "uuid": "b091bff2-71d7-48e2-8ccc-6916e5787886"
        },
        {
            "@type": "WorkflowStep",
            "name": "enhance vars for ssh cmd",
            "description": null,
            "arguments": {
                "target_ip": "{{vars.steps.find_target[0].deviceIP}}",
                "target_username": "{{vars.steps.find_target[0].deviceUsername}}",
                "target_passsword": "{{vars.steps.find_target[0].devicePassword}}"
            },
            "status": null,
            "top": "300",
            "left": "1020",
            "stepType": "\/api\/3\/workflow_step_types\/04d0cf46-b6a8-42c4-8683-60a7eaa69e8f",
            "group": null,
            "uuid": "e0fe884e-2c21-459b-85a1-cd16127a1d84"
        },
        {
            "@type": "WorkflowStep",
            "name": "enhance vars for ssh script",
            "description": null,
            "arguments": {
                "context": "{{vars.output_profile_name}}",
                "target_ip": "{{vars.steps.find_target[0].deviceIP}}",
                "target_username": "{{vars.steps.find_target[0].deviceUsername}}",
                "target_passsword": "{{vars.steps.find_target[0].devicePassword}}"
            },
            "status": null,
            "top": "380",
            "left": "1040",
            "stepType": "\/api\/3\/workflow_step_types\/04d0cf46-b6a8-42c4-8683-60a7eaa69e8f",
            "group": null,
            "uuid": "0f1ac8d9-e0e9-4ccb-a5ab-aa80aa025c1e"
        },
        {
            "@type": "WorkflowStep",
            "name": "enhance vars for ztpf",
            "description": null,
            "arguments": {
                "context": "{{vars.steps.find_target_output_profile[0].name}}",
                "ztp_profile": "{{vars.output_resource}}",
                "ztpf_device": "{{vars.steps.find_target_output_profile[0].zTPFDevice}}",
                "ztpf_manager": "{{vars.steps.find_target_output_profile[0].zTPFManager}}"
            },
            "status": null,
            "top": "620",
            "left": "1100",
            "stepType": "\/api\/3\/workflow_step_types\/04d0cf46-b6a8-42c4-8683-60a7eaa69e8f",
            "group": null,
            "uuid": "124b0275-fd5d-4d5d-bb63-2095ddfb6626"
        },
        {
            "@type": "WorkflowStep",
            "name": "find target",
            "description": null,
            "arguments": {
                "query": {
                    "sort": [],
                    "limit": 30,
                    "logic": "AND",
                    "filters": [
                        {
                            "type": "primitive",
                            "field": "id",
                            "value": "{{vars.target_id}}",
                            "operator": "eq",
                            "_operator": "eq"
                        }
                    ],
                    "__selectFields": [
                        "name",
                        "netshotDomains",
                        "type",
                        "deviceIP",
                        "deviceUsername",
                        "devicePassword",
                        "deviceAPIKey"
                    ]
                },
                "module": "netshot_targets?$limit=1",
                "checkboxFields": true,
                "step_variables": []
            },
            "status": null,
            "top": "160",
            "left": "660",
            "stepType": "\/api\/3\/workflow_step_types\/b593663d-7d13-40ce-a3a3-96dece928770",
            "group": null,
            "uuid": "461749f5-965f-404e-8629-8a18164c995d"
        },
        {
            "@type": "WorkflowStep",
            "name": "find target output profile",
            "description": null,
            "arguments": {
                "query": {
                    "sort": [],
                    "limit": 30,
                    "logic": "AND",
                    "filters": [
                        {
                            "type": "primitive",
                            "field": "id",
                            "value": "{{vars.target_output_profile_id}}",
                            "operator": "eq",
                            "_operator": "eq"
                        }
                    ],
                    "__selectFields": [
                        "name",
                        "targetOutputMethod",
                        "dataType",
                        "outputResource",
                        "rESTAPIMethod",
                        "rESTAPIHeader",
                        "rESTAPIBody",
                        "id",
                        "zTPFManager",
                        "zTPFDevice"
                    ]
                },
                "module": "netshot_target_output_profiles?$limit=1",
                "checkboxFields": true,
                "step_variables": []
            },
            "status": null,
            "top": "40",
            "left": "660",
            "stepType": "\/api\/3\/workflow_step_types\/b593663d-7d13-40ce-a3a3-96dece928770",
            "group": null,
            "uuid": "cccc3b1c-5357-4a21-ac65-c9ab0ab41e8f"
        },
        {
            "@type": "WorkflowStep",
            "name": "output type",
            "description": null,
            "arguments": {
                "conditions": [
                    {
                        "default": true,
                        "step_iri": "\/api\/3\/workflow_steps\/85de0685-daf2-4d6c-aaa8-659cb0278c28",
                        "step_name": "Unsupported"
                    },
                    {
                        "step_iri": "\/api\/3\/workflow_steps\/e0fe884e-2c21-459b-85a1-cd16127a1d84",
                        "condition": "{{ vars.output_method|lower == \"ssh command\" }}",
                        "step_name": "enhance vars for ssh cmd"
                    },
                    {
                        "step_iri": "\/api\/3\/workflow_steps\/314beb5e-84cc-4478-9f16-2109aec21626",
                        "condition": "{{ vars.output_method|lower == \"nmap\" }}",
                        "step_name": "enhance vars for nmap"
                    },
                    {
                        "step_iri": "\/api\/3\/workflow_steps\/b091bff2-71d7-48e2-8ccc-6916e5787886",
                        "condition": "{{ vars.output_method|lower == \"playbook\" }}",
                        "step_name": "enhance vars for playbook"
                    },
                    {
                        "step_iri": "\/api\/3\/workflow_steps\/0f1ac8d9-e0e9-4ccb-a5ab-aa80aa025c1e",
                        "condition": "{{ vars.output_method|lower == \"ssh script\" }}",
                        "step_name": "enhance vars for ssh script"
                    },
                    {
                        "step_iri": "\/api\/3\/workflow_steps\/5f926f5d-a1ac-42db-80a3-8906eb7f4f2b",
                        "condition": "{{ vars.output_method|lower == \"rest api\" }}",
                        "step_name": "enhance vars for api"
                    },
                    {
                        "step_iri": "\/api\/3\/workflow_steps\/124b0275-fd5d-4d5d-bb63-2095ddfb6626",
                        "condition": "{{ vars.output_method|lower == \"ztpf\" }}",
                        "step_name": "enhance vars for ztpf"
                    }
                ],
                "step_variables": []
            },
            "status": null,
            "top": "280",
            "left": "1680",
            "stepType": "\/api\/3\/workflow_step_types\/12254cf5-5db7-4b1a-8cb1-3af081924b28",
            "group": null,
            "uuid": "643ed026-7ae8-4b3d-829d-97faba1b2e1a"
        },
        {
            "@type": "WorkflowStep",
            "name": "setup env",
            "description": null,
            "arguments": {
                "target_id": "{{vars.input.params['target_id']}}",
                "target_output_profile_id": "{{vars.input.params['target_output_profile_id']}}"
            },
            "status": null,
            "top": "40",
            "left": "340",
            "stepType": "\/api\/3\/workflow_step_types\/04d0cf46-b6a8-42c4-8683-60a7eaa69e8f",
            "group": null,
            "uuid": "129cffed-b688-4978-92f5-e81ca7f64f37"
        },
        {
            "@type": "WorkflowStep",
            "name": "Start",
            "description": null,
            "arguments": {
                "__triggerLimit": true,
                "step_variables": {
                    "input": {
                        "params": []
                    }
                },
                "triggerOnSource": true,
                "triggerOnReplicate": false
            },
            "status": null,
            "top": "40",
            "left": "40",
            "stepType": "\/api\/3\/workflow_step_types\/b348f017-9a94-471f-87f8-ce88b6a7ad62",
            "group": null,
            "uuid": "60ece0f0-042b-475d-83ce-01ef9ecf657d"
        },
        {
            "@type": "WorkflowStep",
            "name": "Unsupported",
            "description": null,
            "arguments": {
                "output": "{{vars.output_method}}"
            },
            "status": null,
            "top": "160",
            "left": "1680",
            "stepType": "\/api\/3\/workflow_step_types\/04d0cf46-b6a8-42c4-8683-60a7eaa69e8f",
            "group": null,
            "uuid": "85de0685-daf2-4d6c-aaa8-659cb0278c28"
        }
    ],
    "routes": [
        {
            "@type": "WorkflowRoute",
            "name": "Copy of create output api -> done",
            "targetStep": "\/api\/3\/workflow_steps\/1d64fb1e-ebba-440f-943f-1afb95ec43bf",
            "sourceStep": "\/api\/3\/workflow_steps\/55ea7bd8-a248-4abf-a263-e0968a1136ec",
            "label": null,
            "isExecuted": false,
            "group": null,
            "uuid": "0c84f8ff-1868-4c35-9ac5-8003c9cf9391"
        },
        {
            "@type": "WorkflowRoute",
            "name": "Copy of create output ssh cmd -> return",
            "targetStep": "\/api\/3\/workflow_steps\/1d64fb1e-ebba-440f-943f-1afb95ec43bf",
            "sourceStep": "\/api\/3\/workflow_steps\/5c93c596-950c-42de-9ae1-753119e3f862",
            "label": null,
            "isExecuted": false,
            "group": null,
            "uuid": "4757bf12-8d90-48ff-8b90-25eb959133de"
        },
        {
            "@type": "WorkflowRoute",
            "name": "Copy of enhance vars for api -> Copy of create output api",
            "targetStep": "\/api\/3\/workflow_steps\/55ea7bd8-a248-4abf-a263-e0968a1136ec",
            "sourceStep": "\/api\/3\/workflow_steps\/124b0275-fd5d-4d5d-bb63-2095ddfb6626",
            "label": null,
            "isExecuted": false,
            "group": null,
            "uuid": "f9531f3a-e9c2-42c1-aa12-37aeb2edd0b6"
        },
        {
            "@type": "WorkflowRoute",
            "name": "create output api -> return",
            "targetStep": "\/api\/3\/workflow_steps\/1d64fb1e-ebba-440f-943f-1afb95ec43bf",
            "sourceStep": "\/api\/3\/workflow_steps\/1286a361-a2d6-43df-b07b-1726c33ac99b",
            "label": null,
            "isExecuted": false,
            "group": null,
            "uuid": "f1ac36e8-b312-44e8-be8a-921f5a8283da"
        },
        {
            "@type": "WorkflowRoute",
            "name": "create output playbook -> return",
            "targetStep": "\/api\/3\/workflow_steps\/1d64fb1e-ebba-440f-943f-1afb95ec43bf",
            "sourceStep": "\/api\/3\/workflow_steps\/2a75d7a7-f353-4eb4-abad-0e8552396798",
            "label": null,
            "isExecuted": false,
            "group": null,
            "uuid": "45165818-23cd-4773-9e52-8724c48fa9b5"
        },
        {
            "@type": "WorkflowRoute",
            "name": "create target data -> output type",
            "targetStep": "\/api\/3\/workflow_steps\/643ed026-7ae8-4b3d-829d-97faba1b2e1a",
            "sourceStep": "\/api\/3\/workflow_steps\/755c573d-3095-4250-b326-31746df16e92",
            "label": null,
            "isExecuted": false,
            "group": null,
            "uuid": "8d608e5d-7419-4a23-bb85-b5e0a7f40190"
        },
        {
            "@type": "WorkflowRoute",
            "name": "create target output nmap -> return",
            "targetStep": "\/api\/3\/workflow_steps\/1d64fb1e-ebba-440f-943f-1afb95ec43bf",
            "sourceStep": "\/api\/3\/workflow_steps\/b9915cd4-1e34-4834-bf91-823fb147c7d2",
            "label": null,
            "isExecuted": false,
            "group": null,
            "uuid": "32457609-c3cf-4de1-bb3c-38b621813fc6"
        },
        {
            "@type": "WorkflowRoute",
            "name": "create target output -> return",
            "targetStep": "\/api\/3\/workflow_steps\/1d64fb1e-ebba-440f-943f-1afb95ec43bf",
            "sourceStep": "\/api\/3\/workflow_steps\/07199182-7e57-4572-89f2-8bd5d318f3cd",
            "label": null,
            "isExecuted": false,
            "group": null,
            "uuid": "9f156812-4bc5-4b89-80a2-ba9b57bfecb9"
        },
        {
            "@type": "WorkflowRoute",
            "name": "enhance vars for api -> create output api",
            "targetStep": "\/api\/3\/workflow_steps\/1286a361-a2d6-43df-b07b-1726c33ac99b",
            "sourceStep": "\/api\/3\/workflow_steps\/5f926f5d-a1ac-42db-80a3-8906eb7f4f2b",
            "label": null,
            "isExecuted": false,
            "group": null,
            "uuid": "c55ff1b9-ba0f-4487-a8de-332aff5a0bd2"
        },
        {
            "@type": "WorkflowRoute",
            "name": "enhance vars for nmap -> Copy of create target output ssh",
            "targetStep": "\/api\/3\/workflow_steps\/b9915cd4-1e34-4834-bf91-823fb147c7d2",
            "sourceStep": "\/api\/3\/workflow_steps\/314beb5e-84cc-4478-9f16-2109aec21626",
            "label": null,
            "isExecuted": false,
            "group": null,
            "uuid": "93320c20-39cb-47c1-b0dd-7b19d55cdeb2"
        },
        {
            "@type": "WorkflowRoute",
            "name": "enhance vars for playbook -> Copy of create target output nmap",
            "targetStep": "\/api\/3\/workflow_steps\/2a75d7a7-f353-4eb4-abad-0e8552396798",
            "sourceStep": "\/api\/3\/workflow_steps\/b091bff2-71d7-48e2-8ccc-6916e5787886",
            "label": null,
            "isExecuted": false,
            "group": null,
            "uuid": "a5db242d-8efe-47f9-ab44-358265b93bc8"
        },
        {
            "@type": "WorkflowRoute",
            "name": "enhance vars for ssh -> create target output",
            "targetStep": "\/api\/3\/workflow_steps\/07199182-7e57-4572-89f2-8bd5d318f3cd",
            "sourceStep": "\/api\/3\/workflow_steps\/e0fe884e-2c21-459b-85a1-cd16127a1d84",
            "label": null,
            "isExecuted": false,
            "group": null,
            "uuid": "56dac7c1-c2b2-444b-ab18-539c34b9764d"
        },
        {
            "@type": "WorkflowRoute",
            "name": "enhance vars for ssh script -> Copy of create output ssh cmd",
            "targetStep": "\/api\/3\/workflow_steps\/5c93c596-950c-42de-9ae1-753119e3f862",
            "sourceStep": "\/api\/3\/workflow_steps\/0f1ac8d9-e0e9-4ccb-a5ab-aa80aa025c1e",
            "label": null,
            "isExecuted": false,
            "group": null,
            "uuid": "8ab66ea5-a092-4928-925a-41c4a96ee9b9"
        },
        {
            "@type": "WorkflowRoute",
            "name": "find target -> create target data",
            "targetStep": "\/api\/3\/workflow_steps\/755c573d-3095-4250-b326-31746df16e92",
            "sourceStep": "\/api\/3\/workflow_steps\/461749f5-965f-404e-8629-8a18164c995d",
            "label": null,
            "isExecuted": false,
            "group": null,
            "uuid": "384dd258-d1f5-4dab-844d-2751e805e60e"
        },
        {
            "@type": "WorkflowRoute",
            "name": "find target output profile -> Copy of find target output profile",
            "targetStep": "\/api\/3\/workflow_steps\/461749f5-965f-404e-8629-8a18164c995d",
            "sourceStep": "\/api\/3\/workflow_steps\/cccc3b1c-5357-4a21-ac65-c9ab0ab41e8f",
            "label": null,
            "isExecuted": false,
            "group": null,
            "uuid": "fc2d4227-32a3-4b79-86f2-701dd0577f8c"
        },
        {
            "@type": "WorkflowRoute",
            "name": "output type -> Copy of enhance vars for api",
            "targetStep": "\/api\/3\/workflow_steps\/124b0275-fd5d-4d5d-bb63-2095ddfb6626",
            "sourceStep": "\/api\/3\/workflow_steps\/643ed026-7ae8-4b3d-829d-97faba1b2e1a",
            "label": null,
            "isExecuted": false,
            "group": null,
            "uuid": "10fe920e-49fb-48a8-9716-7dea7014ed7a"
        },
        {
            "@type": "WorkflowRoute",
            "name": "output type -> Copy of enhance vars for ssh cmd",
            "targetStep": "\/api\/3\/workflow_steps\/0f1ac8d9-e0e9-4ccb-a5ab-aa80aa025c1e",
            "sourceStep": "\/api\/3\/workflow_steps\/643ed026-7ae8-4b3d-829d-97faba1b2e1a",
            "label": null,
            "isExecuted": false,
            "group": null,
            "uuid": "02222994-4d6a-4c33-949e-2eedd53fed35"
        },
        {
            "@type": "WorkflowRoute",
            "name": "output type -> enhance vars for api",
            "targetStep": "\/api\/3\/workflow_steps\/5f926f5d-a1ac-42db-80a3-8906eb7f4f2b",
            "sourceStep": "\/api\/3\/workflow_steps\/643ed026-7ae8-4b3d-829d-97faba1b2e1a",
            "label": null,
            "isExecuted": false,
            "group": null,
            "uuid": "066ebc5c-dec6-4fa7-a731-2e68172c1ec3"
        },
        {
            "@type": "WorkflowRoute",
            "name": "output type -> enhance vars for nmap",
            "targetStep": "\/api\/3\/workflow_steps\/314beb5e-84cc-4478-9f16-2109aec21626",
            "sourceStep": "\/api\/3\/workflow_steps\/643ed026-7ae8-4b3d-829d-97faba1b2e1a",
            "label": null,
            "isExecuted": false,
            "group": null,
            "uuid": "2190174f-8760-4d25-a22d-e2fb0803d65a"
        },
        {
            "@type": "WorkflowRoute",
            "name": "output type -> enhance vars for playbook",
            "targetStep": "\/api\/3\/workflow_steps\/b091bff2-71d7-48e2-8ccc-6916e5787886",
            "sourceStep": "\/api\/3\/workflow_steps\/643ed026-7ae8-4b3d-829d-97faba1b2e1a",
            "label": null,
            "isExecuted": false,
            "group": null,
            "uuid": "46eef045-ebc4-43d6-ac5c-da85a6984800"
        },
        {
            "@type": "WorkflowRoute",
            "name": "output type -> enhance vars for ssh",
            "targetStep": "\/api\/3\/workflow_steps\/e0fe884e-2c21-459b-85a1-cd16127a1d84",
            "sourceStep": "\/api\/3\/workflow_steps\/643ed026-7ae8-4b3d-829d-97faba1b2e1a",
            "label": null,
            "isExecuted": false,
            "group": null,
            "uuid": "9d342bbc-237c-42de-8089-15a2685116c8"
        },
        {
            "@type": "WorkflowRoute",
            "name": "output type -> Unsupported",
            "targetStep": "\/api\/3\/workflow_steps\/85de0685-daf2-4d6c-aaa8-659cb0278c28",
            "sourceStep": "\/api\/3\/workflow_steps\/643ed026-7ae8-4b3d-829d-97faba1b2e1a",
            "label": null,
            "isExecuted": false,
            "group": null,
            "uuid": "7ce746de-4b53-41b4-874c-dc4e72da25c3"
        },
        {
            "@type": "WorkflowRoute",
            "name": "setup env -> find target output profile",
            "targetStep": "\/api\/3\/workflow_steps\/cccc3b1c-5357-4a21-ac65-c9ab0ab41e8f",
            "sourceStep": "\/api\/3\/workflow_steps\/129cffed-b688-4978-92f5-e81ca7f64f37",
            "label": null,
            "isExecuted": false,
            "group": null,
            "uuid": "4a5396fc-7804-4b0b-9b71-b07945d1c1d1"
        },
        {
            "@type": "WorkflowRoute",
            "name": "Start -> setup env",
            "targetStep": "\/api\/3\/workflow_steps\/129cffed-b688-4978-92f5-e81ca7f64f37",
            "sourceStep": "\/api\/3\/workflow_steps\/60ece0f0-042b-475d-83ce-01ef9ecf657d",
            "label": null,
            "isExecuted": false,
            "group": null,
            "uuid": "273f2832-e480-4991-9ae6-b3ae148b9cb5"
        }
    ],
    "groups": [],
    "priority": "\/api\/3\/picklists\/2b563c61-ae2c-41c0-a85a-c9709585e3f2",
    "playbookOrigin": "\/api\/3\/picklists\/b6d710a9-a8ec-41ec-8817-fe9fa062fcdd",
    "isEditable": true,
    "uuid": "c0fd9ac8-ecaa-4cfd-a1ac-bd10f9eb0161",
    "owners": [],
    "isPrivate": false,
    "deletedAt": null,
    "recordTags": [
        "Subroutine",
        "target_id",
        "target_output_profile_id"
    ]
}