{
    "@type": "Workflow",
    "triggerLimit": null,
    "name": "> netshot ztpf - assign ztp profile and create target output",
    "aliasName": null,
    "tag": null,
    "description": "Run a ZTPF Profile and monitor the results",
    "isActive": false,
    "debug": false,
    "singleRecordExecution": false,
    "remoteExecutableFlag": false,
    "parameters": [
        "target_record_id",
        "ztp_profile",
        "output_profile_fqid",
        "context",
        "ztpf_manager",
        "ztpf_device"
    ],
    "synchronous": false,
    "collection": "\/api\/3\/workflow_collections\/47462724-61c5-401a-be3b-53b8154157f9",
    "versions": [],
    "triggerStep": "\/api\/3\/workflow_steps\/92fb4069-65b2-48ba-955a-6d99388c303f",
    "steps": [
        {
            "@type": "WorkflowStep",
            "name": "assign ztp profile to ztpf device",
            "description": null,
            "arguments": {
                "resource": {
                    "zTPProfiles": "{{vars.steps.find_ztpf_profile[0]['@id']}}"
                },
                "operation": "Append",
                "collection": "{{vars.steps.find_ztpf_device[0]['@id']}}",
                "__recommend": [],
                "collectionType": "\/api\/3\/devices",
                "fieldOperation": [],
                "step_variables": []
            },
            "status": null,
            "top": "340",
            "left": "540",
            "stepType": "\/api\/3\/workflow_step_types\/b593663d-7d13-40ce-a3a3-96dece928722",
            "group": null,
            "uuid": "61a775d7-7ff0-4126-9bd1-7e7f2a759dcc"
        },
        {
            "@type": "WorkflowStep",
            "name": "create jinja vars",
            "description": null,
            "arguments": {
                "jinja_vars": "{%- set v = {} -%}\n{%- do v.update({\"target\":vars.steps.get_target_jinja_vars.output}) -%}\n{{v}}\n"
            },
            "status": null,
            "top": "40",
            "left": "620",
            "stepType": "\/api\/3\/workflow_step_types\/04d0cf46-b6a8-42c4-8683-60a7eaa69e8f",
            "group": null,
            "uuid": "6793693d-a339-4062-8ea4-df784bfcf43c"
        },
        {
            "@type": "WorkflowStep",
            "name": "create output",
            "description": null,
            "arguments": {
                "arguments": {
                    "context": "{{vars.context}}",
                    "is_json": "{{vars.is_json}}",
                    "raw_data": "{{vars.ztpf_device_handler|tojson}}",
                    "data_type": "{{vars.data_type}}",
                    "timestamp": "",
                    "target_record_id": "{{vars.target_record_id}}",
                    "output_profile_fqid": "{{vars.output_profile_fqid}}"
                },
                "apply_async": false,
                "step_variables": [],
                "pass_parent_env": false,
                "pass_input_record": false,
                "workflowReference": "\/api\/3\/workflows\/335783b5-873d-47e3-a58a-31b56575258e"
            },
            "status": null,
            "top": "340",
            "left": "820",
            "stepType": "\/api\/3\/workflow_step_types\/74932bdc-b8b6-4d24-88c4-1a4dfbc524f3",
            "group": null,
            "uuid": "086e4040-be9a-4723-8683-4f80bfa7037c"
        },
        {
            "@type": "WorkflowStep",
            "name": "enahnce ztpf vars",
            "description": null,
            "arguments": {
                "ztp_profile": "{{vars.steps.jinja_render_ztp_profile.output}}",
                "ztpf_device": "{{vars.steps.jinja_render_ztpf_device.output}}",
                "ztpf_manager": "{{vars.steps.jinja_render_ztpf_manager.output}}"
            },
            "status": null,
            "top": "120",
            "left": "620",
            "stepType": "\/api\/3\/workflow_step_types\/04d0cf46-b6a8-42c4-8683-60a7eaa69e8f",
            "group": null,
            "uuid": "fd6a8e33-9902-4c95-a905-bf12fd3c69f8"
        },
        {
            "@type": "WorkflowStep",
            "name": "find ztpf device",
            "description": null,
            "arguments": {
                "query": {
                    "sort": [],
                    "limit": 30,
                    "logic": "AND",
                    "filters": [
                        {
                            "type": "primitive",
                            "field": "connectorConfig",
                            "value": "{{vars.ztpf_manager}}",
                            "operator": "eq",
                            "_operator": "eq"
                        },
                        {
                            "type": "primitive",
                            "field": "deviceName",
                            "value": "{{vars.ztpf_device}}",
                            "operator": "eq",
                            "_operator": "eq"
                        }
                    ],
                    "__selectFields": [
                        "deviceName",
                        "zTPProfiles",
                        "id",
                        "deviceMetadata"
                    ]
                },
                "module": "devices?$limit=1",
                "checkboxFields": true,
                "step_variables": {
                    "find_ztpf_device": "{{vars.steps.find_ztpf_device}}"
                }
            },
            "status": null,
            "top": "260",
            "left": "1100",
            "stepType": "\/api\/3\/workflow_step_types\/b593663d-7d13-40ce-a3a3-96dece928770",
            "group": null,
            "uuid": "040dfdd7-b378-4ecf-819f-bc51a9953a4e"
        },
        {
            "@type": "WorkflowStep",
            "name": "find ztpf device complete",
            "description": null,
            "arguments": {
                "query": {
                    "sort": [],
                    "limit": 30,
                    "logic": "AND",
                    "filters": [
                        {
                            "type": "primitive",
                            "field": "id",
                            "value": "{{vars.steps.find_ztpf_device[0].id}}",
                            "operator": "eq",
                            "_operator": "eq"
                        }
                    ],
                    "__selectFields": [
                        "deviceName",
                        "deviceMetadata",
                        "zTPProfileStarted",
                        "zTPPhaseLast",
                        "zTPStatus",
                        "zTPProfileCompleted",
                        "reportMarkdown"
                    ]
                },
                "module": "devices?$limit=1",
                "checkboxFields": true,
                "step_variables": {
                    "find_ztpf_device_complete": "{{vars.steps.find_ztpf_device_complete}}"
                }
            },
            "status": null,
            "top": "500",
            "left": "540",
            "stepType": "\/api\/3\/workflow_step_types\/b593663d-7d13-40ce-a3a3-96dece928770",
            "group": null,
            "uuid": "f98ff132-b2aa-429f-8cbe-0bab9b76927a"
        },
        {
            "@type": "WorkflowStep",
            "name": "find ztpf profile",
            "description": null,
            "arguments": {
                "query": {
                    "sort": [],
                    "limit": 30,
                    "logic": "AND",
                    "filters": [
                        {
                            "type": "primitive",
                            "field": "name",
                            "value": "{{vars.ztp_profile}}",
                            "operator": "eq",
                            "_operator": "eq"
                        }
                    ],
                    "__selectFields": [
                        "name",
                        "id"
                    ]
                },
                "module": "z_t_p_profiles?$limit=1",
                "checkboxFields": true,
                "step_variables": {
                    "find_ztpf_profile": "{{vars.steps.find_ztpf_profile}}"
                }
            },
            "status": null,
            "top": "260",
            "left": "540",
            "stepType": "\/api\/3\/workflow_step_types\/b593663d-7d13-40ce-a3a3-96dece928770",
            "group": null,
            "uuid": "4db5eb55-1c55-4ddf-b093-c184b776de49"
        },
        {
            "@type": "WorkflowStep",
            "name": "get target jinja vars",
            "description": null,
            "arguments": {
                "arguments": {
                    "target_id": "{{vars.target_record_id}}"
                },
                "apply_async": false,
                "step_variables": [],
                "pass_parent_env": false,
                "pass_input_record": false,
                "workflowReference": "\/api\/3\/workflows\/d8a5ef7f-2342-466b-b230-00c8ef0f3bb6"
            },
            "status": null,
            "top": "120",
            "left": "320",
            "stepType": "\/api\/3\/workflow_step_types\/74932bdc-b8b6-4d24-88c4-1a4dfbc524f3",
            "group": null,
            "uuid": "2310be6a-7fda-47a5-8d92-e1e8bbf85610"
        },
        {
            "@type": "WorkflowStep",
            "name": "jinja render ztpf_device",
            "description": null,
            "arguments": {
                "when": "{{vars.ztpf_device not in ['',None]}}",
                "arguments": {
                    "jinja_vars": "{{vars.jinja_vars}}",
                    "jinja_template": "{{vars.ztpf_device}}"
                },
                "apply_async": false,
                "step_variables": [],
                "pass_parent_env": false,
                "pass_input_record": false,
                "workflowReference": "\/api\/3\/workflows\/7f7bd93a-d201-452e-8283-8bb583e3e85a"
            },
            "status": null,
            "top": "120",
            "left": "900",
            "stepType": "\/api\/3\/workflow_step_types\/74932bdc-b8b6-4d24-88c4-1a4dfbc524f3",
            "group": null,
            "uuid": "0aa9ff7c-8e32-4584-a1aa-9fa922aea63c"
        },
        {
            "@type": "WorkflowStep",
            "name": "jinja render ztpf_manager",
            "description": null,
            "arguments": {
                "when": "{{vars.ztpf_manager not in ['',None]}}",
                "arguments": {
                    "jinja_vars": "{{vars.jinja_vars}}",
                    "jinja_template": "{{vars.ztpf_manager}}"
                },
                "apply_async": false,
                "step_variables": [],
                "pass_parent_env": false,
                "pass_input_record": false,
                "workflowReference": "\/api\/3\/workflows\/7f7bd93a-d201-452e-8283-8bb583e3e85a"
            },
            "status": null,
            "top": "80",
            "left": "1200",
            "stepType": "\/api\/3\/workflow_step_types\/74932bdc-b8b6-4d24-88c4-1a4dfbc524f3",
            "group": null,
            "uuid": "de0010b0-0a38-4e3d-b03d-fe15dd606646"
        },
        {
            "@type": "WorkflowStep",
            "name": "jinja render ztp_profile",
            "description": null,
            "arguments": {
                "when": "{{vars.ztp_profile not in ['',None]}}",
                "arguments": {
                    "jinja_vars": "{{vars.jinja_vars}}",
                    "jinja_template": "{{vars.ztp_profile}}"
                },
                "apply_async": false,
                "step_variables": [],
                "pass_parent_env": false,
                "pass_input_record": false,
                "workflowReference": "\/api\/3\/workflows\/7f7bd93a-d201-452e-8283-8bb583e3e85a"
            },
            "status": null,
            "top": "40",
            "left": "900",
            "stepType": "\/api\/3\/workflow_step_types\/74932bdc-b8b6-4d24-88c4-1a4dfbc524f3",
            "group": null,
            "uuid": "ef2fc74a-91ba-4b89-9226-e9aac0b4ec43"
        },
        {
            "@type": "WorkflowStep",
            "name": "setup env",
            "description": null,
            "arguments": {
                "context": "{{vars.input.params.context}}",
                "is_json": "true",
                "data_type": "json",
                "ztp_profile": "{{vars.input.params['ztp_profile']}}",
                "ztpf_device": "{{vars.input.params['ztpf_device']}}",
                "ztpf_manager": "{{vars.input.params['ztpf_manager']}}",
                "target_record_id": "{{vars.input.params['target_record_id']}}",
                "output_profile_fqid": "{{vars.input.params['output_profile_fqid']}}"
            },
            "status": null,
            "top": "40",
            "left": "320",
            "stepType": "\/api\/3\/workflow_step_types\/04d0cf46-b6a8-42c4-8683-60a7eaa69e8f",
            "group": null,
            "uuid": "7a6d9a0c-45f9-47bb-ae8f-944035aa86e0"
        },
        {
            "@type": "WorkflowStep",
            "name": "Start",
            "description": null,
            "arguments": {
                "__triggerLimit": true,
                "step_variables": {
                    "input": {
                        "params": []
                    }
                },
                "triggerOnSource": true,
                "triggerOnReplicate": false
            },
            "status": null,
            "top": "40",
            "left": "40",
            "stepType": "\/api\/3\/workflow_step_types\/b348f017-9a94-471f-87f8-ce88b6a7ad62",
            "group": null,
            "uuid": "92fb4069-65b2-48ba-955a-6d99388c303f"
        },
        {
            "@type": "WorkflowStep",
            "name": "update output source data",
            "description": null,
            "arguments": {
                "resource": {
                    "sourceData": "{{vars.ztpf_device_handler|toJSON}}"
                },
                "operation": "Append",
                "collection": "{{vars.steps.create_output.output['@id']}}",
                "__recommend": [],
                "collectionType": "\/api\/3\/netshot_target_outputs",
                "fieldOperation": {
                    "recordTags": "Append"
                },
                "step_variables": []
            },
            "status": null,
            "top": "500",
            "left": "220",
            "stepType": "\/api\/3\/workflow_step_types\/b593663d-7d13-40ce-a3a3-96dece928722",
            "group": null,
            "uuid": "e9b71ded-9931-4fb1-a911-3d8818467d35"
        },
        {
            "@type": "WorkflowStep",
            "name": "wait ztpf device complete",
            "description": null,
            "arguments": {
                "rule": {
                    "actions": [
                        {
                            "type": "resume_playbook",
                            "enabled": true,
                            "channel_uuid": "e2ce87c2-c55a-11ec-9d64-0242ac120002"
                        }
                    ],
                    "is_active": true,
                    "event_type": "update",
                    "entity_name": "Devices",
                    "entity_type": "devices",
                    "event_source": "crudhub",
                    "trigger_condition": {
                        "sort": [],
                        "limit": 30,
                        "logic": "AND",
                        "filters": [
                            {
                                "type": "object",
                                "field": "zTPProfiles",
                                "value": "{{vars.steps.find_ztpf_profile[0]['@id']}}",
                                "_value": {
                                    "@id": "{{vars.steps.find_ztpf_profile[0]['@id']}}",
                                    "display": "",
                                    "itemValue": ""
                                },
                                "operator": "neq"
                            }
                        ]
                    }
                },
                "type": "ConditionBased",
                "delay": {
                    "days": 0,
                    "hours": 0,
                    "minutes": 0,
                    "seconds": 0
                },
                "timeout": {
                    "days": 0,
                    "hours": 3,
                    "step_iri": "\/api\/3\/workflow_steps\/c1421423-2ee3-478c-a596-409c6928d024"
                },
                "step_variables": []
            },
            "status": null,
            "top": "420",
            "left": "540",
            "stepType": "\/api\/3\/workflow_step_types\/6832e556-b9c7-497a-babe-feda3bd27dbf",
            "group": null,
            "uuid": "4a23ebfe-2672-482c-84f7-b95081739cbd"
        },
        {
            "@type": "WorkflowStep",
            "name": "ztpf device complete var",
            "description": null,
            "arguments": {
                "ztpf_device_handler": "{%- set idx = {} -%}\n{%- set dev = vars.find_ztpf_device_complete[0] -%}\n{%- set md = vars.find_ztpf_device_complete[0].deviceMetadata|from_json -%}\n{%- do dev.update({\"deviceMetadata\":md}) -%}\n{%- do idx.update({\n  \"message\":\"Profile complete.\",\n  \"ztpf_device\":dev\n}) -%}\n{{idx}}"
            },
            "status": null,
            "top": "580",
            "left": "540",
            "stepType": "\/api\/3\/workflow_step_types\/04d0cf46-b6a8-42c4-8683-60a7eaa69e8f",
            "group": null,
            "uuid": "ea8d4c6f-6e5d-475a-9360-111c13b0744f"
        },
        {
            "@type": "WorkflowStep",
            "name": "ztpf device vars",
            "description": null,
            "arguments": {
                "ztpf_device_handler": "{%- set idx = {} -%}\n{%- set dev = vars.find_ztpf_device[0] -%}\n{%- set md = vars.find_ztpf_device[0].deviceMetadata|from_json -%}\n{%- do dev.update({\"deviceMetadata\":md}) -%}\n{%- do idx.update({\n  \"assign_profile\":false,\n  \"message\":\"Profile not assigned by default. Check playbook conditions in steps.\",\n  \"ztpf_device\":dev\n}) -%}\n{%- if vars.find_ztpf_device[0].zTPProfiles in ['',None,null] -%}\n  {%- do idx.update({\n    \"assign_profile\":true,\n    \"message\":\"Assign ZTP Profile to ZTPF Device ID \" ~ vars.find_ztpf_device[0].id\n  }) -%}\n{%- endif -%}\n{{idx}}"
            },
            "status": null,
            "top": "340",
            "left": "1100",
            "stepType": "\/api\/3\/workflow_step_types\/04d0cf46-b6a8-42c4-8683-60a7eaa69e8f",
            "group": null,
            "uuid": "61106ff7-6064-4301-a588-d3a539563ab9"
        },
        {
            "@type": "WorkflowStep",
            "name": "ztpf synchDB",
            "description": null,
            "arguments": {
                "arguments": {
                    "connector_config": "{{vars.ztpf_manager}}"
                },
                "apply_async": false,
                "step_variables": [],
                "pass_parent_env": false,
                "pass_input_record": false,
                "workflowReference": "\/api\/3\/workflows\/7aa66310-639d-417a-9762-bc361df824ad"
            },
            "status": null,
            "top": "260",
            "left": "820",
            "stepType": "\/api\/3\/workflow_step_types\/74932bdc-b8b6-4d24-88c4-1a4dfbc524f3",
            "group": null,
            "uuid": "8f6faf46-b22b-46fd-82fb-a81a752d2a5d"
        },
        {
            "@type": "WorkflowStep",
            "name": "ztpf timeout",
            "description": null,
            "arguments": [],
            "status": null,
            "top": "500",
            "left": "860",
            "stepType": "\/api\/3\/workflow_step_types\/04d0cf46-b6a8-42c4-8683-60a7eaa69e8f",
            "group": null,
            "uuid": "c1421423-2ee3-478c-a596-409c6928d024"
        }
    ],
    "routes": [
        {
            "@type": "WorkflowRoute",
            "name": "assign ztp profile to ztpf device -> wait ztpf device complete",
            "targetStep": "\/api\/3\/workflow_steps\/4a23ebfe-2672-482c-84f7-b95081739cbd",
            "sourceStep": "\/api\/3\/workflow_steps\/61a775d7-7ff0-4126-9bd1-7e7f2a759dcc",
            "label": null,
            "isExecuted": false,
            "group": null,
            "uuid": "8864769e-5577-4c59-b16f-393fcc352a80"
        },
        {
            "@type": "WorkflowRoute",
            "name": "create jinja vars -> Copy of jinja render api_resource",
            "targetStep": "\/api\/3\/workflow_steps\/ef2fc74a-91ba-4b89-9226-e9aac0b4ec43",
            "sourceStep": "\/api\/3\/workflow_steps\/6793693d-a339-4062-8ea4-df784bfcf43c",
            "label": null,
            "isExecuted": false,
            "group": null,
            "uuid": "33fb36b7-cd4e-4c9e-9696-e44291f1c314"
        },
        {
            "@type": "WorkflowRoute",
            "name": "create output -> assign ztp profile to ztpf device",
            "targetStep": "\/api\/3\/workflow_steps\/61a775d7-7ff0-4126-9bd1-7e7f2a759dcc",
            "sourceStep": "\/api\/3\/workflow_steps\/086e4040-be9a-4723-8683-4f80bfa7037c",
            "label": null,
            "isExecuted": false,
            "group": null,
            "uuid": "4fd283ab-cfba-468d-b4d9-18dcbf4ec10e"
        },
        {
            "@type": "WorkflowRoute",
            "name": "enahnce ztpf vars -> find ztpf profile",
            "targetStep": "\/api\/3\/workflow_steps\/4db5eb55-1c55-4ddf-b093-c184b776de49",
            "sourceStep": "\/api\/3\/workflow_steps\/fd6a8e33-9902-4c95-a905-bf12fd3c69f8",
            "label": null,
            "isExecuted": false,
            "group": null,
            "uuid": "aa2c3fb9-9288-4e1d-b405-9c1e20e7cb93"
        },
        {
            "@type": "WorkflowRoute",
            "name": "find ztpf device complete -> ztpf device complete var",
            "targetStep": "\/api\/3\/workflow_steps\/ea8d4c6f-6e5d-475a-9360-111c13b0744f",
            "sourceStep": "\/api\/3\/workflow_steps\/f98ff132-b2aa-429f-8cbe-0bab9b76927a",
            "label": null,
            "isExecuted": false,
            "group": null,
            "uuid": "5cdf6b5d-5367-4624-a470-680bcb0fc0ca"
        },
        {
            "@type": "WorkflowRoute",
            "name": "find ztpf device -> ztpf device vars",
            "targetStep": "\/api\/3\/workflow_steps\/61106ff7-6064-4301-a588-d3a539563ab9",
            "sourceStep": "\/api\/3\/workflow_steps\/040dfdd7-b378-4ecf-819f-bc51a9953a4e",
            "label": null,
            "isExecuted": false,
            "group": null,
            "uuid": "7a4d51be-7d2e-40cf-abc4-364421a1021b"
        },
        {
            "@type": "WorkflowRoute",
            "name": "find ztpf profile -> ztpf synchDB",
            "targetStep": "\/api\/3\/workflow_steps\/8f6faf46-b22b-46fd-82fb-a81a752d2a5d",
            "sourceStep": "\/api\/3\/workflow_steps\/4db5eb55-1c55-4ddf-b093-c184b776de49",
            "label": null,
            "isExecuted": false,
            "group": null,
            "uuid": "8bea76c7-173c-47a3-894f-3ba1313ac21a"
        },
        {
            "@type": "WorkflowRoute",
            "name": "get target record vars -> create jinja vars",
            "targetStep": "\/api\/3\/workflow_steps\/6793693d-a339-4062-8ea4-df784bfcf43c",
            "sourceStep": "\/api\/3\/workflow_steps\/2310be6a-7fda-47a5-8d92-e1e8bbf85610",
            "label": null,
            "isExecuted": false,
            "group": null,
            "uuid": "79f47618-9de2-4dbd-bfa3-e43af32d7a7e"
        },
        {
            "@type": "WorkflowRoute",
            "name": "jinja render ztpf_device -> enahnce ztpf vars",
            "targetStep": "\/api\/3\/workflow_steps\/fd6a8e33-9902-4c95-a905-bf12fd3c69f8",
            "sourceStep": "\/api\/3\/workflow_steps\/0aa9ff7c-8e32-4584-a1aa-9fa922aea63c",
            "label": null,
            "isExecuted": false,
            "group": null,
            "uuid": "464e8a57-d113-41e3-8f61-ce137a09364d"
        },
        {
            "@type": "WorkflowRoute",
            "name": "jinja render ztpf_manager -> Copy of jinja render ztpf_manager",
            "targetStep": "\/api\/3\/workflow_steps\/0aa9ff7c-8e32-4584-a1aa-9fa922aea63c",
            "sourceStep": "\/api\/3\/workflow_steps\/de0010b0-0a38-4e3d-b03d-fe15dd606646",
            "label": null,
            "isExecuted": false,
            "group": null,
            "uuid": "4c644863-0c9a-40bf-9733-5657f4cfb712"
        },
        {
            "@type": "WorkflowRoute",
            "name": "jinja render ztp_profile -> Copy of jinja render ztp_profile",
            "targetStep": "\/api\/3\/workflow_steps\/de0010b0-0a38-4e3d-b03d-fe15dd606646",
            "sourceStep": "\/api\/3\/workflow_steps\/ef2fc74a-91ba-4b89-9226-e9aac0b4ec43",
            "label": null,
            "isExecuted": false,
            "group": null,
            "uuid": "9174943a-8ab8-4686-ab78-0d89a026e25f"
        },
        {
            "@type": "WorkflowRoute",
            "name": "setup env -> get target record vars",
            "targetStep": "\/api\/3\/workflow_steps\/2310be6a-7fda-47a5-8d92-e1e8bbf85610",
            "sourceStep": "\/api\/3\/workflow_steps\/7a6d9a0c-45f9-47bb-ae8f-944035aa86e0",
            "label": null,
            "isExecuted": false,
            "group": null,
            "uuid": "d2d10f98-fe4b-489b-a3d5-43f1522c2743"
        },
        {
            "@type": "WorkflowRoute",
            "name": "Start -> setup env",
            "targetStep": "\/api\/3\/workflow_steps\/7a6d9a0c-45f9-47bb-ae8f-944035aa86e0",
            "sourceStep": "\/api\/3\/workflow_steps\/92fb4069-65b2-48ba-955a-6d99388c303f",
            "label": null,
            "isExecuted": false,
            "group": null,
            "uuid": "10e9e63a-3c41-4ee7-9d47-7913770a99cf"
        },
        {
            "@type": "WorkflowRoute",
            "name": "wait ztpf device complete -> find ztpf device complete",
            "targetStep": "\/api\/3\/workflow_steps\/f98ff132-b2aa-429f-8cbe-0bab9b76927a",
            "sourceStep": "\/api\/3\/workflow_steps\/4a23ebfe-2672-482c-84f7-b95081739cbd",
            "label": null,
            "isExecuted": false,
            "group": null,
            "uuid": "803b5685-2d8c-4893-b392-ba2f6b24b78a"
        },
        {
            "@type": "WorkflowRoute",
            "name": "wait ztpf device complete -> ztpf timeout",
            "targetStep": "\/api\/3\/workflow_steps\/c1421423-2ee3-478c-a596-409c6928d024",
            "sourceStep": "\/api\/3\/workflow_steps\/4a23ebfe-2672-482c-84f7-b95081739cbd",
            "label": null,
            "isExecuted": false,
            "group": null,
            "uuid": "4c42a1f7-3a25-4ab7-a862-b634d91f986e"
        },
        {
            "@type": "WorkflowRoute",
            "name": "ztpf device complete var -> update output",
            "targetStep": "\/api\/3\/workflow_steps\/e9b71ded-9931-4fb1-a911-3d8818467d35",
            "sourceStep": "\/api\/3\/workflow_steps\/ea8d4c6f-6e5d-475a-9360-111c13b0744f",
            "label": null,
            "isExecuted": false,
            "group": null,
            "uuid": "c653e922-781e-44f5-92a0-30fe4bde9b2e"
        },
        {
            "@type": "WorkflowRoute",
            "name": "ztpf device vars -> create output",
            "targetStep": "\/api\/3\/workflow_steps\/086e4040-be9a-4723-8683-4f80bfa7037c",
            "sourceStep": "\/api\/3\/workflow_steps\/61106ff7-6064-4301-a588-d3a539563ab9",
            "label": null,
            "isExecuted": false,
            "group": null,
            "uuid": "9dbe5d87-fb6f-40cb-98e3-49e0c72dfccf"
        },
        {
            "@type": "WorkflowRoute",
            "name": "ztpf synchDB -> find ztpf device",
            "targetStep": "\/api\/3\/workflow_steps\/040dfdd7-b378-4ecf-819f-bc51a9953a4e",
            "sourceStep": "\/api\/3\/workflow_steps\/8f6faf46-b22b-46fd-82fb-a81a752d2a5d",
            "label": null,
            "isExecuted": false,
            "group": null,
            "uuid": "08122683-81f3-4657-a60f-e8072dfd7bc7"
        }
    ],
    "groups": [
        {
            "@type": "WorkflowGroup",
            "name": "ZTPF Process",
            "description": "1. Create Netshot data with ZTPF device data.\n2. Refresh the DeviceDB for the Manager in ZTPF. \n3. Find the ZTPF Device record and confirm there is no profile assigned. \n4. Assign the profile to the device and wait for ZTPF to complete the profile. \n5. Update the Netshot data record with the results from ZTPF.",
            "type": "note",
            "isCollapsed": false,
            "hasTriggerStep": false,
            "hideInLogs": false,
            "metadata": [],
            "reusable": false,
            "top": "260",
            "left": "20",
            "height": "214",
            "width": "498",
            "uuid": "f574cf0b-8f53-446d-a64c-f455b5bf72e3",
            "recordTags": []
        }
    ],
    "priority": "\/api\/3\/picklists\/2b563c61-ae2c-41c0-a85a-c9709585e3f2",
    "playbookOrigin": "\/api\/3\/picklists\/b6d710a9-a8ec-41ec-8817-fe9fa062fcdd",
    "isEditable": true,
    "uuid": "b8220c9b-a919-4306-bb9d-37000fabbd8e",
    "owners": [],
    "isPrivate": false,
    "deletedAt": null,
    "recordTags": [
        "asset_ip",
        "nmap_command",
        "Subroutine",
        "target_record_id"
    ]
}