{
    "@type": "Workflow",
    "triggerLimit": null,
    "name": "> netshot render jinja template",
    "aliasName": null,
    "tag": null,
    "description": "Given script content and vars simply render the script and return.",
    "isActive": true,
    "debug": false,
    "singleRecordExecution": false,
    "remoteExecutableFlag": false,
    "parameters": [
        "jinja_vars",
        "jinja_template"
    ],
    "synchronous": false,
    "collection": "\/api\/3\/workflow_collections\/47462724-61c5-401a-be3b-53b8154157f9",
    "versions": [],
    "triggerStep": "\/api\/3\/workflow_steps\/0298c801-846b-4498-82c7-af18ccd95e66",
    "steps": [
        {
            "@type": "WorkflowStep",
            "name": "Convert Jinja to String",
            "description": null,
            "arguments": {
                "params": {
                    "iri": "\/api\/wf\/api\/jinja-editor\/?format=json",
                    "body": "{{vars.post_data}}",
                    "method": "POST"
                },
                "version": "3.2.3",
                "connector": "cyops_utilities",
                "operation": "make_cyops_request",
                "operationTitle": "FSR: Make FortiSOAR API Call",
                "step_variables": []
            },
            "status": null,
            "top": "280",
            "left": "80",
            "stepType": "\/api\/3\/workflow_step_types\/0109f35d-090b-4a2b-bd8a-94cbc3508562",
            "group": null,
            "uuid": "4f4d8548-ed02-4a64-ad8d-c1da37d041a2"
        },
        {
            "@type": "WorkflowStep",
            "name": "create_post_data",
            "description": null,
            "arguments": {
                "post_data": "{\n  \"template\": '{{vars.input.params[\"jinja_template\"]|tojson}}', \n  \"values\": {{vars.input.params['jinja_vars']}}\n}"
            },
            "status": null,
            "top": "180",
            "left": "80",
            "stepType": "\/api\/3\/workflow_step_types\/04d0cf46-b6a8-42c4-8683-60a7eaa69e8f",
            "group": null,
            "uuid": "89a0923d-6b3f-4d2a-b0f3-08ef55974e6e"
        },
        {
            "@type": "WorkflowStep",
            "name": "extract_results",
            "description": null,
            "arguments": {
                "output": "{{vars.steps.Convert_Jinja_to_String.data.result}}"
            },
            "status": null,
            "top": "380",
            "left": "80",
            "stepType": "\/api\/3\/workflow_step_types\/04d0cf46-b6a8-42c4-8683-60a7eaa69e8f",
            "group": null,
            "uuid": "9befa64c-3aec-443f-90ec-4d5b7e50ee5b"
        },
        {
            "@type": "WorkflowStep",
            "name": "Start",
            "description": null,
            "arguments": {
                "step_variables": {
                    "input": {
                        "params": []
                    }
                }
            },
            "status": null,
            "top": "80",
            "left": "80",
            "stepType": "\/api\/3\/workflow_step_types\/b348f017-9a94-471f-87f8-ce88b6a7ad62",
            "group": null,
            "uuid": "0298c801-846b-4498-82c7-af18ccd95e66"
        }
    ],
    "routes": [
        {
            "@type": "WorkflowRoute",
            "name": "Convert Jinja to String -> extract_results",
            "targetStep": "\/api\/3\/workflow_steps\/9befa64c-3aec-443f-90ec-4d5b7e50ee5b",
            "sourceStep": "\/api\/3\/workflow_steps\/4f4d8548-ed02-4a64-ad8d-c1da37d041a2",
            "label": null,
            "isExecuted": false,
            "group": null,
            "uuid": "5d78e297-354d-45f4-98ef-67cf98a82477"
        },
        {
            "@type": "WorkflowRoute",
            "name": "create_post_data -> Convert Jinja to String",
            "targetStep": "\/api\/3\/workflow_steps\/4f4d8548-ed02-4a64-ad8d-c1da37d041a2",
            "sourceStep": "\/api\/3\/workflow_steps\/89a0923d-6b3f-4d2a-b0f3-08ef55974e6e",
            "label": null,
            "isExecuted": false,
            "group": null,
            "uuid": "174da533-2cdf-40d2-9648-46eac1f0f458"
        },
        {
            "@type": "WorkflowRoute",
            "name": "Start -> create_post_data",
            "targetStep": "\/api\/3\/workflow_steps\/89a0923d-6b3f-4d2a-b0f3-08ef55974e6e",
            "sourceStep": "\/api\/3\/workflow_steps\/0298c801-846b-4498-82c7-af18ccd95e66",
            "label": null,
            "isExecuted": false,
            "group": null,
            "uuid": "d2485fdb-25be-4d90-8fc8-a8637bf9554d"
        }
    ],
    "groups": [],
    "priority": "\/api\/3\/picklists\/2b563c61-ae2c-41c0-a85a-c9709585e3f2",
    "playbookOrigin": "\/api\/3\/picklists\/b6d710a9-a8ec-41ec-8817-fe9fa062fcdd",
    "isEditable": true,
    "uuid": "7f7bd93a-d201-452e-8283-8bb583e3e85a",
    "owners": [],
    "isPrivate": false,
    "deletedAt": null,
    "recordTags": [
        "jinja_template",
        "jinja_vars",
        "Subroutine"
    ]
}