{
    "@type": "Workflow",
    "triggerLimit": null,
    "name": "> netshot target - run linked output profile reports on latest data",
    "aliasName": null,
    "tag": null,
    "description": "Using the output profile on the target output run report profiles for the latest data,",
    "isActive": true,
    "debug": false,
    "singleRecordExecution": false,
    "remoteExecutableFlag": false,
    "parameters": [
        "target_record_id"
    ],
    "synchronous": false,
    "collection": "\/api\/3\/workflow_collections\/47462724-61c5-401a-be3b-53b8154157f9",
    "versions": [],
    "triggerStep": "\/api\/3\/workflow_steps\/e091604c-fe21-456f-80aa-906381b8b84c",
    "steps": [
        {
            "@type": "WorkflowStep",
            "name": "clear report fields",
            "description": null,
            "arguments": {
                "resource": {
                    "totalScore": 0,
                    "totalScorePossible": 0
                },
                "operation": "Append",
                "collection": "{{vars.steps.find_target[0]['@id']}}",
                "__recommend": [],
                "collectionType": "\/api\/3\/netshot_targets",
                "fieldOperation": {
                    "recordTags": "Append"
                },
                "step_variables": []
            },
            "status": null,
            "top": "340",
            "left": "640",
            "stepType": "\/api\/3\/workflow_step_types\/b593663d-7d13-40ce-a3a3-96dece928722",
            "group": null,
            "uuid": "033e8a8f-1182-48a1-b047-67d6a5b314a4"
        },
        {
            "@type": "WorkflowStep",
            "name": "create output profiles",
            "description": null,
            "arguments": {
                "latest_outputs": "{%- set idx = {} -%}\n{%- set table = [] -%}\n{%- for o in vars.find_target_output -%}\n{%- set profid = o.netshotTargetOutputProfiles.id -%}\n{%- if idx[profid] is not defined -%}\n{%- do idx.update({profid:o}) -%}\n{%- endif -%}\n{%- endfor -%}\n\n{%- for o in idx -%}\n{%- do table.append(idx[o]) -%}\n{%- endfor -%}\n\n{{table}}"
            },
            "status": null,
            "top": "240",
            "left": "640",
            "stepType": "\/api\/3\/workflow_step_types\/04d0cf46-b6a8-42c4-8683-60a7eaa69e8f",
            "group": null,
            "uuid": "d0a1e52c-f800-4cba-9623-273de8557a73"
        },
        {
            "@type": "WorkflowStep",
            "name": "create reports for latest data",
            "description": null,
            "arguments": {
                "for_each": {
                    "item": "{{vars.latest_outputs}}",
                    "__bulk": false,
                    "parallel": false,
                    "condition": ""
                },
                "arguments": {
                    "netshot_target_output_id": "{{vars.item.id}}"
                },
                "apply_async": false,
                "step_variables": [],
                "pass_parent_env": false,
                "pass_input_record": false,
                "workflowReference": "\/api\/3\/workflows\/1d7d18e4-27f2-42c0-bb65-2fe3f4b22f3d"
            },
            "status": null,
            "top": "440",
            "left": "640",
            "stepType": "\/api\/3\/workflow_step_types\/74932bdc-b8b6-4d24-88c4-1a4dfbc524f3",
            "group": null,
            "uuid": "4a875a15-b604-46cc-b385-33040bd1d64e"
        },
        {
            "@type": "WorkflowStep",
            "name": "find target",
            "description": null,
            "arguments": {
                "query": {
                    "sort": [],
                    "limit": 30,
                    "logic": "AND",
                    "filters": [
                        {
                            "type": "primitive",
                            "field": "id",
                            "value": "{{vars.target_record_id}}",
                            "operator": "eq",
                            "_operator": "eq"
                        }
                    ],
                    "__selectFields": [
                        "name",
                        "id",
                        "type"
                    ]
                },
                "module": "netshot_targets?$limit=1",
                "checkboxFields": true,
                "step_variables": {
                    "find_target_results": "{{vars.steps.find_target}}"
                }
            },
            "status": null,
            "top": "40",
            "left": "640",
            "stepType": "\/api\/3\/workflow_step_types\/b593663d-7d13-40ce-a3a3-96dece928770",
            "group": null,
            "uuid": "dbbeb02d-8110-4f0e-9434-1509d39fefed"
        },
        {
            "@type": "WorkflowStep",
            "name": "find target outputs",
            "description": null,
            "arguments": {
                "query": {
                    "sort": [
                        {
                            "field": "createDate",
                            "direction": "DESC",
                            "_fieldName": "createDate",
                            "_fieldTitle": "Created On"
                        }
                    ],
                    "limit": 30,
                    "logic": "AND",
                    "filters": [
                        {
                            "type": "primitive",
                            "field": "netshotTargets",
                            "value": "{{vars.steps.find_target[0]['@id']}}",
                            "operator": "eq",
                            "_operator": "eq"
                        },
                        {
                            "type": "primitive",
                            "field": "latestRecordOfContext",
                            "value": true,
                            "operator": "eq",
                            "_operator": "eq"
                        }
                    ],
                    "__selectFields": [
                        "netshotTargetOutputProfiles",
                        "id",
                        "name"
                    ]
                },
                "module": "netshot_target_outputs?$limit=5000",
                "checkboxFields": true,
                "step_variables": {
                    "find_target_output": "{{vars.steps.find_target_outputs}}"
                }
            },
            "status": null,
            "top": "140",
            "left": "640",
            "stepType": "\/api\/3\/workflow_step_types\/b593663d-7d13-40ce-a3a3-96dece928770",
            "group": null,
            "uuid": "367b4090-bdac-4f39-b57e-f7d2094865ee"
        },
        {
            "@type": "WorkflowStep",
            "name": "setup env",
            "description": null,
            "arguments": {
                "empty_data": "''",
                "target_record_id": "{{vars.input.params['target_record_id']}}"
            },
            "status": null,
            "top": "40",
            "left": "340",
            "stepType": "\/api\/3\/workflow_step_types\/04d0cf46-b6a8-42c4-8683-60a7eaa69e8f",
            "group": null,
            "uuid": "435e3072-9635-49a7-a989-a560c81083a3"
        },
        {
            "@type": "WorkflowStep",
            "name": "Start",
            "description": null,
            "arguments": {
                "__triggerLimit": true,
                "step_variables": {
                    "input": {
                        "params": []
                    }
                },
                "triggerOnSource": true,
                "triggerOnReplicate": false
            },
            "status": null,
            "top": "40",
            "left": "40",
            "stepType": "\/api\/3\/workflow_step_types\/b348f017-9a94-471f-87f8-ce88b6a7ad62",
            "group": null,
            "uuid": "e091604c-fe21-456f-80aa-906381b8b84c"
        }
    ],
    "routes": [
        {
            "@type": "WorkflowRoute",
            "name": "clear stats -> create reports for latest data",
            "targetStep": "\/api\/3\/workflow_steps\/4a875a15-b604-46cc-b385-33040bd1d64e",
            "sourceStep": "\/api\/3\/workflow_steps\/033e8a8f-1182-48a1-b047-67d6a5b314a4",
            "label": null,
            "isExecuted": false,
            "group": null,
            "uuid": "790e3b04-04c0-4a41-8070-4597c3cc9e62"
        },
        {
            "@type": "WorkflowRoute",
            "name": "create output profiles -> clear stats",
            "targetStep": "\/api\/3\/workflow_steps\/033e8a8f-1182-48a1-b047-67d6a5b314a4",
            "sourceStep": "\/api\/3\/workflow_steps\/d0a1e52c-f800-4cba-9623-273de8557a73",
            "label": null,
            "isExecuted": false,
            "group": null,
            "uuid": "375f5d38-caba-4b1e-8ea3-9a81cb7ce6f9"
        },
        {
            "@type": "WorkflowRoute",
            "name": "find target -> find target outputs",
            "targetStep": "\/api\/3\/workflow_steps\/367b4090-bdac-4f39-b57e-f7d2094865ee",
            "sourceStep": "\/api\/3\/workflow_steps\/dbbeb02d-8110-4f0e-9434-1509d39fefed",
            "label": null,
            "isExecuted": false,
            "group": null,
            "uuid": "a40d8769-848d-405b-8d9f-9795ef377f39"
        },
        {
            "@type": "WorkflowRoute",
            "name": "find target outputs -> create output profiles",
            "targetStep": "\/api\/3\/workflow_steps\/d0a1e52c-f800-4cba-9623-273de8557a73",
            "sourceStep": "\/api\/3\/workflow_steps\/367b4090-bdac-4f39-b57e-f7d2094865ee",
            "label": null,
            "isExecuted": false,
            "group": null,
            "uuid": "de3d1f3f-36ac-4138-b565-77fc49cc0fe1"
        },
        {
            "@type": "WorkflowRoute",
            "name": "setup env -> find target",
            "targetStep": "\/api\/3\/workflow_steps\/dbbeb02d-8110-4f0e-9434-1509d39fefed",
            "sourceStep": "\/api\/3\/workflow_steps\/435e3072-9635-49a7-a989-a560c81083a3",
            "label": null,
            "isExecuted": false,
            "group": null,
            "uuid": "1560ead4-c501-493e-b26f-ed53a2b9a0bc"
        },
        {
            "@type": "WorkflowRoute",
            "name": "Start -> setup env",
            "targetStep": "\/api\/3\/workflow_steps\/435e3072-9635-49a7-a989-a560c81083a3",
            "sourceStep": "\/api\/3\/workflow_steps\/e091604c-fe21-456f-80aa-906381b8b84c",
            "label": null,
            "isExecuted": false,
            "group": null,
            "uuid": "d76d3b0a-3ada-4665-a9f1-13bacbf036b9"
        }
    ],
    "groups": [],
    "priority": "\/api\/3\/picklists\/2b563c61-ae2c-41c0-a85a-c9709585e3f2",
    "playbookOrigin": "\/api\/3\/picklists\/b6d710a9-a8ec-41ec-8817-fe9fa062fcdd",
    "isEditable": true,
    "uuid": "f3762520-c72e-450f-b6ff-a8b4446b7219",
    "owners": [],
    "isPrivate": false,
    "deletedAt": null,
    "recordTags": []
}