{
    "@type": "Workflow",
    "triggerLimit": null,
    "name": "> netshot target output - create report from output profile and target",
    "aliasName": null,
    "tag": null,
    "description": null,
    "isActive": true,
    "debug": false,
    "singleRecordExecution": false,
    "remoteExecutableFlag": false,
    "parameters": [
        "netshot_target_output_id"
    ],
    "synchronous": false,
    "collection": "\/api\/3\/workflow_collections\/47462724-61c5-401a-be3b-53b8154157f9",
    "versions": [],
    "triggerStep": "\/api\/3\/workflow_steps\/f9d1e471-03fd-43c3-af9c-b0a5b711d3bd",
    "steps": [
        {
            "@type": "WorkflowStep",
            "name": "create report profiles",
            "description": null,
            "arguments": {
                "target_output_id": "{{vars.steps.find_target_output[0].id}}",
                "report_profile_ids": "{{vars.steps.find_reports|json_query('[].id')}}"
            },
            "status": null,
            "top": "440",
            "left": "740",
            "stepType": "\/api\/3\/workflow_step_types\/04d0cf46-b6a8-42c4-8683-60a7eaa69e8f",
            "group": null,
            "uuid": "85185eaa-b1f7-4e24-bfa9-cd6e4254c16b"
        },
        {
            "@type": "WorkflowStep",
            "name": "create reports",
            "description": null,
            "arguments": {
                "for_each": {
                    "item": "{{vars.report_profile_ids}}",
                    "parallel": false,
                    "condition": "{{vars.item in vars.target_report_profile_ids}}"
                },
                "arguments": {
                    "report_name": "",
                    "target_output_id": "{{vars.target_output_id}}",
                    "output_report_profile_id": "{{vars.item}}"
                },
                "apply_async": false,
                "step_variables": [],
                "pass_parent_env": false,
                "pass_input_record": false,
                "workflowReference": "\/api\/3\/workflows\/e217a501-a14a-4103-977c-8bb44a759778"
            },
            "status": null,
            "top": "120",
            "left": "380",
            "stepType": "\/api\/3\/workflow_step_types\/74932bdc-b8b6-4d24-88c4-1a4dfbc524f3",
            "group": null,
            "uuid": "4ad993dd-cd37-482a-b362-66cdd625b40c"
        },
        {
            "@type": "WorkflowStep",
            "name": "create target report profile data",
            "description": null,
            "arguments": {
                "target_report_profile_ids": "{{vars.steps.find_target_report_profiles|json_query('[].id')}}"
            },
            "status": null,
            "top": "240",
            "left": "740",
            "stepType": "\/api\/3\/workflow_step_types\/04d0cf46-b6a8-42c4-8683-60a7eaa69e8f",
            "group": null,
            "uuid": "731bcb1f-0aef-45b9-9f0d-6176713ab9f6"
        },
        {
            "@type": "WorkflowStep",
            "name": "find reports",
            "description": null,
            "arguments": {
                "query": {
                    "sort": [],
                    "limit": 30,
                    "logic": "AND",
                    "filters": [
                        {
                            "type": "primitive",
                            "field": "netshotTargetOutputProfiles.id",
                            "value": "{{vars.steps.find_target_output[0].netshotTargetOutputProfiles.id}}",
                            "operator": "eq",
                            "_operator": "eq"
                        }
                    ],
                    "__selectFields": [
                        "id",
                        "name"
                    ]
                },
                "module": "netshot_output_report_profiles?$limit=5000",
                "checkboxFields": true,
                "step_variables": []
            },
            "status": null,
            "top": "340",
            "left": "740",
            "stepType": "\/api\/3\/workflow_step_types\/b593663d-7d13-40ce-a3a3-96dece928770",
            "group": null,
            "uuid": "2049dfbe-6907-4be1-82bb-bdde40f99e9f"
        },
        {
            "@type": "WorkflowStep",
            "name": "find target output",
            "description": null,
            "arguments": {
                "query": {
                    "sort": [],
                    "limit": 30,
                    "logic": "AND",
                    "filters": [
                        {
                            "type": "primitive",
                            "field": "id",
                            "value": "{{vars.netshot_target_output_id}}",
                            "operator": "eq",
                            "_operator": "eq"
                        }
                    ],
                    "__selectFields": [
                        "name",
                        "netshotTargetOutputProfiles",
                        "id",
                        "netshotTargets"
                    ]
                },
                "module": "netshot_target_outputs?$limit=1",
                "checkboxFields": true,
                "step_variables": []
            },
            "status": null,
            "top": "40",
            "left": "740",
            "stepType": "\/api\/3\/workflow_step_types\/b593663d-7d13-40ce-a3a3-96dece928770",
            "group": null,
            "uuid": "e9a1069d-a6aa-4521-b10b-3b44a7aa0636"
        },
        {
            "@type": "WorkflowStep",
            "name": "find target report profiles",
            "description": null,
            "arguments": {
                "query": {
                    "sort": [
                        {
                            "field": "orderPriority",
                            "direction": "ASC",
                            "_fieldName": "orderPriority",
                            "_fieldTitle": "Order Priority"
                        }
                    ],
                    "limit": 30,
                    "logic": "AND",
                    "filters": [
                        {
                            "type": "primitive",
                            "field": "netshotTargets.id",
                            "value": "{{vars.steps.find_target_output[0].netshotTargets.id}}",
                            "operator": "eq",
                            "_operator": "eq"
                        }
                    ],
                    "__selectFields": [
                        "id",
                        "name"
                    ]
                },
                "module": "netshot_output_report_profiles?$limit=5000",
                "checkboxFields": true,
                "step_variables": []
            },
            "status": null,
            "top": "140",
            "left": "740",
            "stepType": "\/api\/3\/workflow_step_types\/b593663d-7d13-40ce-a3a3-96dece928770",
            "group": null,
            "uuid": "dbc23bfd-3075-46b3-8b12-e70bea47754d"
        },
        {
            "@type": "WorkflowStep",
            "name": "setup vars",
            "description": null,
            "arguments": {
                "netshot_target_output_id": "{{vars.input.params['netshot_target_output_id']}}"
            },
            "status": null,
            "top": "40",
            "left": "380",
            "stepType": "\/api\/3\/workflow_step_types\/04d0cf46-b6a8-42c4-8683-60a7eaa69e8f",
            "group": null,
            "uuid": "0d66c7f0-bfd0-4a3f-8d92-23a9614625a7"
        },
        {
            "@type": "WorkflowStep",
            "name": "Start",
            "description": null,
            "arguments": {
                "__triggerLimit": true,
                "step_variables": {
                    "input": {
                        "params": []
                    }
                },
                "triggerOnSource": true,
                "triggerOnReplicate": false
            },
            "status": null,
            "top": "40",
            "left": "40",
            "stepType": "\/api\/3\/workflow_step_types\/b348f017-9a94-471f-87f8-ce88b6a7ad62",
            "group": null,
            "uuid": "f9d1e471-03fd-43c3-af9c-b0a5b711d3bd"
        }
    ],
    "routes": [
        {
            "@type": "WorkflowRoute",
            "name": "create report profiles -> create reports",
            "targetStep": "\/api\/3\/workflow_steps\/4ad993dd-cd37-482a-b362-66cdd625b40c",
            "sourceStep": "\/api\/3\/workflow_steps\/85185eaa-b1f7-4e24-bfa9-cd6e4254c16b",
            "label": null,
            "isExecuted": false,
            "group": null,
            "uuid": "f6cd21bb-479e-48fa-902f-81899907dcbe"
        },
        {
            "@type": "WorkflowRoute",
            "name": "create target report profile data -> find reports",
            "targetStep": "\/api\/3\/workflow_steps\/2049dfbe-6907-4be1-82bb-bdde40f99e9f",
            "sourceStep": "\/api\/3\/workflow_steps\/731bcb1f-0aef-45b9-9f0d-6176713ab9f6",
            "label": null,
            "isExecuted": false,
            "group": null,
            "uuid": "4f94c21c-6089-4dbb-bf5a-15e79b512f91"
        },
        {
            "@type": "WorkflowRoute",
            "name": "find reports -> create report profiles",
            "targetStep": "\/api\/3\/workflow_steps\/85185eaa-b1f7-4e24-bfa9-cd6e4254c16b",
            "sourceStep": "\/api\/3\/workflow_steps\/2049dfbe-6907-4be1-82bb-bdde40f99e9f",
            "label": null,
            "isExecuted": false,
            "group": null,
            "uuid": "b547cd37-3fe1-406f-96cc-381300d2347c"
        },
        {
            "@type": "WorkflowRoute",
            "name": "find target output -> find target report profiles",
            "targetStep": "\/api\/3\/workflow_steps\/dbc23bfd-3075-46b3-8b12-e70bea47754d",
            "sourceStep": "\/api\/3\/workflow_steps\/e9a1069d-a6aa-4521-b10b-3b44a7aa0636",
            "label": null,
            "isExecuted": false,
            "group": null,
            "uuid": "5819e75d-c3fe-4af5-838e-47ea1d26ad10"
        },
        {
            "@type": "WorkflowRoute",
            "name": "find target report profiles -> create target report profile data",
            "targetStep": "\/api\/3\/workflow_steps\/731bcb1f-0aef-45b9-9f0d-6176713ab9f6",
            "sourceStep": "\/api\/3\/workflow_steps\/dbc23bfd-3075-46b3-8b12-e70bea47754d",
            "label": null,
            "isExecuted": false,
            "group": null,
            "uuid": "76e1eed8-ed68-47c8-bbde-fe4d4c667aa3"
        },
        {
            "@type": "WorkflowRoute",
            "name": "setup vars -> find output",
            "targetStep": "\/api\/3\/workflow_steps\/e9a1069d-a6aa-4521-b10b-3b44a7aa0636",
            "sourceStep": "\/api\/3\/workflow_steps\/0d66c7f0-bfd0-4a3f-8d92-23a9614625a7",
            "label": null,
            "isExecuted": false,
            "group": null,
            "uuid": "6835eb9f-c187-425f-ba85-641dd7f0962e"
        },
        {
            "@type": "WorkflowRoute",
            "name": "Start -> setup vars",
            "targetStep": "\/api\/3\/workflow_steps\/0d66c7f0-bfd0-4a3f-8d92-23a9614625a7",
            "sourceStep": "\/api\/3\/workflow_steps\/f9d1e471-03fd-43c3-af9c-b0a5b711d3bd",
            "label": null,
            "isExecuted": false,
            "group": null,
            "uuid": "554ac49a-867d-458f-99a6-b559be54f289"
        }
    ],
    "groups": [],
    "priority": "\/api\/3\/picklists\/2b563c61-ae2c-41c0-a85a-c9709585e3f2",
    "playbookOrigin": "\/api\/3\/picklists\/b6d710a9-a8ec-41ec-8817-fe9fa062fcdd",
    "isEditable": true,
    "uuid": "1d7d18e4-27f2-42c0-bb65-2fe3f4b22f3d",
    "owners": [],
    "isPrivate": false,
    "deletedAt": null,
    "recordTags": []
}