{
    "@type": "Workflow",
    "triggerLimit": null,
    "name": "> netshot output report - create record",
    "aliasName": null,
    "tag": null,
    "description": "Create an output report. Should be the only way to create a report as we do some record logic here.",
    "isActive": true,
    "debug": false,
    "singleRecordExecution": false,
    "remoteExecutableFlag": false,
    "parameters": [
        "report_name",
        "target_output_id",
        "output_report_profile_id"
    ],
    "synchronous": false,
    "collection": "\/api\/3\/workflow_collections\/47462724-61c5-401a-be3b-53b8154157f9",
    "versions": [],
    "triggerStep": "\/api\/3\/workflow_steps\/bbca130a-2f38-4d6e-a64d-cad73d755b27",
    "steps": [
        {
            "@type": "WorkflowStep",
            "name": "create output report",
            "description": null,
            "arguments": {
                "resource": {
                    "name": "{{vars.report_name}}",
                    "type": "{{vars.report_type_fqid}}",
                    "__link": {
                        "recordTags": "{{vars.report_profile_tags}}"
                    },
                    "status": "\/api\/3\/picklists\/6ce0660f-784b-4e50-b770-c2d9a8d058e8",
                    "context": "{{vars.context}}",
                    "__replace": "",
                    "activeReport": true,
                    "netshotDomains": "{{vars.domain_fqid}}",
                    "netshotTargets": "{{vars.target_record_fqid}}",
                    "exceptionStatus": "\/api\/3\/picklists\/6fb60f10-05ad-40e3-b194-3a7ad53421e1",
                    "exceptionsFound": 0,
                    "netshotTargetOutputs": "{{ vars.find_output_record_data | json_query('[].\"@id\"') }}",
                    "netshotOutputReportProfiles": "{{vars.report_profile_fqid}}"
                },
                "operation": "Overwrite",
                "collection": "\/api\/3\/netshot_output_reports",
                "__recommend": [],
                "fieldOperation": {
                    "recordTags": "Append"
                },
                "step_variables": []
            },
            "status": null,
            "top": "140",
            "left": "40",
            "stepType": "\/api\/3\/workflow_step_types\/2597053c-e718-44b4-8394-4d40fe26d357",
            "group": null,
            "uuid": "5c2bd551-0a6c-4b53-94ff-c4a8cba1721e"
        },
        {
            "@type": "WorkflowStep",
            "name": "enhance vars",
            "description": null,
            "arguments": {
                "score": "{{vars.steps.find_report_profile_record[0].score}}",
                "report_name": "{%- if vars.report_name not in ['',None] -%}\n{{vars.report_name}}\n{%- else -%}\n{{vars.target_name}} - {{vars.context}}\n{%- endif -%}"
            },
            "status": null,
            "top": "540",
            "left": "720",
            "stepType": "\/api\/3\/workflow_step_types\/04d0cf46-b6a8-42c4-8683-60a7eaa69e8f",
            "group": null,
            "uuid": "4a6460cd-be30-46e7-9aed-14c79c58626e"
        },
        {
            "@type": "WorkflowStep",
            "name": "find active reports",
            "description": null,
            "arguments": {
                "query": {
                    "sort": [],
                    "limit": 30,
                    "logic": "AND",
                    "filters": [
                        {
                            "type": "object",
                            "field": "netshotOutputReportProfiles",
                            "value": "{{vars.steps.find_report_profile_record[0]['@id']}}",
                            "_value": {
                                "@id": "{{vars.steps.find_report_profile_record[0]['@id']}}",
                                "display": "",
                                "itemValue": ""
                            },
                            "operator": "eq"
                        },
                        {
                            "type": "primitive",
                            "field": "context",
                            "value": "{{vars.context}}",
                            "operator": "eq",
                            "_operator": "eq"
                        },
                        {
                            "type": "primitive",
                            "field": "activeReport",
                            "value": true,
                            "operator": "eq",
                            "_operator": "eq"
                        },
                        {
                            "type": "object",
                            "field": "netshotTargets",
                            "value": "{{vars.steps.find_output_records[0].netshotTargets['@id']}}",
                            "_value": {
                                "@id": "{{vars.steps.find_output_records[0].netshotTargets['@id']}}",
                                "display": "",
                                "itemValue": ""
                            },
                            "operator": "eq"
                        }
                    ],
                    "__selectFields": [
                        "id"
                    ]
                },
                "module": "netshot_output_reports?$limit=5000",
                "checkboxFields": true,
                "step_variables": []
            },
            "status": null,
            "top": "340",
            "left": "720",
            "stepType": "\/api\/3\/workflow_step_types\/b593663d-7d13-40ce-a3a3-96dece928770",
            "group": null,
            "uuid": "94ce4315-626e-4ba1-bbd9-a729d01431e0"
        },
        {
            "@type": "WorkflowStep",
            "name": "find output records",
            "description": null,
            "arguments": {
                "query": {
                    "sort": [],
                    "limit": 30,
                    "logic": "AND",
                    "filters": [
                        {
                            "type": "primitive",
                            "field": "id",
                            "value": "{{vars.target_output_id}}",
                            "operator": "eq",
                            "_operator": "eq"
                        }
                    ],
                    "__selectFields": [
                        "name",
                        "netshotTargets",
                        "id",
                        "context"
                    ]
                },
                "module": "netshot_target_outputs?$limit=1000",
                "checkboxFields": true,
                "step_variables": []
            },
            "status": null,
            "top": "40",
            "left": "720",
            "stepType": "\/api\/3\/workflow_step_types\/b593663d-7d13-40ce-a3a3-96dece928770",
            "group": null,
            "uuid": "25b1f57b-40ab-45b4-b86c-b0d39150642f"
        },
        {
            "@type": "WorkflowStep",
            "name": "find record data",
            "description": null,
            "arguments": {
                "context": "{{vars.steps.find_output_records[0].context}}",
                "domain_fqid": "{{vars.steps.find_output_records[0].netshotTargets.netshotDomains}}",
                "report_type": "{{vars.steps.find_report_profile_record[0].type.itemValue}}",
                "target_name": "{{vars.steps.find_output_records[0].netshotTargets.name}}",
                "report_type_fqid": "{{vars.steps.find_report_profile_record[0].type['@id']}}",
                "target_record_fqid": "{{vars.steps.find_output_records[0].netshotTargets['@id']}}",
                "report_profile_fqid": "{{vars.steps.find_report_profile_record[0]['@id']}}",
                "report_profile_tags": "{{vars.steps.find_report_profile_record[0].recordTags}}",
                "find_output_record_data": "{{vars.steps.find_output_records}}",
                "find_output_profile_record_data": "{{vars.steps.find_report_profile_record}}"
            },
            "status": null,
            "top": "240",
            "left": "720",
            "stepType": "\/api\/3\/workflow_step_types\/04d0cf46-b6a8-42c4-8683-60a7eaa69e8f",
            "group": null,
            "uuid": "cd5e4dc0-91d0-423b-be9b-b944e8f9958b"
        },
        {
            "@type": "WorkflowStep",
            "name": "find report profile record",
            "description": null,
            "arguments": {
                "query": {
                    "sort": [],
                    "limit": 30,
                    "logic": "AND",
                    "filters": [
                        {
                            "type": "primitive",
                            "field": "id",
                            "value": "{{vars.output_report_profile_id}}",
                            "operator": "eq",
                            "_operator": "eq"
                        }
                    ],
                    "__selectFields": [
                        "type",
                        "score",
                        "id",
                        "recordTags"
                    ]
                },
                "module": "netshot_output_report_profiles?$limit=1",
                "checkboxFields": true,
                "step_variables": []
            },
            "status": null,
            "top": "140",
            "left": "720",
            "stepType": "\/api\/3\/workflow_step_types\/b593663d-7d13-40ce-a3a3-96dece928770",
            "group": null,
            "uuid": "9aac20aa-d5f9-4c4e-bbb8-82ba05973c77"
        },
        {
            "@type": "WorkflowStep",
            "name": "reset active reports",
            "description": null,
            "arguments": {
                "for_each": {
                    "item": "{{vars.steps.find_active_reports}}",
                    "__bulk": true,
                    "condition": "",
                    "batch_size": 100
                },
                "resource": {
                    "activeReport": "{{vars.set_false}}"
                },
                "operation": "Append",
                "collection": "{{vars.item['@id']}}",
                "__recommend": [],
                "collectionType": "\/api\/3\/netshot_output_reports",
                "fieldOperation": {
                    "recordTags": "Append"
                },
                "step_variables": []
            },
            "status": null,
            "top": "440",
            "left": "720",
            "stepType": "\/api\/3\/workflow_step_types\/b593663d-7d13-40ce-a3a3-96dece928722",
            "group": null,
            "uuid": "ea9a1400-a86c-4810-b14e-5069a5b7fdab"
        },
        {
            "@type": "WorkflowStep",
            "name": "setup vars",
            "description": null,
            "arguments": {
                "set_false": "{{False}}",
                "target_output_id": "{{vars.input.params['target_output_id']}}",
                "output_report_profile_id": "{{vars.input.params['output_report_profile_id']}}"
            },
            "status": null,
            "top": "40",
            "left": "380",
            "stepType": "\/api\/3\/workflow_step_types\/04d0cf46-b6a8-42c4-8683-60a7eaa69e8f",
            "group": null,
            "uuid": "d0b1bb86-f78c-45b3-9d6d-edba6911a8bc"
        },
        {
            "@type": "WorkflowStep",
            "name": "Start",
            "description": null,
            "arguments": {
                "__triggerLimit": true,
                "step_variables": {
                    "input": {
                        "params": []
                    }
                },
                "triggerOnSource": true,
                "triggerOnReplicate": false
            },
            "status": null,
            "top": "40",
            "left": "40",
            "stepType": "\/api\/3\/workflow_step_types\/b348f017-9a94-471f-87f8-ce88b6a7ad62",
            "group": null,
            "uuid": "bbca130a-2f38-4d6e-a64d-cad73d755b27"
        },
        {
            "@type": "WorkflowStep",
            "name": "update report status pending",
            "description": null,
            "arguments": {
                "resource": {
                    "status": "\/api\/3\/picklists\/2f63f907-d342-4ad6-9a77-68c654bba2d2"
                },
                "operation": "Append",
                "collection": "{{vars.steps.create_output_report['@id']}}",
                "__recommend": [],
                "collectionType": "\/api\/3\/netshot_output_reports",
                "fieldOperation": {
                    "recordTags": "Append"
                },
                "step_variables": []
            },
            "status": null,
            "top": "240",
            "left": "40",
            "stepType": "\/api\/3\/workflow_step_types\/b593663d-7d13-40ce-a3a3-96dece928722",
            "group": null,
            "uuid": "a1891c74-a047-48c9-b332-77e70df3aaa8"
        }
    ],
    "routes": [
        {
            "@type": "WorkflowRoute",
            "name": "create output report -> update report status pending",
            "targetStep": "\/api\/3\/workflow_steps\/a1891c74-a047-48c9-b332-77e70df3aaa8",
            "sourceStep": "\/api\/3\/workflow_steps\/5c2bd551-0a6c-4b53-94ff-c4a8cba1721e",
            "label": null,
            "isExecuted": false,
            "group": null,
            "uuid": "1dbe06c4-0181-41ee-b7aa-d451a26062ee"
        },
        {
            "@type": "WorkflowRoute",
            "name": "enhance vars -> create output report",
            "targetStep": "\/api\/3\/workflow_steps\/5c2bd551-0a6c-4b53-94ff-c4a8cba1721e",
            "sourceStep": "\/api\/3\/workflow_steps\/4a6460cd-be30-46e7-9aed-14c79c58626e",
            "label": null,
            "isExecuted": false,
            "group": null,
            "uuid": "8e6888c8-5b68-44a9-880f-89c5f6d80217"
        },
        {
            "@type": "WorkflowRoute",
            "name": "find active reports -> reset active reports",
            "targetStep": "\/api\/3\/workflow_steps\/ea9a1400-a86c-4810-b14e-5069a5b7fdab",
            "sourceStep": "\/api\/3\/workflow_steps\/94ce4315-626e-4ba1-bbd9-a729d01431e0",
            "label": null,
            "isExecuted": false,
            "group": null,
            "uuid": "ed008e32-4b91-42ab-b43e-e2831a817ea5"
        },
        {
            "@type": "WorkflowRoute",
            "name": "find output profile record -> find record data",
            "targetStep": "\/api\/3\/workflow_steps\/cd5e4dc0-91d0-423b-be9b-b944e8f9958b",
            "sourceStep": "\/api\/3\/workflow_steps\/9aac20aa-d5f9-4c4e-bbb8-82ba05973c77",
            "label": null,
            "isExecuted": false,
            "group": null,
            "uuid": "e02b7a05-6a8c-44cb-a745-ef7a8c69e777"
        },
        {
            "@type": "WorkflowRoute",
            "name": "find output records -> find output profile record",
            "targetStep": "\/api\/3\/workflow_steps\/9aac20aa-d5f9-4c4e-bbb8-82ba05973c77",
            "sourceStep": "\/api\/3\/workflow_steps\/25b1f57b-40ab-45b4-b86c-b0d39150642f",
            "label": null,
            "isExecuted": false,
            "group": null,
            "uuid": "3483f951-9c74-469d-bb1d-aa319eed7263"
        },
        {
            "@type": "WorkflowRoute",
            "name": "find record data -> find active reports",
            "targetStep": "\/api\/3\/workflow_steps\/94ce4315-626e-4ba1-bbd9-a729d01431e0",
            "sourceStep": "\/api\/3\/workflow_steps\/cd5e4dc0-91d0-423b-be9b-b944e8f9958b",
            "label": null,
            "isExecuted": false,
            "group": null,
            "uuid": "ce59dd83-94a8-4788-a6ae-9438a89e23e4"
        },
        {
            "@type": "WorkflowRoute",
            "name": "reset active reports -> enhance vars",
            "targetStep": "\/api\/3\/workflow_steps\/4a6460cd-be30-46e7-9aed-14c79c58626e",
            "sourceStep": "\/api\/3\/workflow_steps\/ea9a1400-a86c-4810-b14e-5069a5b7fdab",
            "label": null,
            "isExecuted": false,
            "group": null,
            "uuid": "17321e49-8084-4d16-a043-dbcf0d11835e"
        },
        {
            "@type": "WorkflowRoute",
            "name": "setup vars -> find output records",
            "targetStep": "\/api\/3\/workflow_steps\/25b1f57b-40ab-45b4-b86c-b0d39150642f",
            "sourceStep": "\/api\/3\/workflow_steps\/d0b1bb86-f78c-45b3-9d6d-edba6911a8bc",
            "label": null,
            "isExecuted": false,
            "group": null,
            "uuid": "ebf53384-3b83-4b3f-b5fa-83c073380ac5"
        },
        {
            "@type": "WorkflowRoute",
            "name": "Start -> setup vars",
            "targetStep": "\/api\/3\/workflow_steps\/d0b1bb86-f78c-45b3-9d6d-edba6911a8bc",
            "sourceStep": "\/api\/3\/workflow_steps\/bbca130a-2f38-4d6e-a64d-cad73d755b27",
            "label": null,
            "isExecuted": false,
            "group": null,
            "uuid": "b37a6a46-e7b5-466d-8c18-694df615d3db"
        }
    ],
    "groups": [],
    "priority": "\/api\/3\/picklists\/2b563c61-ae2c-41c0-a85a-c9709585e3f2",
    "playbookOrigin": "\/api\/3\/picklists\/b6d710a9-a8ec-41ec-8817-fe9fa062fcdd",
    "isEditable": true,
    "uuid": "e217a501-a14a-4103-977c-8bb44a759778",
    "owners": [],
    "isPrivate": false,
    "deletedAt": null,
    "recordTags": []
}