{
    "@type": "Workflow",
    "triggerLimit": null,
    "name": "> netshot playbook - run id and return results",
    "aliasName": null,
    "tag": null,
    "description": null,
    "isActive": true,
    "debug": false,
    "singleRecordExecution": false,
    "remoteExecutableFlag": false,
    "parameters": [
        "playbook_id",
        "target_record_id"
    ],
    "synchronous": false,
    "collection": "\/api\/3\/workflow_collections\/47462724-61c5-401a-be3b-53b8154157f9",
    "versions": [],
    "triggerStep": "\/api\/3\/workflow_steps\/28cd1e63-ba40-4e9e-bcbe-64e364e4204f",
    "steps": [
        {
            "@type": "WorkflowStep",
            "name": "create playbook results",
            "description": null,
            "arguments": {
                "playbook_results": "{{vars.steps.run_custom_playbook.output}}"
            },
            "status": null,
            "top": "140",
            "left": "680",
            "stepType": "\/api\/3\/workflow_step_types\/04d0cf46-b6a8-42c4-8683-60a7eaa69e8f",
            "group": null,
            "uuid": "1eb74916-74ad-418d-bc22-8485f5bc0572"
        },
        {
            "@type": "WorkflowStep",
            "name": "return",
            "description": null,
            "arguments": {
                "output": "{{vars.playbook_results}}"
            },
            "status": null,
            "top": "140",
            "left": "40",
            "stepType": "\/api\/3\/workflow_step_types\/04d0cf46-b6a8-42c4-8683-60a7eaa69e8f",
            "group": null,
            "uuid": "9d675e99-992f-4a6e-99af-371bfbf17088"
        },
        {
            "@type": "WorkflowStep",
            "name": "run custom playbook",
            "description": null,
            "arguments": {
                "arguments": {
                    "target_id": "{{vars.target_record_id}}"
                },
                "apply_async": false,
                "step_variables": [],
                "pass_parent_env": false,
                "pass_input_record": false,
                "workflowReference": "{{vars.playbook_id}}"
            },
            "status": null,
            "top": "40",
            "left": "680",
            "stepType": "\/api\/3\/workflow_step_types\/74932bdc-b8b6-4d24-88c4-1a4dfbc524f3",
            "group": null,
            "uuid": "bfd52528-892d-4e9f-8498-ddf55171e8c3"
        },
        {
            "@type": "WorkflowStep",
            "name": "setup env",
            "description": null,
            "arguments": {
                "playbook_id": "{{vars.input.params['playbook_id']}}",
                "target_record_id": "{{vars.input.params['target_record_id']}}"
            },
            "status": null,
            "top": "40",
            "left": "360",
            "stepType": "\/api\/3\/workflow_step_types\/04d0cf46-b6a8-42c4-8683-60a7eaa69e8f",
            "group": null,
            "uuid": "b9493deb-cd61-44cf-a68a-9257700abba0"
        },
        {
            "@type": "WorkflowStep",
            "name": "Start",
            "description": null,
            "arguments": {
                "__triggerLimit": true,
                "step_variables": {
                    "input": {
                        "params": []
                    }
                },
                "triggerOnSource": true,
                "triggerOnReplicate": false
            },
            "status": null,
            "top": "40",
            "left": "40",
            "stepType": "\/api\/3\/workflow_step_types\/b348f017-9a94-471f-87f8-ce88b6a7ad62",
            "group": null,
            "uuid": "28cd1e63-ba40-4e9e-bcbe-64e364e4204f"
        }
    ],
    "routes": [
        {
            "@type": "WorkflowRoute",
            "name": "create playbook results -> return",
            "targetStep": "\/api\/3\/workflow_steps\/9d675e99-992f-4a6e-99af-371bfbf17088",
            "sourceStep": "\/api\/3\/workflow_steps\/1eb74916-74ad-418d-bc22-8485f5bc0572",
            "label": null,
            "isExecuted": false,
            "group": null,
            "uuid": "c860be47-194e-4e99-9c1e-a8b0cabb4fcc"
        },
        {
            "@type": "WorkflowRoute",
            "name": "run playbook -> create playbook results",
            "targetStep": "\/api\/3\/workflow_steps\/1eb74916-74ad-418d-bc22-8485f5bc0572",
            "sourceStep": "\/api\/3\/workflow_steps\/bfd52528-892d-4e9f-8498-ddf55171e8c3",
            "label": null,
            "isExecuted": false,
            "group": null,
            "uuid": "230d5bde-5f61-4e60-8867-8cf4046eb496"
        },
        {
            "@type": "WorkflowRoute",
            "name": "setup env -> run playbook",
            "targetStep": "\/api\/3\/workflow_steps\/bfd52528-892d-4e9f-8498-ddf55171e8c3",
            "sourceStep": "\/api\/3\/workflow_steps\/b9493deb-cd61-44cf-a68a-9257700abba0",
            "label": null,
            "isExecuted": false,
            "group": null,
            "uuid": "d7428309-51c1-4d37-b49f-aae437d601cf"
        },
        {
            "@type": "WorkflowRoute",
            "name": "Start -> setup env",
            "targetStep": "\/api\/3\/workflow_steps\/b9493deb-cd61-44cf-a68a-9257700abba0",
            "sourceStep": "\/api\/3\/workflow_steps\/28cd1e63-ba40-4e9e-bcbe-64e364e4204f",
            "label": null,
            "isExecuted": false,
            "group": null,
            "uuid": "395e7937-bf70-4298-a4a7-6e1d7b9007bb"
        }
    ],
    "groups": [],
    "priority": "\/api\/3\/picklists\/2b563c61-ae2c-41c0-a85a-c9709585e3f2",
    "playbookOrigin": "\/api\/3\/picklists\/b6d710a9-a8ec-41ec-8817-fe9fa062fcdd",
    "isEditable": true,
    "uuid": "7893e5b6-34e2-4302-a5f3-fe265aec7609",
    "owners": [],
    "isPrivate": false,
    "deletedAt": null,
    "recordTags": [
        "nmap_command",
        "Subroutine",
        "target_record_id"
    ]
}