{
    "@type": "Workflow",
    "triggerLimit": null,
    "name": "> netshot target - calculate stats",
    "aliasName": null,
    "tag": null,
    "description": "Loop through linked profiles and update stats of the target.",
    "isActive": true,
    "debug": false,
    "singleRecordExecution": false,
    "remoteExecutableFlag": false,
    "parameters": [
        "target_record_id"
    ],
    "synchronous": false,
    "collection": "\/api\/3\/workflow_collections\/47462724-61c5-401a-be3b-53b8154157f9",
    "versions": [],
    "triggerStep": "\/api\/3\/workflow_steps\/542c9e69-6102-441c-9985-15f8e02ea094",
    "steps": [
        {
            "@type": "WorkflowStep",
            "name": "create netshot status",
            "description": null,
            "arguments": {
                "netshot_status": "{%- set ns = namespace(ret='Failed') -%}\n{%- if vars.current_netshot_status != \"Failed\" -%}\n  {%- if vars.outputsLinked > 0 -%}\n    {%- if vars.outputsPending == 0 and vars.outputsComplete == 0 -%}\n      {%- set ns.ret = \"Ready\" -%}\n    {%- elif vars.outputsPending > 0 -%}\n      {%- set ns.ret = \"Running\" -%}\n    {%- elif vars.outputsLinked <= vars.outputsComplete -%}\n      {%- set ns.ret = \"Complete\" -%}\n    {%- else -%}\n      {%- set ns.ret = \"Unknown\" -%}\n    {%- endif -%}\n  {%- else -%}\n    {%- set ns.ret = \"No Profiles\" -%}\n  {%- endif -%}\n{%- endif -%}\n{{ns.ret}}"
            },
            "status": null,
            "top": "340",
            "left": "700",
            "stepType": "\/api\/3\/workflow_step_types\/04d0cf46-b6a8-42c4-8683-60a7eaa69e8f",
            "group": null,
            "uuid": "52f3da94-fcd1-45a6-9092-e83a04a9031e"
        },
        {
            "@type": "WorkflowStep",
            "name": "create scorekeeper",
            "description": null,
            "arguments": {
                "scorekeeper": "{%- set report_data = vars.steps.find_reports_active -%}\n{%- set idx = {\n    \"score_possible\":0,\n    \"score\":0\n} -%}\n{%- for r in report_data -%}\n  {%- do idx.update({\n    \"score_possible\" : idx.score_possible + r.score|abs,\n  }) -%}\n{%- if r.score > 0 -%}\n  {%- do idx.update({\n    \"score\" : idx.score + r.score\n  }) -%}\n{%- endif -%}\n{%- endfor -%} \n{{idx}}"
            },
            "status": null,
            "top": "440",
            "left": "1020",
            "stepType": "\/api\/3\/workflow_step_types\/04d0cf46-b6a8-42c4-8683-60a7eaa69e8f",
            "group": null,
            "uuid": "34d50c90-e5f7-44c6-8996-9f32cac3f511"
        },
        {
            "@type": "WorkflowStep",
            "name": "create update flag",
            "description": null,
            "arguments": {
                "update_record": "{%- set current_target_data = vars.steps.find_target[0] -%}\n{%- set ns = namespace(ret=False) -%}\n{%- if vars.current_netshot_status != vars.netshot_status -%}\n  {%- set ns.ret = True -%}\n{%- else -%}\n  {%- for s in vars.target_fields -%}\n    {%- if current_target_data[s] in ['',None] -%}\n      {# If a field is empty we should update #}\n      {%- set ns.ret = True -%}\n    {%- elif vars[s] is defined \n          and current_target_data[s] is defined \n          and vars[s] != current_target_data[s] -%}\n      {# If a field is different we should update #}\n      {%- set ns.ret = True -%}\n    {%- endif -%}\n  {%- endfor -%}\n{%- endif -%}\n{{ns.ret}}"
            },
            "status": null,
            "top": "340",
            "left": "380",
            "stepType": "\/api\/3\/workflow_step_types\/04d0cf46-b6a8-42c4-8683-60a7eaa69e8f",
            "group": null,
            "uuid": "b4a5d6bf-7354-4d5a-9935-89294dd325d4"
        },
        {
            "@type": "WorkflowStep",
            "name": "enhance report vars",
            "description": null,
            "arguments": {
                "totalScore": "{{vars.scorekeeper['score']}}",
                "outputsLinked": "{{vars.steps.find_target[0].netshotTargetOutputProfiles|length}}",
                "reportsLinked": "{{vars.steps.find_target[0].netshotOutputReportProfiles|length}}",
                "outputsPending": "{{vars.steps.find_outputs_pending|length}}",
                "reportsPending": "{{vars.steps.find_reports_pending|length}}",
                "outputsComplete": "{{vars.steps.find_outputs_latest|length}}",
                "reportsComplete": "{{vars.steps.find_reports_active|length}}",
                "totalScorePossible": "{{vars.scorekeeper['score_possible']}}",
                "current_netshot_status": "{{vars.steps.find_target[0].netshotStatus.itemValue}}"
            },
            "status": null,
            "top": "540",
            "left": "1020",
            "stepType": "\/api\/3\/workflow_step_types\/04d0cf46-b6a8-42c4-8683-60a7eaa69e8f",
            "group": null,
            "uuid": "aef3d263-ba84-4830-82af-5bf294c96b08"
        },
        {
            "@type": "WorkflowStep",
            "name": "find outputs latest",
            "description": null,
            "arguments": {
                "query": {
                    "sort": [],
                    "limit": 30,
                    "logic": "AND",
                    "filters": [
                        {
                            "type": "object",
                            "field": "netshotTargets",
                            "value": "{{vars.steps.find_target[0]['@id']}}",
                            "_value": {
                                "@id": "{{vars.steps.find_target[0]['@id']}}",
                                "display": "",
                                "itemValue": ""
                            },
                            "operator": "eq"
                        },
                        {
                            "type": "primitive",
                            "field": "latestRecordOfContext",
                            "value": true,
                            "operator": "eq",
                            "_operator": "eq"
                        }
                    ],
                    "__selectFields": [
                        "name",
                        "id"
                    ]
                },
                "module": "netshot_target_outputs?$limit=5000",
                "checkboxFields": true,
                "step_variables": []
            },
            "status": null,
            "top": "140",
            "left": "1020",
            "stepType": "\/api\/3\/workflow_step_types\/b593663d-7d13-40ce-a3a3-96dece928770",
            "group": null,
            "uuid": "c0b7e0ed-29c2-45e7-911e-d463aa664ad1"
        },
        {
            "@type": "WorkflowStep",
            "name": "find outputs pending",
            "description": null,
            "arguments": {
                "query": {
                    "sort": [],
                    "limit": 30,
                    "logic": "AND",
                    "filters": [
                        {
                            "type": "object",
                            "field": "netshotTargets",
                            "value": "{{vars.steps.find_target[0]['@id']}}",
                            "_value": {
                                "@id": "{{vars.steps.find_target[0]['@id']}}",
                                "display": "",
                                "itemValue": ""
                            },
                            "operator": "eq"
                        },
                        {
                            "type": "array",
                            "field": "status",
                            "value": [
                                "40982496-7c2f-4d6f-b0c0-bb998387821b",
                                "caf00cc5-ecf8-4342-982b-3a9bdf81115a",
                                "2f63f907-d342-4ad6-9a77-68c654bba2d2",
                                "7c18340b-215d-4396-b052-623e4c085727"
                            ],
                            "module": "status",
                            "display": "",
                            "operator": "in",
                            "template": "multiselectpicklist",
                            "enableJinja": true,
                            "OPERATOR_KEY": "$",
                            "useInOperator": true,
                            "previousOperator": "in",
                            "previousTemplate": "multiselectpicklist"
                        }
                    ],
                    "__selectFields": [
                        "name",
                        "id"
                    ]
                },
                "module": "netshot_target_outputs?$limit=5000",
                "checkboxFields": true,
                "step_variables": []
            },
            "status": null,
            "top": "40",
            "left": "1020",
            "stepType": "\/api\/3\/workflow_step_types\/b593663d-7d13-40ce-a3a3-96dece928770",
            "group": null,
            "uuid": "01b45afe-ad72-4651-8138-5eced7d36773"
        },
        {
            "@type": "WorkflowStep",
            "name": "find reports active",
            "description": null,
            "arguments": {
                "query": {
                    "sort": [],
                    "limit": 30,
                    "logic": "AND",
                    "filters": [
                        {
                            "type": "object",
                            "field": "netshotTargets",
                            "value": "{{vars.steps.find_target[0]['@id']}}",
                            "_value": {
                                "@id": "{{vars.steps.find_target[0]['@id']}}",
                                "display": "",
                                "itemValue": ""
                            },
                            "operator": "eq"
                        },
                        {
                            "type": "primitive",
                            "field": "activeReport",
                            "value": true,
                            "operator": "eq",
                            "_operator": "eq"
                        }
                    ],
                    "__selectFields": [
                        "name",
                        "id",
                        "score"
                    ]
                },
                "module": "netshot_output_reports?$limit=5000",
                "checkboxFields": true,
                "step_variables": []
            },
            "status": null,
            "top": "340",
            "left": "1020",
            "stepType": "\/api\/3\/workflow_step_types\/b593663d-7d13-40ce-a3a3-96dece928770",
            "group": null,
            "uuid": "e3e626f0-363e-40a3-bbf6-b30df4b3b954"
        },
        {
            "@type": "WorkflowStep",
            "name": "find reports pending",
            "description": null,
            "arguments": {
                "query": {
                    "sort": [],
                    "limit": 30,
                    "logic": "AND",
                    "filters": [
                        {
                            "type": "object",
                            "field": "netshotTargets",
                            "value": "{{vars.steps.find_target[0]['@id']}}",
                            "_value": {
                                "@id": "{{vars.steps.find_target[0]['@id']}}",
                                "display": "",
                                "itemValue": ""
                            },
                            "operator": "eq"
                        },
                        {
                            "type": "array",
                            "field": "status",
                            "value": [
                                "40982496-7c2f-4d6f-b0c0-bb998387821b",
                                "caf00cc5-ecf8-4342-982b-3a9bdf81115a",
                                "2f63f907-d342-4ad6-9a77-68c654bba2d2",
                                "7c18340b-215d-4396-b052-623e4c085727"
                            ],
                            "module": "status",
                            "display": "",
                            "operator": "in",
                            "template": "multiselectpicklist",
                            "enableJinja": true,
                            "OPERATOR_KEY": "$",
                            "useInOperator": true,
                            "previousOperator": "in",
                            "previousTemplate": "multiselectpicklist"
                        }
                    ]
                },
                "module": "netshot_output_reports?$limit=5000",
                "checkboxFields": true,
                "step_variables": []
            },
            "status": null,
            "top": "240",
            "left": "1020",
            "stepType": "\/api\/3\/workflow_step_types\/b593663d-7d13-40ce-a3a3-96dece928770",
            "group": null,
            "uuid": "8e008465-2b88-4793-ba7c-feab8c4b24fe"
        },
        {
            "@type": "WorkflowStep",
            "name": "find target",
            "description": null,
            "arguments": {
                "query": {
                    "sort": [],
                    "limit": 30,
                    "logic": "AND",
                    "filters": [
                        {
                            "type": "primitive",
                            "field": "id",
                            "value": "{{vars.target_record_id}}",
                            "operator": "eq",
                            "_operator": "eq"
                        }
                    ],
                    "__selectFields": [
                        "name",
                        "type",
                        "totalScorePossible",
                        "totalScore",
                        "outputsLinked",
                        "outputsPending",
                        "outputsComplete",
                        "reportsLinked",
                        "reportsPending",
                        "reportsComplete",
                        "id",
                        "netshotTargetOutputProfiles",
                        "netshotOutputReportProfiles",
                        "netshotStatus"
                    ]
                },
                "module": "netshot_targets?$limit=1&$relationships=true&$fsr_max_relation_count=5000",
                "checkboxFields": true,
                "step_variables": []
            },
            "status": null,
            "top": "40",
            "left": "680",
            "stepType": "\/api\/3\/workflow_step_types\/b593663d-7d13-40ce-a3a3-96dece928770",
            "group": null,
            "uuid": "f2877df3-451a-47cd-8966-a73a068c3df4"
        },
        {
            "@type": "WorkflowStep",
            "name": "return",
            "description": null,
            "arguments": {
                "output": "{%- set idx = {} -%}\n{%- for s in vars.target_fields -%}\n  {%- if vars[s] is defined -%}\n    {%- do idx.update({s:vars[s]}) -%}\n  {%- endif -%}\n{%- endfor -%}\n{{idx}}"
            },
            "status": null,
            "top": "220",
            "left": "40",
            "stepType": "\/api\/3\/workflow_step_types\/04d0cf46-b6a8-42c4-8683-60a7eaa69e8f",
            "group": null,
            "uuid": "43c5c0ee-be0c-4bef-87c7-b282514eb545"
        },
        {
            "@type": "WorkflowStep",
            "name": "setup env",
            "description": null,
            "arguments": {
                "empty_data": "''",
                "target_fields": "[\n\"outputsLinked\",\n\"reportsLinked\",\n\"outputsPending\",\n\"reportsPending\",\n\"outputsComplete\",\n\"reportsComplete\",\n\"totalScore\",\n\"totalScorePossible\"\n]",
                "target_record_id": "{{vars.input.params['target_record_id']}}"
            },
            "status": null,
            "top": "40",
            "left": "360",
            "stepType": "\/api\/3\/workflow_step_types\/04d0cf46-b6a8-42c4-8683-60a7eaa69e8f",
            "group": null,
            "uuid": "ab644e5a-288e-419c-8143-9806be49a945"
        },
        {
            "@type": "WorkflowStep",
            "name": "Start",
            "description": null,
            "arguments": {
                "__triggerLimit": true,
                "step_variables": {
                    "input": {
                        "params": []
                    }
                },
                "triggerOnSource": true,
                "triggerOnReplicate": false
            },
            "status": null,
            "top": "40",
            "left": "40",
            "stepType": "\/api\/3\/workflow_step_types\/b348f017-9a94-471f-87f8-ce88b6a7ad62",
            "group": null,
            "uuid": "542c9e69-6102-441c-9985-15f8e02ea094"
        },
        {
            "@type": "WorkflowStep",
            "name": "update target stats",
            "description": null,
            "arguments": {
                "when": "{{vars.update_record}}",
                "resource": {
                    "totalScore": "{{vars.totalScore}}",
                    "netshotStatus": "{{\"Netshot Status of Target\" | picklist(vars.netshot_status, \"@id\")}}",
                    "outputsLinked": "{{vars.outputsLinked}}",
                    "reportsLinked": "{{vars.reportsLinked}}",
                    "outputsPending": "{{vars.outputsPending}}",
                    "reportsPending": "{{vars.reportsPending}}",
                    "outputsComplete": "{{vars.outputsComplete}}",
                    "reportsComplete": "{{vars.reportsComplete}}",
                    "totalScorePossible": "{{vars.totalScorePossible}}"
                },
                "operation": "Append",
                "collection": "{{vars.steps.find_target[0]['@id']}}",
                "__recommend": [],
                "collectionType": "\/api\/3\/netshot_targets",
                "fieldOperation": {
                    "recordTags": "Append"
                },
                "step_variables": []
            },
            "status": null,
            "top": "120",
            "left": "40",
            "stepType": "\/api\/3\/workflow_step_types\/b593663d-7d13-40ce-a3a3-96dece928722",
            "group": null,
            "uuid": "355041a8-4c44-4c5c-9780-ebb838f38578"
        }
    ],
    "routes": [
        {
            "@type": "WorkflowRoute",
            "name": "create netshot status -> create update flag",
            "targetStep": "\/api\/3\/workflow_steps\/b4a5d6bf-7354-4d5a-9935-89294dd325d4",
            "sourceStep": "\/api\/3\/workflow_steps\/52f3da94-fcd1-45a6-9092-e83a04a9031e",
            "label": null,
            "isExecuted": false,
            "group": null,
            "uuid": "440429bb-ea2a-4b71-b48d-bd70eeec0b76"
        },
        {
            "@type": "WorkflowRoute",
            "name": "create scorekeeper -> enhance report vars",
            "targetStep": "\/api\/3\/workflow_steps\/aef3d263-ba84-4830-82af-5bf294c96b08",
            "sourceStep": "\/api\/3\/workflow_steps\/34d50c90-e5f7-44c6-8996-9f32cac3f511",
            "label": null,
            "isExecuted": false,
            "group": null,
            "uuid": "b7226a53-a663-4150-9adb-fece02473b1f"
        },
        {
            "@type": "WorkflowRoute",
            "name": "create update flag -> update target stats",
            "targetStep": "\/api\/3\/workflow_steps\/355041a8-4c44-4c5c-9780-ebb838f38578",
            "sourceStep": "\/api\/3\/workflow_steps\/b4a5d6bf-7354-4d5a-9935-89294dd325d4",
            "label": null,
            "isExecuted": false,
            "group": null,
            "uuid": "e1c8f29a-7df2-4842-b56a-388386c45d82"
        },
        {
            "@type": "WorkflowRoute",
            "name": "enhance report vars -> create netshot status",
            "targetStep": "\/api\/3\/workflow_steps\/52f3da94-fcd1-45a6-9092-e83a04a9031e",
            "sourceStep": "\/api\/3\/workflow_steps\/aef3d263-ba84-4830-82af-5bf294c96b08",
            "label": null,
            "isExecuted": false,
            "group": null,
            "uuid": "2a6c6ef7-067b-490e-bce4-fbe7d212f080"
        },
        {
            "@type": "WorkflowRoute",
            "name": "find outputs complete -> Copy 1 of find outputs pending",
            "targetStep": "\/api\/3\/workflow_steps\/8e008465-2b88-4793-ba7c-feab8c4b24fe",
            "sourceStep": "\/api\/3\/workflow_steps\/c0b7e0ed-29c2-45e7-911e-d463aa664ad1",
            "label": null,
            "isExecuted": false,
            "group": null,
            "uuid": "f7c94d34-beb4-47b8-97d2-99a0b8ff88c4"
        },
        {
            "@type": "WorkflowRoute",
            "name": "find outputs pending -> find outputs complete",
            "targetStep": "\/api\/3\/workflow_steps\/c0b7e0ed-29c2-45e7-911e-d463aa664ad1",
            "sourceStep": "\/api\/3\/workflow_steps\/01b45afe-ad72-4651-8138-5eced7d36773",
            "label": null,
            "isExecuted": false,
            "group": null,
            "uuid": "212e51c6-eaa4-4b16-a705-0c63df30531a"
        },
        {
            "@type": "WorkflowRoute",
            "name": "find reports active -> create scorekeeper",
            "targetStep": "\/api\/3\/workflow_steps\/34d50c90-e5f7-44c6-8996-9f32cac3f511",
            "sourceStep": "\/api\/3\/workflow_steps\/e3e626f0-363e-40a3-bbf6-b30df4b3b954",
            "label": null,
            "isExecuted": false,
            "group": null,
            "uuid": "4d4b9709-6fca-41b2-b526-1dc06829aac6"
        },
        {
            "@type": "WorkflowRoute",
            "name": "find reports pending -> Copy of find reports pending",
            "targetStep": "\/api\/3\/workflow_steps\/e3e626f0-363e-40a3-bbf6-b30df4b3b954",
            "sourceStep": "\/api\/3\/workflow_steps\/8e008465-2b88-4793-ba7c-feab8c4b24fe",
            "label": null,
            "isExecuted": false,
            "group": null,
            "uuid": "6507b4df-fd96-49cb-9dd6-fb3b801b2330"
        },
        {
            "@type": "WorkflowRoute",
            "name": "find target -> find outputs",
            "targetStep": "\/api\/3\/workflow_steps\/01b45afe-ad72-4651-8138-5eced7d36773",
            "sourceStep": "\/api\/3\/workflow_steps\/f2877df3-451a-47cd-8966-a73a068c3df4",
            "label": null,
            "isExecuted": false,
            "group": null,
            "uuid": "9428ce8d-024d-46b5-abe2-d12ec69e1af8"
        },
        {
            "@type": "WorkflowRoute",
            "name": "setup env -> find target",
            "targetStep": "\/api\/3\/workflow_steps\/f2877df3-451a-47cd-8966-a73a068c3df4",
            "sourceStep": "\/api\/3\/workflow_steps\/ab644e5a-288e-419c-8143-9806be49a945",
            "label": null,
            "isExecuted": false,
            "group": null,
            "uuid": "944ee675-2f19-4c24-8796-f932b45e264c"
        },
        {
            "@type": "WorkflowRoute",
            "name": "Start -> setup env",
            "targetStep": "\/api\/3\/workflow_steps\/ab644e5a-288e-419c-8143-9806be49a945",
            "sourceStep": "\/api\/3\/workflow_steps\/542c9e69-6102-441c-9985-15f8e02ea094",
            "label": null,
            "isExecuted": false,
            "group": null,
            "uuid": "a4125afc-6c0f-4aa4-b944-2d445ad51c4d"
        },
        {
            "@type": "WorkflowRoute",
            "name": "update target stats -> return",
            "targetStep": "\/api\/3\/workflow_steps\/43c5c0ee-be0c-4bef-87c7-b282514eb545",
            "sourceStep": "\/api\/3\/workflow_steps\/355041a8-4c44-4c5c-9780-ebb838f38578",
            "label": null,
            "isExecuted": false,
            "group": null,
            "uuid": "2be722cb-03de-4866-87ab-450e5418f942"
        }
    ],
    "groups": [
        {
            "@type": "WorkflowGroup",
            "name": "Playbook Logic",
            "description": "- Count how many outputs and reports are linked to the target. \n- Find pending outputs and reports for the target.\n- Find the latest outputs and active reports for the target.\n- Updates fields listed in *vars.target_fields* from the *setup env* step.\n- Determine the proper value of *vars.netshot_status* from the stats.\n- Skip the update if nothing has been changed.",
            "type": "note",
            "isCollapsed": false,
            "hasTriggerStep": false,
            "hideInLogs": false,
            "metadata": [],
            "reusable": false,
            "top": "140",
            "left": "400",
            "height": "170",
            "width": "498",
            "uuid": "c0f00821-fb43-4fd1-ade0-42a7b00e9f2e",
            "recordTags": []
        }
    ],
    "priority": "\/api\/3\/picklists\/2b563c61-ae2c-41c0-a85a-c9709585e3f2",
    "playbookOrigin": "\/api\/3\/picklists\/b6d710a9-a8ec-41ec-8817-fe9fa062fcdd",
    "isEditable": true,
    "uuid": "c35569ed-7415-499e-85c0-e65010facbc6",
    "owners": [],
    "isPrivate": false,
    "deletedAt": null,
    "recordTags": [
        "target_record_id"
    ]
}