{
    "@type": "Workflow",
    "triggerLimit": null,
    "name": "> netshot target - re-queue output sequentially",
    "aliasName": null,
    "tag": null,
    "description": "Find output files being processed.",
    "isActive": true,
    "debug": false,
    "singleRecordExecution": false,
    "remoteExecutableFlag": false,
    "parameters": [
        "target_record_id"
    ],
    "synchronous": false,
    "collection": "\/api\/3\/workflow_collections\/47462724-61c5-401a-be3b-53b8154157f9",
    "versions": [],
    "triggerStep": "\/api\/3\/workflow_steps\/c913883e-a95d-426f-9bd3-49ff1d5f2e1e",
    "steps": [
        {
            "@type": "WorkflowStep",
            "name": "find outputs",
            "description": null,
            "arguments": {
                "query": {
                    "sort": [
                        {
                            "field": "orderPriority",
                            "direction": "ASC",
                            "_fieldName": "orderPriority",
                            "_fieldTitle": "Order Priority"
                        },
                        {
                            "field": "createDate",
                            "direction": "ASC",
                            "_fieldName": "createDate",
                            "_fieldTitle": "Created On"
                        }
                    ],
                    "limit": 30,
                    "logic": "AND",
                    "filters": [
                        {
                            "type": "array",
                            "field": "status",
                            "value": [
                                "caf00cc5-ecf8-4342-982b-3a9bdf81115a",
                                "2f63f907-d342-4ad6-9a77-68c654bba2d2",
                                "7c18340b-215d-4396-b052-623e4c085727"
                            ],
                            "module": "status",
                            "display": "",
                            "operator": "in",
                            "template": "multiselectpicklist",
                            "enableJinja": true,
                            "OPERATOR_KEY": "$",
                            "useInOperator": true,
                            "previousOperator": "in",
                            "previousTemplate": "multiselectpicklist"
                        },
                        {
                            "type": "object",
                            "field": "netshotTargets",
                            "value": "{{vars.steps.find_target[0]['@id']}}",
                            "_value": {
                                "@id": "{{vars.steps.find_target[0]['@id']}}",
                                "display": "",
                                "itemValue": ""
                            },
                            "operator": "eq"
                        }
                    ],
                    "__selectFields": [
                        "name",
                        "orderPriority",
                        "id",
                        "createDate",
                        "status"
                    ]
                },
                "module": "netshot_target_outputs?$limit=5000",
                "checkboxFields": true,
                "step_variables": {
                    "find_outputs": "{{vars.steps.find_outputs}}"
                }
            },
            "status": null,
            "top": "140",
            "left": "640",
            "stepType": "\/api\/3\/workflow_step_types\/b593663d-7d13-40ce-a3a3-96dece928770",
            "group": null,
            "uuid": "c12ddbba-6400-4649-87d3-cf70614d1b88"
        },
        {
            "@type": "WorkflowStep",
            "name": "find target",
            "description": null,
            "arguments": {
                "query": {
                    "sort": [],
                    "limit": 30,
                    "logic": "AND",
                    "filters": [
                        {
                            "type": "primitive",
                            "field": "id",
                            "value": "{{vars.target_record_id}}",
                            "operator": "eq",
                            "_operator": "eq"
                        }
                    ]
                },
                "module": "netshot_targets?$limit=1&$relationships=true&$fsr_max_relation_count=100",
                "step_variables": {
                    "find_results": "{{vars.steps.find_target}}"
                }
            },
            "status": null,
            "top": "60",
            "left": "640",
            "stepType": "\/api\/3\/workflow_step_types\/b593663d-7d13-40ce-a3a3-96dece928770",
            "group": null,
            "uuid": "6ab05efe-058a-4aba-b216-c45db671203c"
        },
        {
            "@type": "WorkflowStep",
            "name": "process outputs",
            "description": null,
            "arguments": {
                "status_list": "{{ vars.find_outputs|json_query('[].status.itemValue') }}",
                "pending_records": "{{ vars.find_outputs | json_query('[?status.itemValue!=`Running` ]') }}"
            },
            "status": null,
            "top": "220",
            "left": "640",
            "stepType": "\/api\/3\/workflow_step_types\/04d0cf46-b6a8-42c4-8683-60a7eaa69e8f",
            "group": null,
            "uuid": "0f9ee7a0-ceec-4d3d-ae2c-32ea0c2bac51"
        },
        {
            "@type": "WorkflowStep",
            "name": "set pending to waiting",
            "description": null,
            "arguments": {
                "when": "{{vars.pending_records|length > 0}}",
                "for_each": {
                    "item": "{{vars.pending_records}}",
                    "__bulk": true,
                    "parallel": false,
                    "condition": "",
                    "batch_size": 100
                },
                "resource": {
                    "status": "\/api\/3\/picklists\/caf00cc5-ecf8-4342-982b-3a9bdf81115a"
                },
                "operation": "Append",
                "collection": "{{vars.item['@id']}}",
                "__recommend": [],
                "collectionType": "\/api\/3\/netshot_target_outputs",
                "fieldOperation": {
                    "recordTags": "Append"
                },
                "step_variables": []
            },
            "status": null,
            "top": "300",
            "left": "640",
            "stepType": "\/api\/3\/workflow_step_types\/b593663d-7d13-40ce-a3a3-96dece928722",
            "group": null,
            "uuid": "0b8070eb-02fc-40ff-8aaa-2251e18828df"
        },
        {
            "@type": "WorkflowStep",
            "name": "setup env",
            "description": null,
            "arguments": {
                "empty_data": "''",
                "target_record_id": "{{vars.input.params['target_record_id']}}"
            },
            "status": null,
            "top": "40",
            "left": "340",
            "stepType": "\/api\/3\/workflow_step_types\/04d0cf46-b6a8-42c4-8683-60a7eaa69e8f",
            "group": null,
            "uuid": "10174ce9-64da-49e7-a0ea-615e77a8f885"
        },
        {
            "@type": "WorkflowStep",
            "name": "set waiting to running",
            "description": "Only set the next priority",
            "arguments": {
                "when": "{{vars.pending_records|length > 0 and \"Running\" not in vars.status_list}}",
                "resource": {
                    "status": "\/api\/3\/picklists\/7c18340b-215d-4396-b052-623e4c085727"
                },
                "operation": "Append",
                "collection": "{{vars.pending_records[0]['@id']}}",
                "__recommend": [],
                "collectionType": "\/api\/3\/netshot_target_outputs",
                "fieldOperation": {
                    "recordTags": "Append"
                },
                "step_variables": []
            },
            "status": null,
            "top": "380",
            "left": "640",
            "stepType": "\/api\/3\/workflow_step_types\/b593663d-7d13-40ce-a3a3-96dece928722",
            "group": null,
            "uuid": "f0a59d2b-314d-4500-87a3-0f8f93a2e0c5"
        },
        {
            "@type": "WorkflowStep",
            "name": "Start",
            "description": null,
            "arguments": {
                "__triggerLimit": true,
                "step_variables": {
                    "input": {
                        "params": []
                    }
                },
                "triggerOnSource": true,
                "triggerOnReplicate": false
            },
            "status": null,
            "top": "40",
            "left": "40",
            "stepType": "\/api\/3\/workflow_step_types\/b348f017-9a94-471f-87f8-ce88b6a7ad62",
            "group": null,
            "uuid": "c913883e-a95d-426f-9bd3-49ff1d5f2e1e"
        }
    ],
    "routes": [
        {
            "@type": "WorkflowRoute",
            "name": "find outputs -> process outputs",
            "targetStep": "\/api\/3\/workflow_steps\/0f9ee7a0-ceec-4d3d-ae2c-32ea0c2bac51",
            "sourceStep": "\/api\/3\/workflow_steps\/c12ddbba-6400-4649-87d3-cf70614d1b88",
            "label": null,
            "isExecuted": false,
            "group": null,
            "uuid": "4660782b-9b5c-4db3-b0b7-2520c33a0ef1"
        },
        {
            "@type": "WorkflowRoute",
            "name": "find target -> find outputs",
            "targetStep": "\/api\/3\/workflow_steps\/c12ddbba-6400-4649-87d3-cf70614d1b88",
            "sourceStep": "\/api\/3\/workflow_steps\/6ab05efe-058a-4aba-b216-c45db671203c",
            "label": null,
            "isExecuted": false,
            "group": null,
            "uuid": "a8d2ab79-fbcc-4d4a-9b9e-027e48f30a90"
        },
        {
            "@type": "WorkflowRoute",
            "name": "process outputs -> set pending to waiting",
            "targetStep": "\/api\/3\/workflow_steps\/0b8070eb-02fc-40ff-8aaa-2251e18828df",
            "sourceStep": "\/api\/3\/workflow_steps\/0f9ee7a0-ceec-4d3d-ae2c-32ea0c2bac51",
            "label": null,
            "isExecuted": false,
            "group": null,
            "uuid": "120f5b39-7b79-460e-aff3-ba803b109d90"
        },
        {
            "@type": "WorkflowRoute",
            "name": "set pending to waiting -> set waiting to running",
            "targetStep": "\/api\/3\/workflow_steps\/f0a59d2b-314d-4500-87a3-0f8f93a2e0c5",
            "sourceStep": "\/api\/3\/workflow_steps\/0b8070eb-02fc-40ff-8aaa-2251e18828df",
            "label": null,
            "isExecuted": false,
            "group": null,
            "uuid": "8f9af1a7-8d2b-40e0-88f2-370338e31d7f"
        },
        {
            "@type": "WorkflowRoute",
            "name": "setup env -> find target",
            "targetStep": "\/api\/3\/workflow_steps\/6ab05efe-058a-4aba-b216-c45db671203c",
            "sourceStep": "\/api\/3\/workflow_steps\/10174ce9-64da-49e7-a0ea-615e77a8f885",
            "label": null,
            "isExecuted": false,
            "group": null,
            "uuid": "e6198962-51a5-4ca1-8116-17a2c6dcb460"
        },
        {
            "@type": "WorkflowRoute",
            "name": "Start -> setup env",
            "targetStep": "\/api\/3\/workflow_steps\/10174ce9-64da-49e7-a0ea-615e77a8f885",
            "sourceStep": "\/api\/3\/workflow_steps\/c913883e-a95d-426f-9bd3-49ff1d5f2e1e",
            "label": null,
            "isExecuted": false,
            "group": null,
            "uuid": "d90683af-9c4b-4c25-85b9-4ef2a634f584"
        }
    ],
    "groups": [
        {
            "@type": "WorkflowGroup",
            "name": "Logic",
            "description": "- Set all pending outputs to waiting. \n - If nobody is running, then set next priority to running.",
            "type": "note",
            "isCollapsed": false,
            "hasTriggerStep": false,
            "hideInLogs": false,
            "metadata": [],
            "reusable": false,
            "top": "120",
            "left": "80",
            "height": "103",
            "width": "498",
            "uuid": "da80f555-e22f-4f28-b582-8127b8e7cad3",
            "recordTags": []
        }
    ],
    "priority": "\/api\/3\/picklists\/2b563c61-ae2c-41c0-a85a-c9709585e3f2",
    "playbookOrigin": "\/api\/3\/picklists\/b6d710a9-a8ec-41ec-8817-fe9fa062fcdd",
    "isEditable": true,
    "uuid": "931c0faa-f109-4d23-8d21-b74e3ad07270",
    "owners": [],
    "isPrivate": false,
    "deletedAt": null,
    "recordTags": [
        "target_record_id"
    ]
}