{
    "@type": "Workflow",
    "triggerLimit": null,
    "name": "> netshot ssh - run script and return results",
    "aliasName": null,
    "tag": null,
    "description": "Run SSH commands as a script.",
    "isActive": true,
    "debug": false,
    "singleRecordExecution": false,
    "remoteExecutableFlag": false,
    "parameters": [
        "asset_ip",
        "asset_user",
        "asset_password",
        "commands",
        "output_context"
    ],
    "synchronous": false,
    "collection": "\/api\/3\/workflow_collections\/47462724-61c5-401a-be3b-53b8154157f9",
    "versions": [],
    "triggerStep": "\/api\/3\/workflow_steps\/37287302-7214-45af-a408-15ff075e0e53",
    "steps": [
        {
            "@type": "WorkflowStep",
            "name": "get ssh config",
            "description": null,
            "arguments": {
                "arguments": {
                    "host": "{{vars.asset_ip}}",
                    "password": "{{vars.asset_password}}",
                    "username": "{{vars.asset_user}}"
                },
                "apply_async": false,
                "step_variables": [],
                "pass_parent_env": false,
                "pass_input_record": false,
                "workflowReference": "\/api\/3\/workflows\/a42e3424-3bf9-4ef6-8dca-d1d5c84fb7c7"
            },
            "status": null,
            "top": "140",
            "left": "360",
            "stepType": "\/api\/3\/workflow_step_types\/74932bdc-b8b6-4d24-88c4-1a4dfbc524f3",
            "group": null,
            "uuid": "eb327dc1-cb35-46b6-aa76-24423d8811eb"
        },
        {
            "@type": "WorkflowStep",
            "name": "setup env",
            "description": null,
            "arguments": {
                "asset_ip": "{{vars.input.params['asset_ip']}}",
                "commands": "{{vars.input.params.commands}}",
                "asset_user": "{{vars.input.params['asset_user']|default('admin')}}",
                "asset_password": "{{vars.input.params['asset_password']|default('fortinet')}}",
                "output_context": "{{vars.input.params['output_context']}}",
                "target_record_id": "{{vars.input.params['target_record_id']}}",
                "output_profile_fqid": "{{vars.input.params['output_profile_fqid']}}"
            },
            "status": null,
            "top": "40",
            "left": "360",
            "stepType": "\/api\/3\/workflow_step_types\/04d0cf46-b6a8-42c4-8683-60a7eaa69e8f",
            "group": null,
            "uuid": "829d7f68-3f65-431c-bb51-82ea80213236"
        },
        {
            "@type": "WorkflowStep",
            "name": "ssh_return",
            "description": null,
            "arguments": {
                "output": "{{vars.steps.ssh_script.data}}"
            },
            "status": null,
            "top": "120",
            "left": "40",
            "stepType": "\/api\/3\/workflow_step_types\/04d0cf46-b6a8-42c4-8683-60a7eaa69e8f",
            "group": null,
            "uuid": "dd9da033-5226-412c-9e0a-6570133988d6"
        },
        {
            "@type": "WorkflowStep",
            "name": "ssh script",
            "description": null,
            "arguments": {
                "name": "SSH",
                "config": "{{vars.steps.get_ssh_config.output}}",
                "params": {
                    "cmd": "{{vars.commands}}",
                    "allowed_exit": "-1,0",
                    "is_super_user": false
                },
                "version": "2.1.2",
                "connector": "ssh",
                "operation": "run_remote_command",
                "operationTitle": "Execute remote command",
                "pickFromTenant": false,
                "step_variables": []
            },
            "status": null,
            "top": "240",
            "left": "360",
            "stepType": "\/api\/3\/workflow_step_types\/0bfed618-0316-11e7-93ae-92361f002671",
            "group": null,
            "uuid": "c3c0c4c4-9442-4b58-a1fc-998d827c0994"
        },
        {
            "@type": "WorkflowStep",
            "name": "Start",
            "description": null,
            "arguments": {
                "__triggerLimit": true,
                "step_variables": {
                    "input": {
                        "params": []
                    }
                },
                "triggerOnSource": true,
                "triggerOnReplicate": false
            },
            "status": null,
            "top": "40",
            "left": "40",
            "stepType": "\/api\/3\/workflow_step_types\/b348f017-9a94-471f-87f8-ce88b6a7ad62",
            "group": null,
            "uuid": "37287302-7214-45af-a408-15ff075e0e53"
        }
    ],
    "routes": [
        {
            "@type": "WorkflowRoute",
            "name": "get ssh config -> ssh commands",
            "targetStep": "\/api\/3\/workflow_steps\/c3c0c4c4-9442-4b58-a1fc-998d827c0994",
            "sourceStep": "\/api\/3\/workflow_steps\/eb327dc1-cb35-46b6-aa76-24423d8811eb",
            "label": null,
            "isExecuted": false,
            "group": null,
            "uuid": "022d272d-ea70-4c71-9925-c2988c17632f"
        },
        {
            "@type": "WorkflowRoute",
            "name": "setup env -> get ssh config",
            "targetStep": "\/api\/3\/workflow_steps\/eb327dc1-cb35-46b6-aa76-24423d8811eb",
            "sourceStep": "\/api\/3\/workflow_steps\/829d7f68-3f65-431c-bb51-82ea80213236",
            "label": null,
            "isExecuted": false,
            "group": null,
            "uuid": "7367410e-0daf-4da6-9ef8-a6879016b369"
        },
        {
            "@type": "WorkflowRoute",
            "name": "ssh commands -> return",
            "targetStep": "\/api\/3\/workflow_steps\/dd9da033-5226-412c-9e0a-6570133988d6",
            "sourceStep": "\/api\/3\/workflow_steps\/c3c0c4c4-9442-4b58-a1fc-998d827c0994",
            "label": null,
            "isExecuted": false,
            "group": null,
            "uuid": "c479670c-d36c-4f0c-98e1-b9ec561e10cb"
        },
        {
            "@type": "WorkflowRoute",
            "name": "Start -> setup env",
            "targetStep": "\/api\/3\/workflow_steps\/829d7f68-3f65-431c-bb51-82ea80213236",
            "sourceStep": "\/api\/3\/workflow_steps\/37287302-7214-45af-a408-15ff075e0e53",
            "label": null,
            "isExecuted": false,
            "group": null,
            "uuid": "6b25ebb4-3cd5-4859-865e-facef4cca8ed"
        }
    ],
    "groups": [],
    "priority": "\/api\/3\/picklists\/2b563c61-ae2c-41c0-a85a-c9709585e3f2",
    "playbookOrigin": "\/api\/3\/picklists\/b6d710a9-a8ec-41ec-8817-fe9fa062fcdd",
    "isEditable": true,
    "uuid": "bf84fd9b-0799-4838-a639-b6303402d012",
    "owners": [],
    "isPrivate": false,
    "deletedAt": null,
    "recordTags": [
        "asset_ip",
        "asset_password",
        "asset_user",
        "commands",
        "Subroutine",
        "target_record_id:"
    ]
}