{
    "@type": "Workflow",
    "triggerLimit": null,
    "name": "> netshot output reports - report handler - diff previous",
    "aliasName": null,
    "tag": null,
    "description": "Find the last 2 target output files associated with output report based on context.",
    "isActive": true,
    "debug": false,
    "singleRecordExecution": false,
    "remoteExecutableFlag": false,
    "parameters": [
        "netshot_output_report_id",
        "context"
    ],
    "synchronous": false,
    "collection": "\/api\/3\/workflow_collections\/47462724-61c5-401a-be3b-53b8154157f9",
    "versions": [],
    "triggerStep": "\/api\/3\/workflow_steps\/07f21102-ce5d-49f5-8c87-c03111fc75cd",
    "steps": [
        {
            "@type": "WorkflowStep",
            "name": "create record data",
            "description": null,
            "arguments": {
                "record_data_ids": "[\n\"{{vars.steps.find_latest_data[0]['id']}}\",\n\"{{vars.steps.find_previous_data[0]['id']}}\"\n]",
                "record_data_fqids": "[\n\"{{vars.steps.find_latest_data[0]['@id']}}\",\n\"{{vars.steps.find_previous_data[0]['@id']}}\"\n]"
            },
            "status": null,
            "top": "220",
            "left": "960",
            "stepType": "\/api\/3\/workflow_step_types\/04d0cf46-b6a8-42c4-8683-60a7eaa69e8f",
            "group": null,
            "uuid": "93a7d9e3-b20d-478a-87f9-6f8a4b23d3a5"
        },
        {
            "@type": "WorkflowStep",
            "name": "Delete_Record",
            "description": null,
            "arguments": {
                "params": {
                    "iri": "{{vars.steps.find_report_record[0]['@id']}}",
                    "body": "",
                    "method": "DELETE"
                },
                "version": "3.4.0",
                "connector": "cyops_utilities",
                "operation": "make_cyops_request",
                "operationTitle": "FSR: Make FortiSOAR API Call",
                "step_variables": {
                    "return_data": "{\"deleted\":True}"
                }
            },
            "status": null,
            "top": "200",
            "left": "320",
            "stepType": "\/api\/3\/workflow_step_types\/0109f35d-090b-4a2b-bd8a-94cbc3508562",
            "group": null,
            "uuid": "2748a088-745a-43e2-8634-ba0517bfc06c"
        },
        {
            "@type": "WorkflowStep",
            "name": "find latest data",
            "description": null,
            "arguments": {
                "query": {
                    "sort": [
                        {
                            "field": "timestamp",
                            "direction": "DESC",
                            "_fieldName": "timestamp",
                            "_fieldTitle": "Timestamp"
                        }
                    ],
                    "limit": 30,
                    "logic": "AND",
                    "filters": [
                        {
                            "type": "primitive",
                            "field": "netshotOutputReports.id",
                            "value": "{{vars.netshot_output_report_id}}",
                            "operator": "eq",
                            "_operator": "eq"
                        },
                        {
                            "type": "primitive",
                            "field": "context",
                            "value": "{{vars.context}}",
                            "operator": "eq",
                            "_operator": "eq"
                        }
                    ],
                    "__selectFields": [
                        "timestamp",
                        "context"
                    ]
                },
                "module": "netshot_target_outputs?$limit=1",
                "checkboxFields": true,
                "step_variables": []
            },
            "status": null,
            "top": "40",
            "left": "960",
            "stepType": "\/api\/3\/workflow_step_types\/b593663d-7d13-40ce-a3a3-96dece928770",
            "group": null,
            "uuid": "fcf28d7d-551a-461b-9454-5a4c9074761f"
        },
        {
            "@type": "WorkflowStep",
            "name": "find output data records",
            "description": null,
            "arguments": {
                "query": {
                    "sort": [
                        {
                            "field": "timestamp",
                            "direction": "DESC",
                            "_fieldName": "timestamp",
                            "_fieldTitle": "Timestamp"
                        }
                    ],
                    "limit": 30,
                    "logic": "AND",
                    "filters": [
                        {
                            "type": "primitive",
                            "field": "id",
                            "value": "{{vars.record_data_ids}}",
                            "operator": "in",
                            "_operator": "in"
                        }
                    ],
                    "__selectFields": [
                        "name",
                        "normalizedData",
                        "id",
                        "timestamp"
                    ]
                },
                "module": "netshot_target_outputs?$limit=2",
                "checkboxFields": true,
                "step_variables": []
            },
            "status": null,
            "top": "400",
            "left": "600",
            "stepType": "\/api\/3\/workflow_step_types\/b593663d-7d13-40ce-a3a3-96dece928770",
            "group": null,
            "uuid": "7d7b61e7-559f-4425-b3b4-1ad8feb2e282"
        },
        {
            "@type": "WorkflowStep",
            "name": "find previous data",
            "description": null,
            "arguments": {
                "query": {
                    "sort": [
                        {
                            "field": "timestamp",
                            "direction": "DESC",
                            "_fieldName": "timestamp",
                            "_fieldTitle": "Timestamp"
                        }
                    ],
                    "limit": 30,
                    "logic": "AND",
                    "filters": [
                        {
                            "type": "primitive",
                            "field": "context",
                            "value": "{{vars.context}}",
                            "operator": "eq",
                            "_operator": "eq"
                        },
                        {
                            "type": "datetime",
                            "field": "timestamp",
                            "value": "{{vars.steps.find_latest_data[0].timestamp}}",
                            "operator": "lt"
                        },
                        {
                            "type": "object",
                            "field": "netshotTargets",
                            "value": "{{vars.steps.find_report_record[0].netshotTargets['@id']}}",
                            "_value": {
                                "@id": "{{vars.steps.find_report_record[0].netshotTargets['@id']}}",
                                "display": "",
                                "itemValue": ""
                            },
                            "operator": "eq"
                        }
                    ],
                    "__selectFields": [
                        "timestamp",
                        "context"
                    ]
                },
                "module": "netshot_target_outputs?$limit=1",
                "checkboxFields": true,
                "step_variables": []
            },
            "status": null,
            "top": "140",
            "left": "960",
            "stepType": "\/api\/3\/workflow_step_types\/b593663d-7d13-40ce-a3a3-96dece928770",
            "group": null,
            "uuid": "0bd9d7b4-8fd1-4456-827e-f28390e53f1d"
        },
        {
            "@type": "WorkflowStep",
            "name": "find report record",
            "description": null,
            "arguments": {
                "query": {
                    "sort": [],
                    "limit": 30,
                    "logic": "AND",
                    "filters": [
                        {
                            "type": "primitive",
                            "field": "id",
                            "value": "{{vars.netshot_output_report_id}}",
                            "operator": "eq",
                            "_operator": "eq"
                        }
                    ],
                    "__selectFields": [
                        "netshotTargets",
                        "name"
                    ]
                },
                "module": "netshot_output_reports?$limit=1",
                "checkboxFields": true,
                "step_variables": []
            },
            "status": null,
            "top": "40",
            "left": "660",
            "stepType": "\/api\/3\/workflow_step_types\/b593663d-7d13-40ce-a3a3-96dece928770",
            "group": null,
            "uuid": "497a3d5d-76fd-460d-a9dc-b5248b5388ef"
        },
        {
            "@type": "WorkflowStep",
            "name": "force normalize data",
            "description": null,
            "arguments": {
                "arguments": {
                    "normalize_data_type": "text",
                    "netshot_target_output_id_list": "{{vars.steps.find_previous_data|json_query('[].id')}}"
                },
                "apply_async": false,
                "step_variables": [],
                "pass_parent_env": false,
                "pass_input_record": false,
                "workflowReference": "\/api\/3\/workflows\/de54fb72-2032-4e5f-8d42-2698f035adbd"
            },
            "status": null,
            "top": "300",
            "left": "1280",
            "stepType": "\/api\/3\/workflow_step_types\/74932bdc-b8b6-4d24-88c4-1a4dfbc524f3",
            "group": null,
            "uuid": "0997bcf9-e29f-41cb-8687-33916ba40e6f"
        },
        {
            "@type": "WorkflowStep",
            "name": "get diff2json",
            "description": null,
            "arguments": {
                "arguments": {
                    "netshot_target_output_id1": "{{vars.output1_id}}",
                    "netshot_target_output_id2": "{{vars.output2_id}}"
                },
                "apply_async": false,
                "step_variables": [],
                "pass_parent_env": false,
                "pass_input_record": false,
                "workflowReference": "\/api\/3\/workflows\/1aaa9580-6694-4680-b025-25cdf0487be0"
            },
            "status": null,
            "top": "640",
            "left": "1020",
            "stepType": "\/api\/3\/workflow_step_types\/74932bdc-b8b6-4d24-88c4-1a4dfbc524f3",
            "group": null,
            "uuid": "19b48f18-a6c8-4e58-ab9f-55b67e2f9151"
        },
        {
            "@type": "WorkflowStep",
            "name": "make markdown raw",
            "description": null,
            "arguments": {
                "report_data": "{%- set diff = vars.steps.get_diff2json.output -%}\n{%- set table = [] -%}\n{%- do table.append(\"```\") -%}\n{%- for d in diff -%}\n{%- do table.append(d.original + \" \" + d.symbol + \" \" + d.modified) -%}\n{%- endfor -%}\n{%- do table.append(\"```\") -%}\n{{table}}"
            },
            "status": null,
            "top": "740",
            "left": "700",
            "stepType": "\/api\/3\/workflow_step_types\/04d0cf46-b6a8-42c4-8683-60a7eaa69e8f",
            "group": null,
            "uuid": "1f040bef-570a-436e-8630-968238531e70"
        },
        {
            "@type": "WorkflowStep",
            "name": "make markdown table",
            "description": null,
            "arguments": {
                "report_data": "{%- set diff = vars.steps.get_diff2json.output.lines -%}\n{%- set symbol = {\n   'none':'\u26aa',\n   '|':'\ud83d\udfe1',\n   '>':'\ud83d\udfe2',\n   '<':'\ud83d\udd34',\n}\n-%}\n{% set table = [] -%}\n{%- do table.append(\"| Output1 (\" + vars.output1_timestamp_human + \") | Change | Output2 (\" + vars.output2_timestamp_human + \") |\") -%}\n{%- do table.append(\"| ---------- | -------- | ---------- |\") -%}\n{%- for d in diff -%}\n{%- do table.append(\"| \" + d.original + \" | \" + symbol[d.symbol.replace(' ','none')] + \" | \" + d.modified + \" |\") -%}\n{%- endfor -%}\n{%- do table.append(\" \") -%}\n{%- do table.append(\"| NoChange           | Changed            | Added           | Removed         |\") -%}\n{%- do table.append(\"| --------           | -------            | -----           | -------         |\") -%}\n{%- do table.append(\"| \" + symbol['none'] + \" | \" + symbol['|'] + \" | \" + symbol['>'] + \" | \" + symbol['<'] + \" |\") -%}\n{{table}}",
                "report_summary": "{%- set summary = vars.steps.get_diff2json.output.summary -%}\n\n{%- set idx = {\n  \"total_lines\":0,\n  \"exceptions_found\":0,\n  \"exception_status\": \"None\"\n} -%}\n\n{%- do idx.update({\n    \"total_lines\":summary.total_lines,\n    \"exceptions_found\":summary.total_changes,\n    \"lines_added\":summary.lines_added,\n    \"lines_removed\":summary.lines_removed,\n    \"lines_changed\":summary.lines_changed\n  }) -%}\n{%- if idx.exceptions_found > 0 -%}\n{%- do idx.update({\"exception_status\":\"Exceptions Found\"}) -%}\n{%- endif -%}\n{{idx}}"
            },
            "status": null,
            "top": "640",
            "left": "700",
            "stepType": "\/api\/3\/workflow_step_types\/04d0cf46-b6a8-42c4-8683-60a7eaa69e8f",
            "group": null,
            "uuid": "d26e5bef-39d2-4792-85e2-ce5fba2bd210"
        },
        {
            "@type": "WorkflowStep",
            "name": "output data",
            "description": null,
            "arguments": {
                "output1_id": "{{vars.steps.find_output_data_records[1].id}}",
                "output2_id": "{{vars.steps.find_output_data_records[0].id}}",
                "output1_timestamp": "{{vars.steps.find_output_data_records[1].timestamp}}",
                "output2_timestamp": "{{vars.steps.find_output_data_records[0].timestamp}}",
                "output1_timestamp_human": "{{arrow.get(vars.steps.find_output_data_records[1].timestamp).to(\"UTC\").format(\"YYYY-MM-DD HH:mm:ss ZZ\")}}",
                "output2_timestamp_human": "{{arrow.get(vars.steps.find_output_data_records[0].timestamp).to(\"UTC\").format(\"YYYY-MM-DD HH:mm:ss ZZ\")}}"
            },
            "status": null,
            "top": "460",
            "left": "960",
            "stepType": "\/api\/3\/workflow_step_types\/04d0cf46-b6a8-42c4-8683-60a7eaa69e8f",
            "group": null,
            "uuid": "57f533d2-ba63-4c95-915f-84aec3253fd9"
        },
        {
            "@type": "WorkflowStep",
            "name": "previous data found",
            "description": null,
            "arguments": {
                "conditions": [
                    {
                        "default": true,
                        "step_iri": "\/api\/3\/workflow_steps\/2748a088-745a-43e2-8634-ba0517bfc06c",
                        "step_name": "Delete_Record"
                    },
                    {
                        "step_iri": "\/api\/3\/workflow_steps\/93a7d9e3-b20d-478a-87f9-6f8a4b23d3a5",
                        "condition": "{{ vars.steps.find_previous_data | length > 0 }}",
                        "step_name": "create record data"
                    }
                ],
                "step_variables": []
            },
            "status": null,
            "top": "140",
            "left": "620",
            "stepType": "\/api\/3\/workflow_step_types\/12254cf5-5db7-4b1a-8cb1-3af081924b28",
            "group": null,
            "uuid": "bcdf2280-b203-4a04-a14c-c0b5c63c7ad2"
        },
        {
            "@type": "WorkflowStep",
            "name": "return",
            "description": null,
            "arguments": {
                "output": "{{vars.return_data}}"
            },
            "status": null,
            "top": "340",
            "left": "140",
            "stepType": "\/api\/3\/workflow_step_types\/04d0cf46-b6a8-42c4-8683-60a7eaa69e8f",
            "group": null,
            "uuid": "f2b9b925-f720-451d-ae62-246fd6225919"
        },
        {
            "@type": "WorkflowStep",
            "name": "setup env",
            "description": null,
            "arguments": {
                "context": "{{vars.input.params.context}}",
                "netshot_output_report_id": "{{vars.input.params['netshot_output_report_id']}}"
            },
            "status": null,
            "top": "40",
            "left": "340",
            "stepType": "\/api\/3\/workflow_step_types\/04d0cf46-b6a8-42c4-8683-60a7eaa69e8f",
            "group": null,
            "uuid": "9432d31e-2974-4f1f-adb1-7ef6a29604b8"
        },
        {
            "@type": "WorkflowStep",
            "name": "Start",
            "description": null,
            "arguments": {
                "__triggerLimit": true,
                "step_variables": {
                    "input": {
                        "params": []
                    }
                },
                "triggerOnSource": true,
                "triggerOnReplicate": false
            },
            "status": null,
            "top": "40",
            "left": "40",
            "stepType": "\/api\/3\/workflow_step_types\/b348f017-9a94-471f-87f8-ce88b6a7ad62",
            "group": null,
            "uuid": "07f21102-ce5d-49f5-8c87-c03111fc75cd"
        },
        {
            "@type": "WorkflowStep",
            "name": "update report",
            "description": null,
            "arguments": {
                "resource": {
                    "exceptionStatus": "{{ \"Netshot Output Report Exception Status\" | picklist(vars.report_summary.exception_status)  }}",
                    "exceptionsFound": "{{vars.report_summary.exceptions_found}}",
                    "reportOutputMarkdown": "{{ vars.report_data | join(\"\\n\") }}"
                },
                "operation": "Append",
                "collection": "{{vars.steps.find_report_record[0]['@id']}}",
                "__recommend": [],
                "collectionType": "\/api\/3\/netshot_output_reports",
                "fieldOperation": {
                    "recordTags": "Append"
                },
                "step_variables": {
                    "return_data": "{\"status\":\"updated\"}"
                }
            },
            "status": null,
            "top": "500",
            "left": "140",
            "stepType": "\/api\/3\/workflow_step_types\/b593663d-7d13-40ce-a3a3-96dece928722",
            "group": null,
            "uuid": "468f13eb-7423-42d2-9a1c-4a5451a7ef2e"
        },
        {
            "@type": "WorkflowStep",
            "name": "update report with data",
            "description": null,
            "arguments": {
                "resource": {
                    "netshotTargetOutputs": "{{vars.record_data_fqids}}"
                },
                "operation": "Overwrite",
                "collection": "{{vars.steps.find_report_record[0]['@id']}}",
                "__recommend": [],
                "collectionType": "\/api\/3\/netshot_output_reports",
                "fieldOperation": {
                    "recordTags": "Append"
                },
                "step_variables": []
            },
            "status": null,
            "top": "380",
            "left": "960",
            "stepType": "\/api\/3\/workflow_step_types\/b593663d-7d13-40ce-a3a3-96dece928722",
            "group": null,
            "uuid": "bbc21d1f-4e37-481e-9d4e-8d4fe0dbc5a1"
        }
    ],
    "routes": [
        {
            "@type": "WorkflowRoute",
            "name": "create record data -> force normalize data",
            "targetStep": "\/api\/3\/workflow_steps\/0997bcf9-e29f-41cb-8687-33916ba40e6f",
            "sourceStep": "\/api\/3\/workflow_steps\/93a7d9e3-b20d-478a-87f9-6f8a4b23d3a5",
            "label": null,
            "isExecuted": false,
            "group": null,
            "uuid": "73f20d7b-f321-444a-8cfc-193767c974ce"
        },
        {
            "@type": "WorkflowRoute",
            "name": "Delete_Record -> return",
            "targetStep": "\/api\/3\/workflow_steps\/f2b9b925-f720-451d-ae62-246fd6225919",
            "sourceStep": "\/api\/3\/workflow_steps\/2748a088-745a-43e2-8634-ba0517bfc06c",
            "label": null,
            "isExecuted": false,
            "group": null,
            "uuid": "258773d0-7d65-4773-9a28-8baecb1625b8"
        },
        {
            "@type": "WorkflowRoute",
            "name": "find latest data -> find previous data",
            "targetStep": "\/api\/3\/workflow_steps\/0bd9d7b4-8fd1-4456-827e-f28390e53f1d",
            "sourceStep": "\/api\/3\/workflow_steps\/fcf28d7d-551a-461b-9454-5a4c9074761f",
            "label": null,
            "isExecuted": false,
            "group": null,
            "uuid": "18082618-a0a4-4b60-9351-79f223ba6d80"
        },
        {
            "@type": "WorkflowRoute",
            "name": "find output data records -> output data",
            "targetStep": "\/api\/3\/workflow_steps\/57f533d2-ba63-4c95-915f-84aec3253fd9",
            "sourceStep": "\/api\/3\/workflow_steps\/7d7b61e7-559f-4425-b3b4-1ad8feb2e282",
            "label": null,
            "isExecuted": false,
            "group": null,
            "uuid": "a5361ccc-764d-49f3-8305-95fd18279c82"
        },
        {
            "@type": "WorkflowRoute",
            "name": "find previous data -> previous data exists",
            "targetStep": "\/api\/3\/workflow_steps\/bcdf2280-b203-4a04-a14c-c0b5c63c7ad2",
            "sourceStep": "\/api\/3\/workflow_steps\/0bd9d7b4-8fd1-4456-827e-f28390e53f1d",
            "label": null,
            "isExecuted": false,
            "group": null,
            "uuid": "906ee1fc-68b7-4f52-9dba-caa1340c38e9"
        },
        {
            "@type": "WorkflowRoute",
            "name": "find report record -> find latest data",
            "targetStep": "\/api\/3\/workflow_steps\/fcf28d7d-551a-461b-9454-5a4c9074761f",
            "sourceStep": "\/api\/3\/workflow_steps\/497a3d5d-76fd-460d-a9dc-b5248b5388ef",
            "label": null,
            "isExecuted": false,
            "group": null,
            "uuid": "3339aa1c-8fd0-472d-b143-31887bda4998"
        },
        {
            "@type": "WorkflowRoute",
            "name": "force normalize data -> update report with data",
            "targetStep": "\/api\/3\/workflow_steps\/bbc21d1f-4e37-481e-9d4e-8d4fe0dbc5a1",
            "sourceStep": "\/api\/3\/workflow_steps\/0997bcf9-e29f-41cb-8687-33916ba40e6f",
            "label": null,
            "isExecuted": false,
            "group": null,
            "uuid": "d8bd1c29-df9e-4d79-a9d6-0504d3655f94"
        },
        {
            "@type": "WorkflowRoute",
            "name": "get output diff -> make markdown table",
            "targetStep": "\/api\/3\/workflow_steps\/d26e5bef-39d2-4792-85e2-ce5fba2bd210",
            "sourceStep": "\/api\/3\/workflow_steps\/19b48f18-a6c8-4e58-ab9f-55b67e2f9151",
            "label": null,
            "isExecuted": false,
            "group": null,
            "uuid": "fc2a4fd7-3da7-4e14-9d96-eeec00330178"
        },
        {
            "@type": "WorkflowRoute",
            "name": "make markdown table -> update report",
            "targetStep": "\/api\/3\/workflow_steps\/468f13eb-7423-42d2-9a1c-4a5451a7ef2e",
            "sourceStep": "\/api\/3\/workflow_steps\/d26e5bef-39d2-4792-85e2-ce5fba2bd210",
            "label": null,
            "isExecuted": false,
            "group": null,
            "uuid": "850d461d-1397-411c-a92e-8e3595f29f62"
        },
        {
            "@type": "WorkflowRoute",
            "name": "output data -> get diff2json",
            "targetStep": "\/api\/3\/workflow_steps\/19b48f18-a6c8-4e58-ab9f-55b67e2f9151",
            "sourceStep": "\/api\/3\/workflow_steps\/57f533d2-ba63-4c95-915f-84aec3253fd9",
            "label": null,
            "isExecuted": false,
            "group": null,
            "uuid": "9eb1cc04-82da-48d8-b036-a8c44793ebb8"
        },
        {
            "@type": "WorkflowRoute",
            "name": "previous data exists -> create record data",
            "targetStep": "\/api\/3\/workflow_steps\/93a7d9e3-b20d-478a-87f9-6f8a4b23d3a5",
            "sourceStep": "\/api\/3\/workflow_steps\/bcdf2280-b203-4a04-a14c-c0b5c63c7ad2",
            "label": null,
            "isExecuted": false,
            "group": null,
            "uuid": "79bf9e46-cda9-4086-b39e-f5da580e8870"
        },
        {
            "@type": "WorkflowRoute",
            "name": "previous data exists -> Delete_Record",
            "targetStep": "\/api\/3\/workflow_steps\/2748a088-745a-43e2-8634-ba0517bfc06c",
            "sourceStep": "\/api\/3\/workflow_steps\/bcdf2280-b203-4a04-a14c-c0b5c63c7ad2",
            "label": null,
            "isExecuted": false,
            "group": null,
            "uuid": "8cff769d-0468-4cae-b6b1-32e887be1205"
        },
        {
            "@type": "WorkflowRoute",
            "name": "setup env -> find report record",
            "targetStep": "\/api\/3\/workflow_steps\/497a3d5d-76fd-460d-a9dc-b5248b5388ef",
            "sourceStep": "\/api\/3\/workflow_steps\/9432d31e-2974-4f1f-adb1-7ef6a29604b8",
            "label": null,
            "isExecuted": false,
            "group": null,
            "uuid": "a568e048-675a-4c6e-9ad3-5bebad154052"
        },
        {
            "@type": "WorkflowRoute",
            "name": "Start -> setup env",
            "targetStep": "\/api\/3\/workflow_steps\/9432d31e-2974-4f1f-adb1-7ef6a29604b8",
            "sourceStep": "\/api\/3\/workflow_steps\/07f21102-ce5d-49f5-8c87-c03111fc75cd",
            "label": null,
            "isExecuted": false,
            "group": null,
            "uuid": "0daf39a8-91f6-466d-9588-cbae58ff366f"
        },
        {
            "@type": "WorkflowRoute",
            "name": "update report -> return",
            "targetStep": "\/api\/3\/workflow_steps\/f2b9b925-f720-451d-ae62-246fd6225919",
            "sourceStep": "\/api\/3\/workflow_steps\/468f13eb-7423-42d2-9a1c-4a5451a7ef2e",
            "label": null,
            "isExecuted": false,
            "group": null,
            "uuid": "5f771a67-8226-40d9-a5b7-114ca67c6fc6"
        },
        {
            "@type": "WorkflowRoute",
            "name": "update report with data -> find output data records",
            "targetStep": "\/api\/3\/workflow_steps\/7d7b61e7-559f-4425-b3b4-1ad8feb2e282",
            "sourceStep": "\/api\/3\/workflow_steps\/bbc21d1f-4e37-481e-9d4e-8d4fe0dbc5a1",
            "label": null,
            "isExecuted": false,
            "group": null,
            "uuid": "93c4284f-7a91-462b-959b-f3af1220728d"
        }
    ],
    "groups": [],
    "priority": "\/api\/3\/picklists\/2b563c61-ae2c-41c0-a85a-c9709585e3f2",
    "playbookOrigin": "\/api\/3\/picklists\/b6d710a9-a8ec-41ec-8817-fe9fa062fcdd",
    "isEditable": true,
    "uuid": "9bd6069e-1a34-4113-bd4a-8b506d14e1a7",
    "owners": [],
    "isPrivate": false,
    "deletedAt": null,
    "recordTags": [
        "context",
        "netshot_output_report_id",
        "Report Handler"
    ]
}