{
    "@type": "Workflow",
    "triggerLimit": null,
    "name": "> netshot output (Waiting) trigger - status changed",
    "aliasName": null,
    "tag": null,
    "description": "Monitor the waiting outputs",
    "isActive": true,
    "debug": false,
    "singleRecordExecution": false,
    "remoteExecutableFlag": false,
    "parameters": [],
    "synchronous": false,
    "collection": "\/api\/3\/workflow_collections\/47462724-61c5-401a-be3b-53b8154157f9",
    "versions": [],
    "triggerStep": "\/api\/3\/workflow_steps\/4ad2fc1b-a6f4-4add-88c3-a04279ced5a2",
    "steps": [
        {
            "@type": "WorkflowStep",
            "name": "complete",
            "description": null,
            "arguments": [],
            "status": null,
            "top": "460",
            "left": "40",
            "stepType": "\/api\/3\/workflow_step_types\/04d0cf46-b6a8-42c4-8683-60a7eaa69e8f",
            "group": null,
            "uuid": "d1a87ecb-3f11-4516-8e0e-23badd67a343"
        },
        {
            "@type": "WorkflowStep",
            "name": "find target",
            "description": null,
            "arguments": {
                "query": {
                    "sort": [],
                    "limit": 30,
                    "logic": "AND",
                    "filters": [
                        {
                            "type": "primitive",
                            "field": "id",
                            "value": "{{vars.input.records[0].netshotTargets.id}}",
                            "operator": "eq",
                            "_operator": "eq"
                        }
                    ],
                    "__selectFields": [
                        "id"
                    ]
                },
                "module": "netshot_targets?$limit=1",
                "checkboxFields": true,
                "step_variables": []
            },
            "status": null,
            "top": "40",
            "left": "340",
            "stepType": "\/api\/3\/workflow_step_types\/b593663d-7d13-40ce-a3a3-96dece928770",
            "group": null,
            "uuid": "d5ce883e-c14e-4dbd-82f3-2d4245634a5d"
        },
        {
            "@type": "WorkflowStep",
            "name": "output running",
            "description": null,
            "arguments": [],
            "status": null,
            "top": "140",
            "left": "40",
            "stepType": "\/api\/3\/workflow_step_types\/04d0cf46-b6a8-42c4-8683-60a7eaa69e8f",
            "group": null,
            "uuid": "c0873eb4-d28a-43b3-926a-6d6e9373c814"
        },
        {
            "@type": "WorkflowStep",
            "name": "output timeout",
            "description": null,
            "arguments": {
                "timeout_timestamp": "{{arrow.utcnow().int_timestamp}}"
            },
            "status": null,
            "top": "460",
            "left": "960",
            "stepType": "\/api\/3\/workflow_step_types\/04d0cf46-b6a8-42c4-8683-60a7eaa69e8f",
            "group": null,
            "uuid": "4f7c1b3d-b771-489a-bd3f-f95818cd244e"
        },
        {
            "@type": "WorkflowStep",
            "name": "setup env",
            "description": null,
            "arguments": [],
            "status": null,
            "top": "40",
            "left": "640",
            "stepType": "\/api\/3\/workflow_step_types\/04d0cf46-b6a8-42c4-8683-60a7eaa69e8f",
            "group": null,
            "uuid": "30584407-3027-48c2-9c90-c1abf81f4095"
        },
        {
            "@type": "WorkflowStep",
            "name": "Start",
            "description": null,
            "arguments": {
                "resource": "netshot_target_outputs",
                "resources": [
                    "netshot_target_outputs"
                ],
                "__triggerLimit": true,
                "step_variables": {
                    "input": {
                        "params": [],
                        "records": [
                            "{{vars.input.records[0]}}"
                        ]
                    }
                },
                "triggerOnSource": true,
                "fieldbasedtrigger": {
                    "sort": [],
                    "limit": 30,
                    "logic": "AND",
                    "filters": [
                        {
                            "type": "object",
                            "field": "status",
                            "value": "",
                            "_value": {
                                "@id": "",
                                "display": "",
                                "itemValue": ""
                            },
                            "operator": "changed"
                        },
                        {
                            "type": "object",
                            "field": "status",
                            "value": "\/api\/3\/picklists\/caf00cc5-ecf8-4342-982b-3a9bdf81115a",
                            "_value": {
                                "@id": "\/api\/3\/picklists\/caf00cc5-ecf8-4342-982b-3a9bdf81115a",
                                "display": "Waiting",
                                "itemValue": "Waiting"
                            },
                            "operator": "eq"
                        }
                    ]
                },
                "triggerOnReplicate": false
            },
            "status": null,
            "top": "40",
            "left": "40",
            "stepType": "\/api\/3\/workflow_step_types\/9300bf69-5063-486d-b3a6-47eb9da24872",
            "group": null,
            "uuid": "4ad2fc1b-a6f4-4add-88c3-a04279ced5a2"
        },
        {
            "@type": "WorkflowStep",
            "name": "update output timeout",
            "description": null,
            "arguments": {
                "resource": {
                    "status": "\/api\/3\/picklists\/fa525507-5356-4387-8a8e-fcbd0c132d3d",
                    "timestamp": "{{vars.timeout_timestamp}}",
                    "sourceData": "ERROR: Timout waiting on queue"
                },
                "operation": "Append",
                "collection": "{{vars.input.records[0]['@id']}}",
                "__recommend": [],
                "collectionType": "\/api\/3\/netshot_target_outputs",
                "fieldOperation": {
                    "recordTags": "Append"
                },
                "step_variables": []
            },
            "status": null,
            "top": "460",
            "left": "660",
            "stepType": "\/api\/3\/workflow_step_types\/b593663d-7d13-40ce-a3a3-96dece928722",
            "group": null,
            "uuid": "88bf2361-146d-42cc-8db4-4deae29da5d7"
        },
        {
            "@type": "WorkflowStep",
            "name": "update target queue",
            "description": null,
            "arguments": {
                "resource": {
                    "netshotStatus": "\/api\/3\/picklists\/ff1c800c-45d6-43aa-a51b-642d3a73caaf",
                    "reQueueOutputs": true
                },
                "operation": "Append",
                "collection": "{{vars.steps.find_target[0]['@id']}}",
                "__recommend": [],
                "collectionType": "\/api\/3\/netshot_targets",
                "fieldOperation": {
                    "recordTags": "Append"
                },
                "step_variables": []
            },
            "status": null,
            "top": "460",
            "left": "360",
            "stepType": "\/api\/3\/workflow_step_types\/b593663d-7d13-40ce-a3a3-96dece928722",
            "group": null,
            "uuid": "e35aec53-0958-4c54-b170-ea79ccca674b"
        },
        {
            "@type": "WorkflowStep",
            "name": "wait for output running",
            "description": null,
            "arguments": {
                "rule": {
                    "actions": [
                        {
                            "type": "resume_playbook",
                            "enabled": true,
                            "channel_uuid": "e2ce87c2-c55a-11ec-9d64-0242ac120002"
                        }
                    ],
                    "is_active": true,
                    "event_type": "update",
                    "entity_name": "Netshot Target Outputs",
                    "entity_type": "netshot_target_outputs",
                    "event_source": "crudhub",
                    "trigger_condition": {
                        "sort": [],
                        "limit": 30,
                        "logic": "AND",
                        "filters": [
                            {
                                "type": "primitive",
                                "field": "id",
                                "value": "{{vars.input.records[0].id}}",
                                "operator": "eq",
                                "_operator": "eq"
                            },
                            {
                                "type": "array",
                                "field": "status",
                                "value": [
                                    "\/api\/3\/picklists\/7c18340b-215d-4396-b052-623e4c085727",
                                    "\/api\/3\/picklists\/8c8e3f80-e373-4068-9ee5-3935174290fa",
                                    "\/api\/3\/picklists\/27e6a838-db8e-4b96-b9f3-23878e57d148"
                                ],
                                "module": "status",
                                "display": "",
                                "operator": "in",
                                "template": "multiselectpicklist",
                                "enableJinja": true,
                                "OPERATOR_KEY": "$",
                                "useInOperator": true,
                                "previousOperator": "in",
                                "previousTemplate": "multiselectpicklist"
                            }
                        ]
                    }
                },
                "type": "ConditionBased",
                "delay": {
                    "days": 0,
                    "hours": 0,
                    "minutes": 0,
                    "seconds": 0
                },
                "timeout": {
                    "days": 0,
                    "hours": 0,
                    "minutes": 15,
                    "step_iri": "\/api\/3\/workflow_steps\/4f7c1b3d-b771-489a-bd3f-f95818cd244e"
                },
                "step_variables": []
            },
            "status": null,
            "top": "100",
            "left": "960",
            "stepType": "\/api\/3\/workflow_step_types\/6832e556-b9c7-497a-babe-feda3bd27dbf",
            "group": null,
            "uuid": "6e6b84d8-46f2-449a-b526-6c38c612b6c1"
        }
    ],
    "routes": [
        {
            "@type": "WorkflowRoute",
            "name": "find target -> setup env",
            "targetStep": "\/api\/3\/workflow_steps\/30584407-3027-48c2-9c90-c1abf81f4095",
            "sourceStep": "\/api\/3\/workflow_steps\/d5ce883e-c14e-4dbd-82f3-2d4245634a5d",
            "label": null,
            "isExecuted": false,
            "group": null,
            "uuid": "ffeb5ae0-b8b8-491e-8747-043d6fc85c14"
        },
        {
            "@type": "WorkflowRoute",
            "name": "output running -> complete",
            "targetStep": "\/api\/3\/workflow_steps\/d1a87ecb-3f11-4516-8e0e-23badd67a343",
            "sourceStep": "\/api\/3\/workflow_steps\/c0873eb4-d28a-43b3-926a-6d6e9373c814",
            "label": null,
            "isExecuted": false,
            "group": null,
            "uuid": "790dbf4d-0564-4e89-80f9-ff4411956245"
        },
        {
            "@type": "WorkflowRoute",
            "name": "output timeout -> update output timeout",
            "targetStep": "\/api\/3\/workflow_steps\/88bf2361-146d-42cc-8db4-4deae29da5d7",
            "sourceStep": "\/api\/3\/workflow_steps\/4f7c1b3d-b771-489a-bd3f-f95818cd244e",
            "label": null,
            "isExecuted": false,
            "group": null,
            "uuid": "7149204e-0726-438a-8bfc-50e2df654c98"
        },
        {
            "@type": "WorkflowRoute",
            "name": "setup env -> wait for output to run",
            "targetStep": "\/api\/3\/workflow_steps\/6e6b84d8-46f2-449a-b526-6c38c612b6c1",
            "sourceStep": "\/api\/3\/workflow_steps\/30584407-3027-48c2-9c90-c1abf81f4095",
            "label": null,
            "isExecuted": false,
            "group": null,
            "uuid": "2b682d37-fe41-459e-bd3d-811746d41eaa"
        },
        {
            "@type": "WorkflowRoute",
            "name": "Start -> find target",
            "targetStep": "\/api\/3\/workflow_steps\/d5ce883e-c14e-4dbd-82f3-2d4245634a5d",
            "sourceStep": "\/api\/3\/workflow_steps\/4ad2fc1b-a6f4-4add-88c3-a04279ced5a2",
            "label": null,
            "isExecuted": false,
            "group": null,
            "uuid": "b1b3c710-65ec-4829-aa55-c1c0686e1add"
        },
        {
            "@type": "WorkflowRoute",
            "name": "update output timeout -> update target queue",
            "targetStep": "\/api\/3\/workflow_steps\/e35aec53-0958-4c54-b170-ea79ccca674b",
            "sourceStep": "\/api\/3\/workflow_steps\/88bf2361-146d-42cc-8db4-4deae29da5d7",
            "label": null,
            "isExecuted": false,
            "group": null,
            "uuid": "4f6a607e-2970-4350-b987-4f9350ba9beb"
        },
        {
            "@type": "WorkflowRoute",
            "name": "update target queue -> complete",
            "targetStep": "\/api\/3\/workflow_steps\/d1a87ecb-3f11-4516-8e0e-23badd67a343",
            "sourceStep": "\/api\/3\/workflow_steps\/e35aec53-0958-4c54-b170-ea79ccca674b",
            "label": null,
            "isExecuted": false,
            "group": null,
            "uuid": "3d7353ee-e3b3-47a0-bc68-4e50b0b67ca8"
        },
        {
            "@type": "WorkflowRoute",
            "name": "wait for output to run -> output running",
            "targetStep": "\/api\/3\/workflow_steps\/c0873eb4-d28a-43b3-926a-6d6e9373c814",
            "sourceStep": "\/api\/3\/workflow_steps\/6e6b84d8-46f2-449a-b526-6c38c612b6c1",
            "label": null,
            "isExecuted": false,
            "group": null,
            "uuid": "95768d72-0023-42b7-aa3c-19f07a16757a"
        },
        {
            "@type": "WorkflowRoute",
            "name": "wait for output to run -> output timeout",
            "targetStep": "\/api\/3\/workflow_steps\/4f7c1b3d-b771-489a-bd3f-f95818cd244e",
            "sourceStep": "\/api\/3\/workflow_steps\/6e6b84d8-46f2-449a-b526-6c38c612b6c1",
            "label": null,
            "isExecuted": false,
            "group": null,
            "uuid": "6eaf394e-db3a-4b41-b029-0fb727c54562"
        }
    ],
    "groups": [
        {
            "@type": "WorkflowGroup",
            "name": "Playbook Logic",
            "description": "- Watch output status for a transition to running, failed, or complete\n- Re-queue flag on the target will trigger a check on pending outputs \n- After 15 minutes, set output status to timeout, target to fail, and run requeue to also hit the stats. \n- TODO: support a variable timer.",
            "type": "note",
            "isCollapsed": false,
            "hasTriggerStep": false,
            "hideInLogs": false,
            "metadata": [],
            "reusable": false,
            "top": "240",
            "left": "500",
            "height": "158",
            "width": "498",
            "uuid": "00ba0f65-78cc-4afc-a91a-8dec733713aa",
            "recordTags": []
        }
    ],
    "priority": "\/api\/3\/picklists\/2b563c61-ae2c-41c0-a85a-c9709585e3f2",
    "playbookOrigin": "\/api\/3\/picklists\/b6d710a9-a8ec-41ec-8817-fe9fa062fcdd",
    "isEditable": true,
    "uuid": "28fd828b-c33f-4292-a6a1-d18a50504c30",
    "owners": [],
    "isPrivate": false,
    "deletedAt": null,
    "recordTags": [
        "Netshot Output",
        "Trigger"
    ]
}