{
    "@type": "Workflow",
    "triggerLimit": null,
    "name": "> netshot output (New) trigger - status changed",
    "aliasName": null,
    "tag": null,
    "description": "A target output record set to new to be handled like a message bus.",
    "isActive": true,
    "debug": false,
    "singleRecordExecution": false,
    "remoteExecutableFlag": false,
    "parameters": [],
    "synchronous": false,
    "collection": "\/api\/3\/workflow_collections\/47462724-61c5-401a-be3b-53b8154157f9",
    "versions": [],
    "triggerStep": "\/api\/3\/workflow_steps\/e4bc5094-d867-477f-86da-7ae89e57b558",
    "steps": [
        {
            "@type": "WorkflowStep",
            "name": "create output args",
            "description": null,
            "arguments": {
                "output_args": "{%- set method = vars.output_method|lower -%}\n{%- set args = {} -%}\n{%- if not vars.output_args -%}\n  {%- if vars.method_args[method] is defined -%}\n    {%- for a in vars.method_args[method] -%}\n      {%- do args.update({a:vars[a]}) -%}\n    {%- endfor -%}\n  {%- endif -%}\n{%- else -%}\n  {%- set args = vars.output_args -%}\n{%- endif -%}\n{{args}}"
            },
            "status": null,
            "top": "440",
            "left": "360",
            "stepType": "\/api\/3\/workflow_step_types\/04d0cf46-b6a8-42c4-8683-60a7eaa69e8f",
            "group": null,
            "uuid": "8d85afed-2f26-4924-be05-b236c1d934f2"
        },
        {
            "@type": "WorkflowStep",
            "name": "enhance vars",
            "description": "Logically handle missing vars.",
            "arguments": {
                "output_args": "{%- if vars.output_args -%}\n{{vars.output_args}}\n{%- else -%}\nNone\n{%- endif -%}",
                "output_name": "{%- set v1 = vars.output_name -%}\n{%- set v2 = vars.output_profile_resource -%}\n{%- set v3 = vars.output_context -%}\n{%- if v1 -%}\n{{v1}}\n{%- elif v2 -%}\n{{vars.target_name}} - {{v2}}\n{%- elif v3 -%}\n{{vars.target_name}} - {{v3}}\n{%- else -%}\n{{vars.target_name}} - Output Not Set\n{%- endif -%}",
                "output_type": "{{vars.output_type}}",
                "output_method": "{%- if vars.output_profile_method -%}\n{{vars.output_profile_method}}\n{%- elif vars.output_method -%}\n{{vars.output_method}}\n{%- else -%}\nMISSING\n{%- endif -%}",
                "output_context": "{%- set v1 = vars.output_context -%}\n{%- set v2 = vars.output_profile_resource -%}\n{%- if v1 -%}\n{{v1}}\n{%- elif v2 -%}\n{{v2}}\n{%- else -%}\nMISSING\n{%- endif -%}",
                "output_data_type": "{%- set v1 = vars.output_data_type -%}\n{%- set v2 = vars.output_profile_data_type -%}\n{%- if v1 -%}\n{{v1}}\n{%- elif v2 -%}\n{{v2}}\n{%- else -%}\nTEXT\n{%- endif -%}",
                "output_order_priority": "{%- set v1 = vars.output_order_priority -%}\n{%- set v2 = vars.output_profile_order_priority -%}\n{%- if v1 and v1 > 1 -%}\n{{v1}}\n{%- elif v2 and v2 > 1 -%}\n{{v2}}\n{%- else -%}\n1\n{%- endif -%}"
            },
            "status": null,
            "top": "40",
            "left": "1260",
            "stepType": "\/api\/3\/workflow_step_types\/04d0cf46-b6a8-42c4-8683-60a7eaa69e8f",
            "group": null,
            "uuid": "067d6b68-b3be-4d0d-905f-7eed66d3a253"
        },
        {
            "@type": "WorkflowStep",
            "name": "enhance vars for api",
            "description": null,
            "arguments": {
                "context": "{{vars.steps.find_output_profile[0].name}}",
                "api_body": "{{vars.steps.find_output_profile[0].rESTAPIBody}}",
                "asset_ip": "{{vars.steps.find_target[0].deviceIP}}",
                "api_header": "{{vars.steps.find_output_profile[0].rESTAPIHeader}}",
                "api_method": "{{vars.steps.find_output_profile[0].rESTAPIMethod.itemValue}}",
                "output_name": "{{vars.target_name}} - {{vars.steps.find_output_profile[0].name}}",
                "api_resource": "{{vars.output_context}}",
                "output_context": "{{vars.steps.find_output_profile[0].name}}"
            },
            "status": null,
            "top": "680",
            "left": "1900",
            "stepType": "\/api\/3\/workflow_step_types\/04d0cf46-b6a8-42c4-8683-60a7eaa69e8f",
            "group": null,
            "uuid": "4ef9e2ca-6a21-44ff-ab1e-0b405a956412"
        },
        {
            "@type": "WorkflowStep",
            "name": "enhance vars for nmap",
            "description": null,
            "arguments": {
                "target_ip": "{{vars.steps.find_target[0].deviceIP}}",
                "output_name": "{{vars.target_name}} - nmap {{vars.output_context}}",
                "nmap_commands": "{{vars.output_context}}",
                "output_context": "nmap {{vars.output_context}}"
            },
            "status": null,
            "top": "640",
            "left": "820",
            "stepType": "\/api\/3\/workflow_step_types\/04d0cf46-b6a8-42c4-8683-60a7eaa69e8f",
            "group": null,
            "uuid": "b008e54b-912a-4093-90f9-9270abb95d36"
        },
        {
            "@type": "WorkflowStep",
            "name": "enhance vars for playbook",
            "description": null,
            "arguments": {
                "output_name": "{{vars.target_name}} - {{vars.steps.find_output_profile[0].name}}",
                "playbook_id": "{{vars.output_context}}",
                "target_record_id": "{{vars.steps.find_target[0].id}}"
            },
            "status": null,
            "top": "880",
            "left": "880",
            "stepType": "\/api\/3\/workflow_step_types\/04d0cf46-b6a8-42c4-8683-60a7eaa69e8f",
            "group": null,
            "uuid": "cb35acaa-2ce5-47e7-be41-f1f292567a5c"
        },
        {
            "@type": "WorkflowStep",
            "name": "enhance vars for ssh cmd",
            "description": null,
            "arguments": {
                "commands": "{{vars.output_context}}",
                "target_ip": "{{vars.steps.find_target[0].deviceIP}}",
                "target_username": "{{vars.steps.find_target[0].deviceUsername}}",
                "target_passsword": "{{vars.steps.find_target[0].devicePassword}}"
            },
            "status": null,
            "top": "480",
            "left": "780",
            "stepType": "\/api\/3\/workflow_step_types\/04d0cf46-b6a8-42c4-8683-60a7eaa69e8f",
            "group": null,
            "uuid": "187e5ead-c893-4767-96c7-ca0124aa2674"
        },
        {
            "@type": "WorkflowStep",
            "name": "enhance vars for ssh script",
            "description": null,
            "arguments": {
                "commands": "{{vars.output_context}}",
                "target_ip": "{{vars.steps.find_target[0].deviceIP}}",
                "output_name": "{{vars.target_name}} - {{vars.steps.find_output_profile[0].name}}",
                "output_context": "{{vars.steps.find_output_profile[0].name}}",
                "target_username": "{{vars.steps.find_target[0].deviceUsername}}",
                "target_passsword": "{{vars.steps.find_target[0].devicePassword}}"
            },
            "status": null,
            "top": "540",
            "left": "1860",
            "stepType": "\/api\/3\/workflow_step_types\/04d0cf46-b6a8-42c4-8683-60a7eaa69e8f",
            "group": null,
            "uuid": "a31cddf1-7800-4962-a400-58a1fa6e08be"
        },
        {
            "@type": "WorkflowStep",
            "name": "enhance vars for ztpf",
            "description": null,
            "arguments": {
                "context": "{{vars.steps.find_target_output_profile[0].name}}",
                "ztp_profile": "{{vars.output_resource}}",
                "ztpf_device": "{{vars.steps.find_target_output_profile[0].zTPFDevice}}",
                "ztpf_manager": "{{vars.steps.find_target_output_profile[0].zTPFManager}}"
            },
            "status": null,
            "top": "800",
            "left": "860",
            "stepType": "\/api\/3\/workflow_step_types\/04d0cf46-b6a8-42c4-8683-60a7eaa69e8f",
            "group": null,
            "uuid": "956f71d7-94ae-43ef-822b-83b9dafd5fbb"
        },
        {
            "@type": "WorkflowStep",
            "name": "find output profile",
            "description": null,
            "arguments": {
                "when": "{{vars.input.records[0].netshotTargetOutputProfiles}}",
                "query": {
                    "sort": [],
                    "limit": 30,
                    "logic": "AND",
                    "filters": [
                        {
                            "type": "primitive",
                            "field": "id",
                            "value": "{{vars.input.records[0].netshotTargetOutputProfiles.id}}",
                            "operator": "eq",
                            "_operator": "eq"
                        }
                    ],
                    "__selectFields": [
                        "targetOutputMethod",
                        "id",
                        "outputResource",
                        "rESTAPIMethod",
                        "rESTAPIHeader",
                        "rESTAPIBody",
                        "orderPriority",
                        "dataType",
                        "name"
                    ]
                },
                "module": "netshot_target_output_profiles?$limit=1",
                "checkboxFields": true,
                "step_variables": []
            },
            "status": null,
            "top": "40",
            "left": "660",
            "stepType": "\/api\/3\/workflow_step_types\/b593663d-7d13-40ce-a3a3-96dece928770",
            "group": null,
            "uuid": "5284ae9d-95d9-4f1f-b626-16f986955c25"
        },
        {
            "@type": "WorkflowStep",
            "name": "find target",
            "description": null,
            "arguments": {
                "query": {
                    "sort": [],
                    "limit": 30,
                    "logic": "AND",
                    "filters": [
                        {
                            "type": "primitive",
                            "field": "id",
                            "value": "{{vars.input.records[0].netshotTargets.id}}",
                            "operator": "eq",
                            "_operator": "eq"
                        }
                    ],
                    "__selectFields": [
                        "id",
                        "deviceIP",
                        "deviceUsername",
                        "devicePassword",
                        "deviceAPIKey"
                    ]
                },
                "module": "netshot_targets?$limit=1",
                "checkboxFields": true,
                "step_variables": []
            },
            "status": null,
            "top": "40",
            "left": "360",
            "stepType": "\/api\/3\/workflow_step_types\/b593663d-7d13-40ce-a3a3-96dece928770",
            "group": null,
            "uuid": "9dd58ffe-81e7-463c-b0af-b81a6dfa1410"
        },
        {
            "@type": "WorkflowStep",
            "name": "get jinja vars",
            "description": null,
            "arguments": {
                "arguments": {
                    "target_id": "{{vars.input.records[0].netshotTargets.id}}"
                },
                "apply_async": false,
                "step_variables": {
                    "jinja_vars": "{%- set idx = {} -%}\n{%- do idx.update({\n  \"target\":vars.steps.get_jinja_vars.output\n}) -%}\n{{idx}}"
                },
                "pass_parent_env": false,
                "pass_input_record": false,
                "workflowReference": "\/api\/3\/workflows\/d8a5ef7f-2342-466b-b230-00c8ef0f3bb6"
            },
            "status": null,
            "top": "40",
            "left": "1560",
            "stepType": "\/api\/3\/workflow_step_types\/74932bdc-b8b6-4d24-88c4-1a4dfbc524f3",
            "group": null,
            "uuid": "99685f93-43a8-4a88-bdd0-a0259a537260"
        },
        {
            "@type": "WorkflowStep",
            "name": "jinja api body",
            "description": null,
            "arguments": {
                "arguments": {
                    "jinja_vars": "{{vars.jinja_vars}}",
                    "jinja_template": "{{vars.api_body}}"
                },
                "apply_async": false,
                "step_variables": {
                    "api_body": "{{vars.steps.jinja_api_body.output}}"
                },
                "pass_parent_env": false,
                "pass_input_record": false,
                "workflowReference": "\/api\/3\/workflows\/7f7bd93a-d201-452e-8283-8bb583e3e85a"
            },
            "status": null,
            "top": "720",
            "left": "840",
            "stepType": "\/api\/3\/workflow_step_types\/74932bdc-b8b6-4d24-88c4-1a4dfbc524f3",
            "group": null,
            "uuid": "d66e83e9-ef02-40cd-b525-ddff56b28219"
        },
        {
            "@type": "WorkflowStep",
            "name": "jinja api header",
            "description": null,
            "arguments": {
                "arguments": {
                    "jinja_vars": "{{vars.jinja_vars}}",
                    "jinja_template": "{{vars.api_header}}"
                },
                "apply_async": false,
                "step_variables": {
                    "api_header": "{{vars.steps.jinja_api_header.output}}"
                },
                "pass_parent_env": false,
                "pass_input_record": false,
                "workflowReference": "\/api\/3\/workflows\/7f7bd93a-d201-452e-8283-8bb583e3e85a"
            },
            "status": null,
            "top": "720",
            "left": "1320",
            "stepType": "\/api\/3\/workflow_step_types\/74932bdc-b8b6-4d24-88c4-1a4dfbc524f3",
            "group": null,
            "uuid": "15f177bd-e153-4d4b-a4a0-9fa40a79276a"
        },
        {
            "@type": "WorkflowStep",
            "name": "jinja api resource",
            "description": null,
            "arguments": {
                "arguments": {
                    "jinja_vars": "{{vars.jinja_vars}}",
                    "jinja_template": "{{vars.api_resource}}"
                },
                "apply_async": false,
                "step_variables": {
                    "api_resource": "{{vars.steps.jinja_api_resource.output}}"
                },
                "pass_parent_env": false,
                "pass_input_record": false,
                "workflowReference": "\/api\/3\/workflows\/7f7bd93a-d201-452e-8283-8bb583e3e85a"
            },
            "status": null,
            "top": "720",
            "left": "1600",
            "stepType": "\/api\/3\/workflow_step_types\/74932bdc-b8b6-4d24-88c4-1a4dfbc524f3",
            "group": null,
            "uuid": "1f2c355b-fce5-4e13-b1cf-beb0a05d6a73"
        },
        {
            "@type": "WorkflowStep",
            "name": "jinja script commands",
            "description": null,
            "arguments": {
                "arguments": {
                    "jinja_vars": "{{vars.jinja_vars}}",
                    "jinja_template": "{{vars.commands}}"
                },
                "apply_async": false,
                "step_variables": {
                    "commands": "{{vars.steps.jinja_script_commands.output | replace('\\\\', '') | trim('\"')}}"
                },
                "pass_parent_env": false,
                "pass_input_record": false,
                "workflowReference": "\/api\/3\/workflows\/7f7bd93a-d201-452e-8283-8bb583e3e85a"
            },
            "status": null,
            "top": "560",
            "left": "800",
            "stepType": "\/api\/3\/workflow_step_types\/74932bdc-b8b6-4d24-88c4-1a4dfbc524f3",
            "group": null,
            "uuid": "21976ab5-6eb5-4486-bfac-514c45271868"
        },
        {
            "@type": "WorkflowStep",
            "name": "output type",
            "description": null,
            "arguments": {
                "conditions": [
                    {
                        "default": true,
                        "step_iri": "\/api\/3\/workflow_steps\/f19cf584-ab38-4868-b340-df95f2faaf84",
                        "step_name": "Unsupported"
                    },
                    {
                        "step_iri": "\/api\/3\/workflow_steps\/187e5ead-c893-4767-96c7-ca0124aa2674",
                        "condition": "{{ vars.output_method|lower == \"ssh command\" }}",
                        "step_name": "enhance vars for ssh cmd"
                    },
                    {
                        "step_iri": "\/api\/3\/workflow_steps\/b008e54b-912a-4093-90f9-9270abb95d36",
                        "condition": "{{ vars.output_method|lower == \"nmap\" }}",
                        "step_name": "enhance vars for nmap"
                    },
                    {
                        "step_iri": "\/api\/3\/workflow_steps\/cb35acaa-2ce5-47e7-be41-f1f292567a5c",
                        "condition": "{{ vars.output_method|lower == \"playbook\" }}",
                        "step_name": "enhance vars for playbook"
                    },
                    {
                        "step_iri": "\/api\/3\/workflow_steps\/a31cddf1-7800-4962-a400-58a1fa6e08be",
                        "condition": "{{ vars.output_method|lower == \"ssh script\" }}",
                        "step_name": "enhance vars for ssh script"
                    },
                    {
                        "step_iri": "\/api\/3\/workflow_steps\/4ef9e2ca-6a21-44ff-ab1e-0b405a956412",
                        "condition": "{{ vars.output_method|lower == \"rest api\" }}",
                        "step_name": "enhance vars for api"
                    },
                    {
                        "step_iri": "\/api\/3\/workflow_steps\/956f71d7-94ae-43ef-822b-83b9dafd5fbb",
                        "condition": "{{ vars.output_method|lower == \"ztpf\" }}",
                        "step_name": "enhance vars for ztpf"
                    }
                ],
                "step_variables": []
            },
            "status": null,
            "top": "340",
            "left": "1440",
            "stepType": "\/api\/3\/workflow_step_types\/12254cf5-5db7-4b1a-8cb1-3af081924b28",
            "group": null,
            "uuid": "fd274e74-65e6-4b07-83e6-4f7295d3f1be"
        },
        {
            "@type": "WorkflowStep",
            "name": "setup env",
            "description": null,
            "arguments": {
                "method_args": "{\n  \"ssh command\": [\n    \"commands\",\n    \"target_ip\",\n    \"target_username\",\n    \"target_passsword\"\n  ],\n  \"ssh script\": [\n    \"commands\",\n    \"target_ip\",\n    \"target_username\",\n    \"target_passsword\"\n  ],\n  \"nmap\": [\n    \"target_ip\",\n    \"nmap_commands\"\n  ],\n  \"playbook\": [\n    \"playbook_id\",\n    \"target_record_id\"\n  ],\n  \"rest api\": [\n    \"context\",\n    \"api_body\",\n    \"asset_ip\",\n    \"api_header\",\n    \"api_method\",\n    \"api_resource\"\n  ],\n  \"ztpf\": [\n    \"context\",\n    \"ztp_profile\",\n    \"ztpf_device\",\n    \"ztpf_manager\"\n  ]\n}",
                "output_args": "{{vars.input.records[0].outputArgs}}",
                "output_name": "{{vars.input.records[0].name}}",
                "output_type": "{{vars.input.records[0]['@type']}}",
                "target_name": "{{vars.input.records[0].netshotTargets.name}}",
                "output_method": "{{vars.input.records[0].outputMethod.itemValue}}",
                "output_context": "{{vars.input.records[0].context}}",
                "output_data_type": "{{vars.input.records[0].sourceDataType.itemValue}}",
                "output_profile_id": "{{vars.steps.find_output_profile[0].id}}",
                "output_order_priority": "{{vars.input.records[0].orderPriority}}",
                "output_profile_method": "{{vars.steps.find_output_profile[0].targetOutputMethod.itemValue}}",
                "output_profile_resource": "{{vars.steps.find_output_profile[0].outputResource}}",
                "output_profile_data_type": "{{vars.steps.find_output_profile[0].dataType.itemValue}}",
                "output_profile_order_priority": "{{vars.steps.find_output_profile[0].orderPriority}}"
            },
            "status": null,
            "top": "40",
            "left": "960",
            "stepType": "\/api\/3\/workflow_step_types\/04d0cf46-b6a8-42c4-8683-60a7eaa69e8f",
            "group": null,
            "uuid": "18e950bc-615c-41a1-b75b-94e1bba4ca1d"
        },
        {
            "@type": "WorkflowStep",
            "name": "Start",
            "description": null,
            "arguments": {
                "resource": "netshot_target_outputs",
                "resources": [
                    "netshot_target_outputs"
                ],
                "__triggerLimit": true,
                "step_variables": {
                    "input": {
                        "params": [],
                        "records": [
                            "{{vars.input.records[0]}}"
                        ]
                    }
                },
                "triggerOnSource": true,
                "fieldbasedtrigger": {
                    "sort": [],
                    "limit": 30,
                    "logic": "AND",
                    "filters": [
                        {
                            "type": "object",
                            "field": "status",
                            "value": "\/api\/3\/picklists\/40982496-7c2f-4d6f-b0c0-bb998387821b",
                            "_value": {
                                "@id": "\/api\/3\/picklists\/40982496-7c2f-4d6f-b0c0-bb998387821b",
                                "display": "New",
                                "itemValue": "New"
                            },
                            "operator": "eq"
                        }
                    ]
                },
                "triggerOnReplicate": false
            },
            "status": null,
            "top": "40",
            "left": "60",
            "stepType": "\/api\/3\/workflow_step_types\/9300bf69-5063-486d-b3a6-47eb9da24872",
            "group": null,
            "uuid": "e4bc5094-d867-477f-86da-7ae89e57b558"
        },
        {
            "@type": "WorkflowStep",
            "name": "Unsupported",
            "description": null,
            "arguments": {
                "output": "{{vars.output_method}}"
            },
            "status": null,
            "top": "280",
            "left": "1740",
            "stepType": "\/api\/3\/workflow_step_types\/04d0cf46-b6a8-42c4-8683-60a7eaa69e8f",
            "group": null,
            "uuid": "f19cf584-ab38-4868-b340-df95f2faaf84"
        },
        {
            "@type": "WorkflowStep",
            "name": "update output record",
            "description": null,
            "arguments": {
                "resource": {
                    "name": "{{vars.output_name}}",
                    "status": "\/api\/3\/picklists\/2f63f907-d342-4ad6-9a77-68c654bba2d2",
                    "context": "{{vars.output_context}}",
                    "outputArgs": "{{vars.output_args}}",
                    "outputMethod": "{{\"Netshot Target Output Method\" | picklist(vars.output_method, \"@id\")}}",
                    "orderPriority": "{{vars.output_order_priority}}",
                    "sourceDataType": "{{\"Netshot Target Output Source Data Type\" | picklist(vars.output_data_type, \"@id\")}}"
                },
                "operation": "Append",
                "collection": "{{vars.input.records[0]['@id']}}",
                "__recommend": [],
                "collectionType": "\/api\/3\/netshot_target_outputs",
                "fieldOperation": {
                    "recordTags": "Append"
                },
                "step_variables": []
            },
            "status": null,
            "top": "440",
            "left": "60",
            "stepType": "\/api\/3\/workflow_step_types\/b593663d-7d13-40ce-a3a3-96dece928722",
            "group": null,
            "uuid": "7f4116ba-e9a6-4cdc-89f2-3e43581d7533"
        }
    ],
    "routes": [
        {
            "@type": "WorkflowRoute",
            "name": "Copy 1 of jinja api header -> create output args",
            "targetStep": "\/api\/3\/workflow_steps\/8d85afed-2f26-4924-be05-b236c1d934f2",
            "sourceStep": "\/api\/3\/workflow_steps\/21976ab5-6eb5-4486-bfac-514c45271868",
            "label": null,
            "isExecuted": false,
            "group": null,
            "uuid": "9fb810cd-2fb6-49e6-96be-be406f5d8099"
        },
        {
            "@type": "WorkflowRoute",
            "name": "create output args -> temp status complete",
            "targetStep": "\/api\/3\/workflow_steps\/7f4116ba-e9a6-4cdc-89f2-3e43581d7533",
            "sourceStep": "\/api\/3\/workflow_steps\/8d85afed-2f26-4924-be05-b236c1d934f2",
            "label": null,
            "isExecuted": false,
            "group": null,
            "uuid": "b912d8e9-7aaf-4ef2-be38-e724dffd5839"
        },
        {
            "@type": "WorkflowRoute",
            "name": "enhance vars for api -> Copy 1 of jinja api header",
            "targetStep": "\/api\/3\/workflow_steps\/1f2c355b-fce5-4e13-b1cf-beb0a05d6a73",
            "sourceStep": "\/api\/3\/workflow_steps\/4ef9e2ca-6a21-44ff-ab1e-0b405a956412",
            "label": null,
            "isExecuted": false,
            "group": null,
            "uuid": "98a14f98-e8b7-4bd1-9bfc-7304fd79742b"
        },
        {
            "@type": "WorkflowRoute",
            "name": "enhance vars for nmap -> create output args",
            "targetStep": "\/api\/3\/workflow_steps\/8d85afed-2f26-4924-be05-b236c1d934f2",
            "sourceStep": "\/api\/3\/workflow_steps\/b008e54b-912a-4093-90f9-9270abb95d36",
            "label": null,
            "isExecuted": false,
            "group": null,
            "uuid": "5abbfb32-1571-4889-a196-515f35ba67cd"
        },
        {
            "@type": "WorkflowRoute",
            "name": "enhance vars for playbook -> create output args",
            "targetStep": "\/api\/3\/workflow_steps\/8d85afed-2f26-4924-be05-b236c1d934f2",
            "sourceStep": "\/api\/3\/workflow_steps\/cb35acaa-2ce5-47e7-be41-f1f292567a5c",
            "label": null,
            "isExecuted": false,
            "group": null,
            "uuid": "0d3c705d-7840-4896-a662-d8d854b0ab64"
        },
        {
            "@type": "WorkflowRoute",
            "name": "enhance vars for ssh cmd -> create output args",
            "targetStep": "\/api\/3\/workflow_steps\/8d85afed-2f26-4924-be05-b236c1d934f2",
            "sourceStep": "\/api\/3\/workflow_steps\/187e5ead-c893-4767-96c7-ca0124aa2674",
            "label": null,
            "isExecuted": false,
            "group": null,
            "uuid": "05531c2c-1522-4891-9b03-3513af9441da"
        },
        {
            "@type": "WorkflowRoute",
            "name": "enhance vars for ssh script -> Copy 1 of jinja api header",
            "targetStep": "\/api\/3\/workflow_steps\/21976ab5-6eb5-4486-bfac-514c45271868",
            "sourceStep": "\/api\/3\/workflow_steps\/a31cddf1-7800-4962-a400-58a1fa6e08be",
            "label": null,
            "isExecuted": false,
            "group": null,
            "uuid": "22a8b07a-03f5-498d-83f1-8b56eb762cad"
        },
        {
            "@type": "WorkflowRoute",
            "name": "enhance vars for ztpf -> create output args",
            "targetStep": "\/api\/3\/workflow_steps\/8d85afed-2f26-4924-be05-b236c1d934f2",
            "sourceStep": "\/api\/3\/workflow_steps\/956f71d7-94ae-43ef-822b-83b9dafd5fbb",
            "label": null,
            "isExecuted": false,
            "group": null,
            "uuid": "567b620b-f021-4bf8-84d1-123120009fd9"
        },
        {
            "@type": "WorkflowRoute",
            "name": "enhance vars -> get jinja vars",
            "targetStep": "\/api\/3\/workflow_steps\/99685f93-43a8-4a88-bdd0-a0259a537260",
            "sourceStep": "\/api\/3\/workflow_steps\/067d6b68-b3be-4d0d-905f-7eed66d3a253",
            "label": null,
            "isExecuted": false,
            "group": null,
            "uuid": "b76981da-f454-4dfc-b8be-c97a13b37b0f"
        },
        {
            "@type": "WorkflowRoute",
            "name": "find output profile -> setup env",
            "targetStep": "\/api\/3\/workflow_steps\/18e950bc-615c-41a1-b75b-94e1bba4ca1d",
            "sourceStep": "\/api\/3\/workflow_steps\/5284ae9d-95d9-4f1f-b626-16f986955c25",
            "label": null,
            "isExecuted": false,
            "group": null,
            "uuid": "d7e9eeb5-9ed1-4394-9f3c-866e021a8bfb"
        },
        {
            "@type": "WorkflowRoute",
            "name": "find target -> find output profile",
            "targetStep": "\/api\/3\/workflow_steps\/5284ae9d-95d9-4f1f-b626-16f986955c25",
            "sourceStep": "\/api\/3\/workflow_steps\/9dd58ffe-81e7-463c-b0af-b81a6dfa1410",
            "label": null,
            "isExecuted": false,
            "group": null,
            "uuid": "9d1fd04d-d929-40e9-928d-7e4d45669086"
        },
        {
            "@type": "WorkflowRoute",
            "name": "get jinja vars -> output type",
            "targetStep": "\/api\/3\/workflow_steps\/fd274e74-65e6-4b07-83e6-4f7295d3f1be",
            "sourceStep": "\/api\/3\/workflow_steps\/99685f93-43a8-4a88-bdd0-a0259a537260",
            "label": null,
            "isExecuted": false,
            "group": null,
            "uuid": "fa92a0ba-2913-4d22-bf26-7a18244777a8"
        },
        {
            "@type": "WorkflowRoute",
            "name": "jinja api body -> create output args",
            "targetStep": "\/api\/3\/workflow_steps\/8d85afed-2f26-4924-be05-b236c1d934f2",
            "sourceStep": "\/api\/3\/workflow_steps\/d66e83e9-ef02-40cd-b525-ddff56b28219",
            "label": null,
            "isExecuted": false,
            "group": null,
            "uuid": "e3890607-eca6-4066-b536-d77a71e88824"
        },
        {
            "@type": "WorkflowRoute",
            "name": "jinja api header -> jinja api body",
            "targetStep": "\/api\/3\/workflow_steps\/d66e83e9-ef02-40cd-b525-ddff56b28219",
            "sourceStep": "\/api\/3\/workflow_steps\/15f177bd-e153-4d4b-a4a0-9fa40a79276a",
            "label": null,
            "isExecuted": false,
            "group": null,
            "uuid": "c670874c-a90e-43c1-ac9e-36db5aca2937"
        },
        {
            "@type": "WorkflowRoute",
            "name": "jinja api resource -> jinja api header",
            "targetStep": "\/api\/3\/workflow_steps\/15f177bd-e153-4d4b-a4a0-9fa40a79276a",
            "sourceStep": "\/api\/3\/workflow_steps\/1f2c355b-fce5-4e13-b1cf-beb0a05d6a73",
            "label": null,
            "isExecuted": false,
            "group": null,
            "uuid": "ec51faf0-60fd-4664-a17c-69a55c3237ef"
        },
        {
            "@type": "WorkflowRoute",
            "name": "output type -> enhance vars for api",
            "targetStep": "\/api\/3\/workflow_steps\/4ef9e2ca-6a21-44ff-ab1e-0b405a956412",
            "sourceStep": "\/api\/3\/workflow_steps\/fd274e74-65e6-4b07-83e6-4f7295d3f1be",
            "label": null,
            "isExecuted": false,
            "group": null,
            "uuid": "f7de5a1f-c033-4ddf-981b-806cabe98966"
        },
        {
            "@type": "WorkflowRoute",
            "name": "output type -> enhance vars for nmap",
            "targetStep": "\/api\/3\/workflow_steps\/b008e54b-912a-4093-90f9-9270abb95d36",
            "sourceStep": "\/api\/3\/workflow_steps\/fd274e74-65e6-4b07-83e6-4f7295d3f1be",
            "label": null,
            "isExecuted": false,
            "group": null,
            "uuid": "aca8b70a-8b70-4dbf-9a96-a7f8d53ad22d"
        },
        {
            "@type": "WorkflowRoute",
            "name": "output type -> enhance vars for playbook",
            "targetStep": "\/api\/3\/workflow_steps\/cb35acaa-2ce5-47e7-be41-f1f292567a5c",
            "sourceStep": "\/api\/3\/workflow_steps\/fd274e74-65e6-4b07-83e6-4f7295d3f1be",
            "label": null,
            "isExecuted": false,
            "group": null,
            "uuid": "5f53e281-0c47-4426-aa99-7f72e8cf2ca0"
        },
        {
            "@type": "WorkflowRoute",
            "name": "output type -> enhance vars for ssh cmd",
            "targetStep": "\/api\/3\/workflow_steps\/187e5ead-c893-4767-96c7-ca0124aa2674",
            "sourceStep": "\/api\/3\/workflow_steps\/fd274e74-65e6-4b07-83e6-4f7295d3f1be",
            "label": null,
            "isExecuted": false,
            "group": null,
            "uuid": "f6256ba7-ca74-43d0-a7e5-45c41a0b3699"
        },
        {
            "@type": "WorkflowRoute",
            "name": "output type -> enhance vars for ssh script",
            "targetStep": "\/api\/3\/workflow_steps\/a31cddf1-7800-4962-a400-58a1fa6e08be",
            "sourceStep": "\/api\/3\/workflow_steps\/fd274e74-65e6-4b07-83e6-4f7295d3f1be",
            "label": null,
            "isExecuted": false,
            "group": null,
            "uuid": "afb0adb7-f8d1-44f7-96fc-7a0b11c663f4"
        },
        {
            "@type": "WorkflowRoute",
            "name": "output type -> enhance vars for ztpf",
            "targetStep": "\/api\/3\/workflow_steps\/956f71d7-94ae-43ef-822b-83b9dafd5fbb",
            "sourceStep": "\/api\/3\/workflow_steps\/fd274e74-65e6-4b07-83e6-4f7295d3f1be",
            "label": null,
            "isExecuted": false,
            "group": null,
            "uuid": "58480882-ed4a-42c3-871d-96a23ee0a27e"
        },
        {
            "@type": "WorkflowRoute",
            "name": "output type -> Unsupported",
            "targetStep": "\/api\/3\/workflow_steps\/f19cf584-ab38-4868-b340-df95f2faaf84",
            "sourceStep": "\/api\/3\/workflow_steps\/fd274e74-65e6-4b07-83e6-4f7295d3f1be",
            "label": null,
            "isExecuted": false,
            "group": null,
            "uuid": "8bdd7d36-02d2-48c8-9f21-3d6e0b0284a3"
        },
        {
            "@type": "WorkflowRoute",
            "name": "setup env -> Copy of setup env",
            "targetStep": "\/api\/3\/workflow_steps\/067d6b68-b3be-4d0d-905f-7eed66d3a253",
            "sourceStep": "\/api\/3\/workflow_steps\/18e950bc-615c-41a1-b75b-94e1bba4ca1d",
            "label": null,
            "isExecuted": false,
            "group": null,
            "uuid": "ef2feed7-255b-409b-ab55-2cbacc7772c7"
        },
        {
            "@type": "WorkflowRoute",
            "name": "Start -> find target",
            "targetStep": "\/api\/3\/workflow_steps\/9dd58ffe-81e7-463c-b0af-b81a6dfa1410",
            "sourceStep": "\/api\/3\/workflow_steps\/e4bc5094-d867-477f-86da-7ae89e57b558",
            "label": null,
            "isExecuted": false,
            "group": null,
            "uuid": "f929167c-ab78-4d08-8924-ed10426776b9"
        }
    ],
    "groups": [
        {
            "@type": "WorkflowGroup",
            "name": "Playbook Arg Handling",
            "description": "Each method can have special jinja template needs. Not all fields support jinja templates. Flags to indicate which fields need to support jinja templates can be stored on the profile record (TODO).",
            "type": "note",
            "isCollapsed": false,
            "hasTriggerStep": false,
            "hideInLogs": false,
            "metadata": [],
            "reusable": false,
            "top": "180",
            "left": "1100",
            "height": "147",
            "width": "407",
            "uuid": "4581e94d-6116-4f9a-be8e-60e8c9fb7a97",
            "recordTags": []
        },
        {
            "@type": "WorkflowGroup",
            "name": "Playbook Management by Method",
            "description": "Use *vars.method_args* in the step *setup env* to outline the attributes required for each method type.\n\nUse the *enhance vars* for each method to update the attribute defined in the previous comment.\n\nThe step *create output args* puts it all together into one var for use.",
            "type": "note",
            "isCollapsed": false,
            "hasTriggerStep": false,
            "hideInLogs": false,
            "metadata": [],
            "reusable": false,
            "top": "160",
            "left": "580",
            "height": "209",
            "width": "498",
            "uuid": "5df0e062-5fcd-45d8-875c-75fe00b69326",
            "recordTags": []
        },
        {
            "@type": "WorkflowGroup",
            "name": "Playbook Objectives",
            "description": "When set to *New* we need to make sure the record is ready for playbooks per method to then get the raw data. \n\nFields Managed by this process:\n - Name: *output_name* or *output_profile_resource* and *target_name*\n - Context: *output_context* or *output_profile_resource*\n - Source Data Type: *output_profile_data_type* or *output_data_type* or defaults to TEXT\n - Output Method: *output_profile_method* or *output_method*\n - Output Args: *method_args* creates *output_args*\n - Status: Set to Pending to start data collection.",
            "type": "note",
            "isCollapsed": false,
            "hasTriggerStep": false,
            "hideInLogs": false,
            "metadata": [],
            "reusable": false,
            "top": "120",
            "left": "60",
            "height": "298",
            "width": "498",
            "uuid": "3a4cda34-95dc-4c74-a960-15342847a0d4",
            "recordTags": []
        }
    ],
    "priority": "\/api\/3\/picklists\/9e8d41e4-8ada-4a2c-bd02-07f62c6d0a00",
    "playbookOrigin": "\/api\/3\/picklists\/b6d710a9-a8ec-41ec-8817-fe9fa062fcdd",
    "isEditable": true,
    "uuid": "c25f9482-46b7-45e6-b0ea-c2ec1c6624c0",
    "owners": [],
    "isPrivate": false,
    "deletedAt": null,
    "recordTags": [
        "New",
        "Target Output",
        "Trigger"
    ]
}