{
    "@type": "Workflow",
    "triggerLimit": null,
    "name": "> netshot target - create output record",
    "aliasName": null,
    "tag": null,
    "description": "Using target record create a target output record (raw data).",
    "isActive": false,
    "debug": false,
    "singleRecordExecution": false,
    "remoteExecutableFlag": false,
    "parameters": [
        "raw_data",
        "target_record_id",
        "timestamp",
        "context",
        "is_json",
        "output_profile_fqid",
        "data_type"
    ],
    "synchronous": false,
    "collection": "\/api\/3\/workflow_collections\/47462724-61c5-401a-be3b-53b8154157f9",
    "versions": [],
    "triggerStep": "\/api\/3\/workflow_steps\/87410762-fa91-49f8-85fb-72780f4e0f87",
    "steps": [
        {
            "@type": "WorkflowStep",
            "name": "create tags var",
            "description": null,
            "arguments": {
                "record_tags": "{{vars.context.replace(\",\",\" \")}}"
            },
            "status": null,
            "top": "200",
            "left": "40",
            "stepType": "\/api\/3\/workflow_step_types\/04d0cf46-b6a8-42c4-8683-60a7eaa69e8f",
            "group": null,
            "uuid": "3bd32424-7bc3-44c7-bc3f-de7ddcecd8d4"
        },
        {
            "@type": "WorkflowStep",
            "name": "create target output",
            "description": null,
            "arguments": {
                "resource": {
                    "name": "{{vars.output_name}}",
                    "context": "{{vars.context}}",
                    "__replace": "",
                    "timestamp": "{{vars.timestamp}}",
                    "sourceData": "{%- if vars.is_json -%}\n{{vars.raw_data|toJSON}}\n{%- else -%}\n{{vars.raw_data}}\n{%- endif -%}",
                    "netshotTargets": "{{vars.steps.find_target_record[0]['@id']}}",
                    "sourceDataType": "{{\"Netshot Target Output Source Data Type\" | picklist (vars.data_type) }}",
                    "latestRecordOfContext": true,
                    "netshotTargetOutputProfiles": "{{vars.output_profile_fqid}}"
                },
                "operation": "Overwrite",
                "collection": "\/api\/3\/netshot_target_outputs",
                "__recommend": [],
                "fieldOperation": {
                    "recordTags": "Overwrite"
                },
                "step_variables": []
            },
            "status": null,
            "top": "120",
            "left": "40",
            "stepType": "\/api\/3\/workflow_step_types\/2597053c-e718-44b4-8394-4d40fe26d357",
            "group": null,
            "uuid": "effc8735-cbe6-43cb-8b74-78b80d52bf74"
        },
        {
            "@type": "WorkflowStep",
            "name": "enhance env",
            "description": null,
            "arguments": {
                "is_json": "{%- if \"json\" in vars.data_type|lower -%}\nTrue\n{%- else -%}\n{{vars.is_json}}\n{%- endif -%}",
                "output_name": "{{vars.steps.find_target_record[0].name}} - {{vars.context}}"
            },
            "status": null,
            "top": "160",
            "left": "380",
            "stepType": "\/api\/3\/workflow_step_types\/04d0cf46-b6a8-42c4-8683-60a7eaa69e8f",
            "group": null,
            "uuid": "ab6bd3ac-d7b4-476e-aeb2-52d513df7631"
        },
        {
            "@type": "WorkflowStep",
            "name": "find context output records",
            "description": null,
            "arguments": {
                "query": {
                    "sort": [],
                    "limit": 30,
                    "logic": "AND",
                    "filters": [
                        {
                            "type": "primitive",
                            "field": "context",
                            "value": "{{vars.context}}",
                            "operator": "eq",
                            "_operator": "eq"
                        },
                        {
                            "type": "primitive",
                            "field": "latestRecordOfContext",
                            "value": true,
                            "operator": "eq",
                            "_operator": "eq"
                        },
                        {
                            "type": "object",
                            "field": "netshotTargets",
                            "value": "{{vars.steps.find_target_record[0]['@id']}}",
                            "_value": {
                                "@id": "{{vars.steps.find_target_record[0]['@id']}}",
                                "display": "",
                                "itemValue": ""
                            },
                            "operator": "eq"
                        }
                    ],
                    "__selectFields": [
                        "id"
                    ]
                },
                "module": "netshot_target_outputs?$limit=5000",
                "checkboxFields": true,
                "step_variables": []
            },
            "status": null,
            "top": "200",
            "left": "760",
            "stepType": "\/api\/3\/workflow_step_types\/b593663d-7d13-40ce-a3a3-96dece928770",
            "group": null,
            "uuid": "f4531ca3-cf7d-45b3-a502-2e0201f415b1"
        },
        {
            "@type": "WorkflowStep",
            "name": "find target record",
            "description": null,
            "arguments": {
                "query": {
                    "sort": [],
                    "limit": 30,
                    "logic": "AND",
                    "filters": [
                        {
                            "type": "primitive",
                            "field": "id",
                            "value": "{{vars.target_record_id}}",
                            "operator": "eq",
                            "_operator": "eq"
                        }
                    ],
                    "__selectFields": [
                        "name",
                        "id"
                    ]
                },
                "module": "netshot_targets?$limit=1",
                "checkboxFields": true,
                "step_variables": []
            },
            "status": null,
            "top": "100",
            "left": "760",
            "stepType": "\/api\/3\/workflow_step_types\/b593663d-7d13-40ce-a3a3-96dece928770",
            "group": null,
            "uuid": "4b6497f8-d3d9-4d3c-b3f3-167d9556f10b"
        },
        {
            "@type": "WorkflowStep",
            "name": "reset latest flag",
            "description": null,
            "arguments": {
                "for_each": {
                    "item": "{{vars.steps.find_context_output_records}}",
                    "__bulk": true,
                    "parallel": false,
                    "condition": "",
                    "batch_size": 100
                },
                "resource": {
                    "latestRecordOfContext": "{{vars.set_false}}"
                },
                "operation": "Append",
                "collection": "{{vars.item['@id']}}",
                "__recommend": [],
                "collectionType": "\/api\/3\/netshot_target_outputs",
                "fieldOperation": {
                    "recordTags": "Append"
                },
                "step_variables": []
            },
            "status": null,
            "top": "300",
            "left": "760",
            "stepType": "\/api\/3\/workflow_step_types\/b593663d-7d13-40ce-a3a3-96dece928722",
            "group": null,
            "uuid": "5440955a-f940-4907-9799-9cf1260055e5"
        },
        {
            "@type": "WorkflowStep",
            "name": "return",
            "description": "return the output data created.",
            "arguments": {
                "output": "{{vars.steps.create_target_output}}"
            },
            "status": null,
            "top": "240",
            "left": "380",
            "stepType": "\/api\/3\/workflow_step_types\/04d0cf46-b6a8-42c4-8683-60a7eaa69e8f",
            "group": null,
            "uuid": "fd66c6e6-ea8f-4106-abf3-5a555c94637d"
        },
        {
            "@type": "WorkflowStep",
            "name": "set env",
            "description": null,
            "arguments": {
                "context": "{{vars.input.params.context}}",
                "is_json": "{%- if vars.input.params['is_json'] not in ['',None] -%}\n{{vars.input.params['is_json']}}\n{%- else -%}\nFalse\n{%- endif -%}",
                "raw_data": "{{vars.input.params['raw_data']}}",
                "data_type": "{%- if vars.input.params.data_type not in [None,Null,''] -%}\n{{vars.input.params.data_type}}\n{%- else -%}\nTEXT\n{%- endif -%}",
                "set_false": "{{false}}",
                "timestamp": "{%- if vars.input.params.timestamp not in [None,Null,''] -%}\n{{vars.input.params.timestamp}}\n{%- else -%}\n{{arrow.utcnow().int_timestamp}}\n{%- endif -%}",
                "target_record_id": "{{vars.input.params['target_record_id']}}",
                "output_profile_fqid": "{{vars.input.params['output_profile_fqid']}}"
            },
            "status": null,
            "top": "40",
            "left": "380",
            "stepType": "\/api\/3\/workflow_step_types\/04d0cf46-b6a8-42c4-8683-60a7eaa69e8f",
            "group": null,
            "uuid": "8131772f-6525-4d33-ab79-a2aabda07fc6"
        },
        {
            "@type": "WorkflowStep",
            "name": "Start",
            "description": null,
            "arguments": {
                "__triggerLimit": true,
                "step_variables": {
                    "input": {
                        "params": []
                    }
                },
                "triggerOnSource": true,
                "triggerOnReplicate": false
            },
            "status": null,
            "top": "40",
            "left": "40",
            "stepType": "\/api\/3\/workflow_step_types\/b348f017-9a94-471f-87f8-ce88b6a7ad62",
            "group": null,
            "uuid": "87410762-fa91-49f8-85fb-72780f4e0f87"
        },
        {
            "@type": "WorkflowStep",
            "name": "update target tags",
            "description": null,
            "arguments": {
                "resource": {
                    "__link": {
                        "recordTags": "{{vars.record_tags}}"
                    }
                },
                "operation": "Append",
                "collection": "{{vars.steps.find_target_record[0]['@id']}}",
                "__recommend": [],
                "collectionType": "\/api\/3\/netshot_targets",
                "fieldOperation": {
                    "recordTags": "Append"
                },
                "step_variables": []
            },
            "status": null,
            "top": "280",
            "left": "40",
            "stepType": "\/api\/3\/workflow_step_types\/b593663d-7d13-40ce-a3a3-96dece928722",
            "group": null,
            "uuid": "fe245b19-4407-4b40-a4a5-1a8bc59b9b29"
        }
    ],
    "routes": [
        {
            "@type": "WorkflowRoute",
            "name": "create tags var -> update target tags",
            "targetStep": "\/api\/3\/workflow_steps\/fe245b19-4407-4b40-a4a5-1a8bc59b9b29",
            "sourceStep": "\/api\/3\/workflow_steps\/3bd32424-7bc3-44c7-bc3f-de7ddcecd8d4",
            "label": null,
            "isExecuted": false,
            "group": null,
            "uuid": "0b1c832c-05c3-4f81-b351-691ade5cdf5d"
        },
        {
            "@type": "WorkflowRoute",
            "name": "create target output -> create tags var",
            "targetStep": "\/api\/3\/workflow_steps\/3bd32424-7bc3-44c7-bc3f-de7ddcecd8d4",
            "sourceStep": "\/api\/3\/workflow_steps\/effc8735-cbe6-43cb-8b74-78b80d52bf74",
            "label": null,
            "isExecuted": false,
            "group": null,
            "uuid": "b6fa608e-1528-47dc-95d6-88183633f25f"
        },
        {
            "@type": "WorkflowRoute",
            "name": "enhance env -> create target output",
            "targetStep": "\/api\/3\/workflow_steps\/effc8735-cbe6-43cb-8b74-78b80d52bf74",
            "sourceStep": "\/api\/3\/workflow_steps\/ab6bd3ac-d7b4-476e-aeb2-52d513df7631",
            "label": null,
            "isExecuted": false,
            "group": null,
            "uuid": "acdbd2c7-3a47-4c35-8aab-ed1726db3fb1"
        },
        {
            "@type": "WorkflowRoute",
            "name": "find context output records -> reset latest flag",
            "targetStep": "\/api\/3\/workflow_steps\/5440955a-f940-4907-9799-9cf1260055e5",
            "sourceStep": "\/api\/3\/workflow_steps\/f4531ca3-cf7d-45b3-a502-2e0201f415b1",
            "label": null,
            "isExecuted": false,
            "group": null,
            "uuid": "31980f4f-6dcb-40d3-a9a1-0680af8e524e"
        },
        {
            "@type": "WorkflowRoute",
            "name": "find target record -> find context output records",
            "targetStep": "\/api\/3\/workflow_steps\/f4531ca3-cf7d-45b3-a502-2e0201f415b1",
            "sourceStep": "\/api\/3\/workflow_steps\/4b6497f8-d3d9-4d3c-b3f3-167d9556f10b",
            "label": null,
            "isExecuted": false,
            "group": null,
            "uuid": "49c4294e-53d5-4e62-9897-95c0c535a240"
        },
        {
            "@type": "WorkflowRoute",
            "name": "reset latest flag -> enhance env",
            "targetStep": "\/api\/3\/workflow_steps\/ab6bd3ac-d7b4-476e-aeb2-52d513df7631",
            "sourceStep": "\/api\/3\/workflow_steps\/5440955a-f940-4907-9799-9cf1260055e5",
            "label": null,
            "isExecuted": false,
            "group": null,
            "uuid": "c82e0f60-2d13-46c4-9c57-c84ae6ddfc7d"
        },
        {
            "@type": "WorkflowRoute",
            "name": "set env -> find target record",
            "targetStep": "\/api\/3\/workflow_steps\/4b6497f8-d3d9-4d3c-b3f3-167d9556f10b",
            "sourceStep": "\/api\/3\/workflow_steps\/8131772f-6525-4d33-ab79-a2aabda07fc6",
            "label": null,
            "isExecuted": false,
            "group": null,
            "uuid": "eee8fefd-539b-442f-b104-278bb1a68ffd"
        },
        {
            "@type": "WorkflowRoute",
            "name": "Start -> set env",
            "targetStep": "\/api\/3\/workflow_steps\/8131772f-6525-4d33-ab79-a2aabda07fc6",
            "sourceStep": "\/api\/3\/workflow_steps\/87410762-fa91-49f8-85fb-72780f4e0f87",
            "label": null,
            "isExecuted": false,
            "group": null,
            "uuid": "047249ac-2c93-49f6-8d75-aabc2b1c755f"
        },
        {
            "@type": "WorkflowRoute",
            "name": "update target tags -> return",
            "targetStep": "\/api\/3\/workflow_steps\/fd66c6e6-ea8f-4106-abf3-5a555c94637d",
            "sourceStep": "\/api\/3\/workflow_steps\/fe245b19-4407-4b40-a4a5-1a8bc59b9b29",
            "label": null,
            "isExecuted": false,
            "group": null,
            "uuid": "3be958a8-2ba9-4f44-9384-ac859855be0d"
        }
    ],
    "groups": [],
    "priority": "\/api\/3\/picklists\/2b563c61-ae2c-41c0-a85a-c9709585e3f2",
    "playbookOrigin": "\/api\/3\/picklists\/b6d710a9-a8ec-41ec-8817-fe9fa062fcdd",
    "isEditable": true,
    "uuid": "335783b5-873d-47e3-a58a-31b56575258e",
    "owners": [],
    "isPrivate": false,
    "deletedAt": null,
    "recordTags": [
        "context",
        "raw_data",
        "target_record_id"
    ]
}