{
    "@type": "Workflow",
    "triggerLimit": null,
    "name": "> netshot output (Complete) trigger - status changed",
    "aliasName": null,
    "tag": null,
    "description": "Complete Status should trigger a re-queue.",
    "isActive": true,
    "debug": false,
    "singleRecordExecution": false,
    "remoteExecutableFlag": false,
    "parameters": [],
    "synchronous": false,
    "collection": "\/api\/3\/workflow_collections\/47462724-61c5-401a-be3b-53b8154157f9",
    "versions": [],
    "triggerStep": "\/api\/3\/workflow_steps\/34031bda-3444-41fc-9c4a-dd087b2069ca",
    "steps": [
        {
            "@type": "WorkflowStep",
            "name": "complete",
            "description": null,
            "arguments": [],
            "status": null,
            "top": "120",
            "left": "40",
            "stepType": "\/api\/3\/workflow_step_types\/04d0cf46-b6a8-42c4-8683-60a7eaa69e8f",
            "group": null,
            "uuid": "c868475c-3633-48fb-95a4-5aecd17ab67f"
        },
        {
            "@type": "WorkflowStep",
            "name": "enhance vars",
            "description": null,
            "arguments": {
                "tags": "{{vars.tags}}"
            },
            "status": null,
            "top": "140",
            "left": "1180",
            "stepType": "\/api\/3\/workflow_step_types\/04d0cf46-b6a8-42c4-8683-60a7eaa69e8f",
            "group": null,
            "uuid": "32fa98fd-b769-4c7d-b90d-335d2b45ceb6"
        },
        {
            "@type": "WorkflowStep",
            "name": "find context output records",
            "description": null,
            "arguments": {
                "query": {
                    "sort": [],
                    "limit": 30,
                    "logic": "AND",
                    "filters": [
                        {
                            "type": "primitive",
                            "field": "context",
                            "value": "{{vars.context}}",
                            "operator": "eq",
                            "_operator": "eq"
                        },
                        {
                            "type": "primitive",
                            "field": "latestRecordOfContext",
                            "value": true,
                            "operator": "eq",
                            "_operator": "eq"
                        },
                        {
                            "type": "object",
                            "field": "netshotTargets",
                            "value": "{{vars.steps.find_target[0]['@id']}}",
                            "_value": {
                                "@id": "{{vars.steps.find_target[0]['@id']}}",
                                "display": "",
                                "itemValue": ""
                            },
                            "operator": "eq"
                        }
                    ],
                    "__selectFields": [
                        "id"
                    ]
                },
                "module": "netshot_target_outputs?$limit=5000",
                "checkboxFields": true,
                "step_variables": []
            },
            "status": null,
            "top": "240",
            "left": "840",
            "stepType": "\/api\/3\/workflow_step_types\/b593663d-7d13-40ce-a3a3-96dece928770",
            "group": null,
            "uuid": "fc8995ce-103b-4378-887d-2a325fca1a7a"
        },
        {
            "@type": "WorkflowStep",
            "name": "find target",
            "description": null,
            "arguments": {
                "query": {
                    "sort": [],
                    "limit": 30,
                    "logic": "AND",
                    "filters": [
                        {
                            "type": "primitive",
                            "field": "id",
                            "value": "{{vars.input.records[0].netshotTargets.id}}",
                            "operator": "eq",
                            "_operator": "eq"
                        }
                    ],
                    "__selectFields": [
                        "id"
                    ]
                },
                "module": "netshot_targets?$limit=1",
                "checkboxFields": true,
                "step_variables": []
            },
            "status": null,
            "top": "40",
            "left": "440",
            "stepType": "\/api\/3\/workflow_step_types\/b593663d-7d13-40ce-a3a3-96dece928770",
            "group": null,
            "uuid": "304cb4e4-29bb-41b8-ad3a-8f6ac28eb8b3"
        },
        {
            "@type": "WorkflowStep",
            "name": "reset latest flag",
            "description": null,
            "arguments": {
                "for_each": {
                    "item": "{{vars.steps.find_context_output_records}}",
                    "__bulk": true,
                    "parallel": false,
                    "condition": "",
                    "batch_size": 100
                },
                "resource": {
                    "latestRecordOfContext": "{{vars.set_false}}"
                },
                "operation": "Append",
                "collection": "{{vars.item['@id']}}",
                "__recommend": [],
                "collectionType": "\/api\/3\/netshot_target_outputs",
                "fieldOperation": {
                    "recordTags": "Append"
                },
                "step_variables": []
            },
            "status": null,
            "top": "340",
            "left": "840",
            "stepType": "\/api\/3\/workflow_step_types\/b593663d-7d13-40ce-a3a3-96dece928722",
            "group": null,
            "uuid": "beeed887-15c5-43e1-95f0-550c417215cc"
        },
        {
            "@type": "WorkflowStep",
            "name": "run reports",
            "description": null,
            "arguments": {
                "arguments": {
                    "output_record_id": "{{vars.input.records[0].id}}"
                },
                "apply_async": false,
                "step_variables": [],
                "pass_parent_env": false,
                "pass_input_record": false,
                "workflowReference": "\/api\/3\/workflows\/9834c78e-2951-495f-a131-7c214b18d85b"
            },
            "status": null,
            "top": "460",
            "left": "420",
            "stepType": "\/api\/3\/workflow_step_types\/74932bdc-b8b6-4d24-88c4-1a4dfbc524f3",
            "group": null,
            "uuid": "91692b2c-5686-4d86-8b38-70ac774f0796"
        },
        {
            "@type": "WorkflowStep",
            "name": "setup env",
            "description": null,
            "arguments": {
                "tags": "{{\n  vars.input.records[0].context\n    .replace(\",\",\" \")\n    .replace(\"\\\"\",\"\")\n    .replace(\"{\",\"\")\n    .replace(\"}\",\"\")\n}}",
                "method": "{{vars.input.records[0].outputMethod.itemValue}}",
                "context": "{{vars.input.records[0].context}}",
                "set_true": "True",
                "set_false": "False",
                "requeue_outputs": "True"
            },
            "status": null,
            "top": "40",
            "left": "840",
            "stepType": "\/api\/3\/workflow_step_types\/04d0cf46-b6a8-42c4-8683-60a7eaa69e8f",
            "group": null,
            "uuid": "3220a58d-f8e3-4b45-a839-d57c0a425a3c"
        },
        {
            "@type": "WorkflowStep",
            "name": "Start",
            "description": null,
            "arguments": {
                "resource": "netshot_target_outputs",
                "resources": [
                    "netshot_target_outputs"
                ],
                "__triggerLimit": true,
                "step_variables": {
                    "input": {
                        "params": [],
                        "records": [
                            "{{vars.input.records[0]}}"
                        ]
                    }
                },
                "triggerOnSource": true,
                "fieldbasedtrigger": {
                    "sort": [],
                    "limit": 30,
                    "logic": "AND",
                    "filters": [
                        {
                            "type": "object",
                            "field": "status",
                            "value": "",
                            "_value": {
                                "@id": "",
                                "display": "",
                                "itemValue": ""
                            },
                            "operator": "changed"
                        },
                        {
                            "type": "object",
                            "field": "status",
                            "value": "\/api\/3\/picklists\/27e6a838-db8e-4b96-b9f3-23878e57d148",
                            "_value": {
                                "@id": "\/api\/3\/picklists\/27e6a838-db8e-4b96-b9f3-23878e57d148",
                                "display": "Complete",
                                "itemValue": "Complete"
                            },
                            "operator": "eq"
                        }
                    ]
                },
                "triggerOnReplicate": false
            },
            "status": null,
            "top": "40",
            "left": "40",
            "stepType": "\/api\/3\/workflow_step_types\/9300bf69-5063-486d-b3a6-47eb9da24872",
            "group": null,
            "uuid": "34031bda-3444-41fc-9c4a-dd087b2069ca"
        },
        {
            "@type": "WorkflowStep",
            "name": "update latest flag",
            "description": null,
            "arguments": {
                "resource": {
                    "latestRecordOfContext": "{{vars.set_true}}"
                },
                "operation": "Append",
                "collection": "{{vars.input.records[0]['@id']}}",
                "__recommend": [],
                "collectionType": "\/api\/3\/netshot_target_outputs",
                "fieldOperation": {
                    "recordTags": "Append"
                },
                "step_variables": []
            },
            "status": null,
            "top": "360",
            "left": "420",
            "stepType": "\/api\/3\/workflow_step_types\/b593663d-7d13-40ce-a3a3-96dece928722",
            "group": null,
            "uuid": "78f4ef7f-feba-423d-91e0-1a6b604317e6"
        },
        {
            "@type": "WorkflowStep",
            "name": "update target",
            "description": null,
            "arguments": {
                "resource": {
                    "__link": {
                        "recordTags": "{{vars.tags}}"
                    },
                    "reQueueOutputs": "{{vars.requeue_outputs}}"
                },
                "operation": "Append",
                "collection": "{{vars.steps.find_target[0]['@id']}}",
                "__recommend": [],
                "collectionType": "\/api\/3\/netshot_targets",
                "fieldOperation": {
                    "recordTags": "Append"
                },
                "step_variables": []
            },
            "status": null,
            "top": "340",
            "left": "40",
            "stepType": "\/api\/3\/workflow_step_types\/b593663d-7d13-40ce-a3a3-96dece928722",
            "group": null,
            "uuid": "0581081f-e7f1-4ed5-adbd-8d3c86043caa"
        }
    ],
    "routes": [
        {
            "@type": "WorkflowRoute",
            "name": "enhance vars -> find context output records",
            "targetStep": "\/api\/3\/workflow_steps\/fc8995ce-103b-4378-887d-2a325fca1a7a",
            "sourceStep": "\/api\/3\/workflow_steps\/32fa98fd-b769-4c7d-b90d-335d2b45ceb6",
            "label": null,
            "isExecuted": false,
            "group": null,
            "uuid": "1137523a-2c66-4976-ae3c-b71bdf64a602"
        },
        {
            "@type": "WorkflowRoute",
            "name": "find context output records -> reset latest flag",
            "targetStep": "\/api\/3\/workflow_steps\/beeed887-15c5-43e1-95f0-550c417215cc",
            "sourceStep": "\/api\/3\/workflow_steps\/fc8995ce-103b-4378-887d-2a325fca1a7a",
            "label": null,
            "isExecuted": false,
            "group": null,
            "uuid": "5607cb30-406e-4b8c-8262-f6dd92d3bc98"
        },
        {
            "@type": "WorkflowRoute",
            "name": "find target -> setup env",
            "targetStep": "\/api\/3\/workflow_steps\/3220a58d-f8e3-4b45-a839-d57c0a425a3c",
            "sourceStep": "\/api\/3\/workflow_steps\/304cb4e4-29bb-41b8-ad3a-8f6ac28eb8b3",
            "label": null,
            "isExecuted": false,
            "group": null,
            "uuid": "624a9bf3-7458-4a11-b447-6758cb60962c"
        },
        {
            "@type": "WorkflowRoute",
            "name": "reset latest flag -> update latest flag",
            "targetStep": "\/api\/3\/workflow_steps\/78f4ef7f-feba-423d-91e0-1a6b604317e6",
            "sourceStep": "\/api\/3\/workflow_steps\/beeed887-15c5-43e1-95f0-550c417215cc",
            "label": null,
            "isExecuted": false,
            "group": null,
            "uuid": "82acf620-a169-483f-8242-ff1e9ecb4aee"
        },
        {
            "@type": "WorkflowRoute",
            "name": "run reports -> update target",
            "targetStep": "\/api\/3\/workflow_steps\/0581081f-e7f1-4ed5-adbd-8d3c86043caa",
            "sourceStep": "\/api\/3\/workflow_steps\/91692b2c-5686-4d86-8b38-70ac774f0796",
            "label": null,
            "isExecuted": false,
            "group": null,
            "uuid": "ec8fe746-23cc-4504-a751-739627956f01"
        },
        {
            "@type": "WorkflowRoute",
            "name": "setup env -> enhance vars",
            "targetStep": "\/api\/3\/workflow_steps\/32fa98fd-b769-4c7d-b90d-335d2b45ceb6",
            "sourceStep": "\/api\/3\/workflow_steps\/3220a58d-f8e3-4b45-a839-d57c0a425a3c",
            "label": null,
            "isExecuted": false,
            "group": null,
            "uuid": "cd77a9ff-e8bc-4fb8-80bf-36c7f0cbea87"
        },
        {
            "@type": "WorkflowRoute",
            "name": "Start -> find target",
            "targetStep": "\/api\/3\/workflow_steps\/304cb4e4-29bb-41b8-ad3a-8f6ac28eb8b3",
            "sourceStep": "\/api\/3\/workflow_steps\/34031bda-3444-41fc-9c4a-dd087b2069ca",
            "label": null,
            "isExecuted": false,
            "group": null,
            "uuid": "56f0e430-d1c1-4025-970d-07b9438e22bd"
        },
        {
            "@type": "WorkflowRoute",
            "name": "update latest flag -> run reports",
            "targetStep": "\/api\/3\/workflow_steps\/91692b2c-5686-4d86-8b38-70ac774f0796",
            "sourceStep": "\/api\/3\/workflow_steps\/78f4ef7f-feba-423d-91e0-1a6b604317e6",
            "label": null,
            "isExecuted": false,
            "group": null,
            "uuid": "45de1264-5e60-4186-8891-d526cf83ce47"
        },
        {
            "@type": "WorkflowRoute",
            "name": "update target -> complete",
            "targetStep": "\/api\/3\/workflow_steps\/c868475c-3633-48fb-95a4-5aecd17ab67f",
            "sourceStep": "\/api\/3\/workflow_steps\/0581081f-e7f1-4ed5-adbd-8d3c86043caa",
            "label": null,
            "isExecuted": false,
            "group": null,
            "uuid": "ffc3717b-79fb-4187-b246-498502b8099a"
        }
    ],
    "groups": [
        {
            "@type": "WorkflowGroup",
            "name": "Playbook Logic",
            "description": "- Find outputs with the same content for this target and clear the latest flag. \n - Make this record the latest record of context. \n - Update tags on the target record for this output.\n - Run reports on output that link to the profile and the target.\n - Reset the queue flag on the target.",
            "type": "note",
            "isCollapsed": false,
            "hasTriggerStep": false,
            "hideInLogs": false,
            "metadata": [],
            "reusable": false,
            "top": "120",
            "left": "320",
            "height": "196",
            "width": "493",
            "uuid": "f4268fa8-c1b4-4e46-9eaa-62e1cddf4440",
            "recordTags": []
        }
    ],
    "priority": "\/api\/3\/picklists\/2b563c61-ae2c-41c0-a85a-c9709585e3f2",
    "playbookOrigin": "\/api\/3\/picklists\/b6d710a9-a8ec-41ec-8817-fe9fa062fcdd",
    "isEditable": true,
    "uuid": "1a27802d-3230-44c4-a679-9e3abc4be320",
    "owners": [],
    "isPrivate": false,
    "deletedAt": null,
    "recordTags": [
        "Netshot Output",
        "Trigger"
    ]
}