{
    "@type": "Workflow",
    "triggerLimit": null,
    "name": "> netshot playbook - run id and create target output",
    "aliasName": null,
    "tag": null,
    "description": null,
    "isActive": false,
    "debug": false,
    "singleRecordExecution": false,
    "remoteExecutableFlag": false,
    "parameters": [
        "target_record_id",
        "output_profile_fqid",
        "playbook_id",
        "data_type",
        "context"
    ],
    "synchronous": false,
    "collection": "\/api\/3\/workflow_collections\/47462724-61c5-401a-be3b-53b8154157f9",
    "versions": [],
    "triggerStep": "\/api\/3\/workflow_steps\/d13e1289-48b7-4dab-ae98-db75056b745c",
    "steps": [
        {
            "@type": "WorkflowStep",
            "name": "create output",
            "description": null,
            "arguments": {
                "arguments": {
                    "context": "{{vars.context}}",
                    "is_json": "False",
                    "raw_data": "{{vars.playbook_results}}",
                    "data_type": "{{vars.data_type}}",
                    "timestamp": "",
                    "target_record_id": "{{vars.target_record_id}}",
                    "output_profile_fqid": "{{vars.output_profile_fqid}}"
                },
                "apply_async": false,
                "step_variables": [],
                "pass_parent_env": false,
                "pass_input_record": false,
                "workflowReference": "\/api\/3\/workflows\/335783b5-873d-47e3-a58a-31b56575258e"
            },
            "status": null,
            "top": "140",
            "left": "360",
            "stepType": "\/api\/3\/workflow_step_types\/74932bdc-b8b6-4d24-88c4-1a4dfbc524f3",
            "group": null,
            "uuid": "608bbda3-6135-4495-9582-f75c2f4db95e"
        },
        {
            "@type": "WorkflowStep",
            "name": "create playbook results",
            "description": null,
            "arguments": {
                "playbook_results": "{{vars.steps.run_custom_playbook.output}}"
            },
            "status": null,
            "top": "140",
            "left": "680",
            "stepType": "\/api\/3\/workflow_step_types\/04d0cf46-b6a8-42c4-8683-60a7eaa69e8f",
            "group": null,
            "uuid": "3d508a90-bf55-49a3-a5d7-25c104be4960"
        },
        {
            "@type": "WorkflowStep",
            "name": "run custom playbook",
            "description": null,
            "arguments": {
                "arguments": {
                    "target_id": "{{vars.target_record_id}}"
                },
                "apply_async": false,
                "step_variables": [],
                "pass_parent_env": false,
                "pass_input_record": false,
                "workflowReference": "{{vars.playbook_id}}"
            },
            "status": null,
            "top": "40",
            "left": "680",
            "stepType": "\/api\/3\/workflow_step_types\/74932bdc-b8b6-4d24-88c4-1a4dfbc524f3",
            "group": null,
            "uuid": "6dc2203d-23da-4800-a3c3-c2cf3df33b50"
        },
        {
            "@type": "WorkflowStep",
            "name": "setup env",
            "description": null,
            "arguments": {
                "context": "{{vars.input.params.context}}",
                "data_type": "{{vars.input.params['data_type']}}",
                "playbook_id": "{{vars.input.params['playbook_id']}}",
                "target_record_id": "{{vars.input.params['target_record_id']}}",
                "output_profile_fqid": "{{vars.input.params['output_profile_fqid']}}"
            },
            "status": null,
            "top": "40",
            "left": "360",
            "stepType": "\/api\/3\/workflow_step_types\/04d0cf46-b6a8-42c4-8683-60a7eaa69e8f",
            "group": null,
            "uuid": "43eb1916-c9a1-448c-b855-1466d87e2a86"
        },
        {
            "@type": "WorkflowStep",
            "name": "Start",
            "description": null,
            "arguments": {
                "__triggerLimit": true,
                "step_variables": {
                    "input": {
                        "params": []
                    }
                },
                "triggerOnSource": true,
                "triggerOnReplicate": false
            },
            "status": null,
            "top": "40",
            "left": "40",
            "stepType": "\/api\/3\/workflow_step_types\/b348f017-9a94-471f-87f8-ce88b6a7ad62",
            "group": null,
            "uuid": "d13e1289-48b7-4dab-ae98-db75056b745c"
        }
    ],
    "routes": [
        {
            "@type": "WorkflowRoute",
            "name": "create playbook results -> create output",
            "targetStep": "\/api\/3\/workflow_steps\/608bbda3-6135-4495-9582-f75c2f4db95e",
            "sourceStep": "\/api\/3\/workflow_steps\/3d508a90-bf55-49a3-a5d7-25c104be4960",
            "label": null,
            "isExecuted": false,
            "group": null,
            "uuid": "14006d09-ce28-491d-95bf-289fd4a50068"
        },
        {
            "@type": "WorkflowRoute",
            "name": "run playbook -> create playbook results",
            "targetStep": "\/api\/3\/workflow_steps\/3d508a90-bf55-49a3-a5d7-25c104be4960",
            "sourceStep": "\/api\/3\/workflow_steps\/6dc2203d-23da-4800-a3c3-c2cf3df33b50",
            "label": null,
            "isExecuted": false,
            "group": null,
            "uuid": "b5c5ba3a-3b50-4658-92df-23cbc68d3370"
        },
        {
            "@type": "WorkflowRoute",
            "name": "setup env -> run playbook",
            "targetStep": "\/api\/3\/workflow_steps\/6dc2203d-23da-4800-a3c3-c2cf3df33b50",
            "sourceStep": "\/api\/3\/workflow_steps\/43eb1916-c9a1-448c-b855-1466d87e2a86",
            "label": null,
            "isExecuted": false,
            "group": null,
            "uuid": "2d074320-9e9a-409e-bbf1-d223cd8c00db"
        },
        {
            "@type": "WorkflowRoute",
            "name": "Start -> setup env",
            "targetStep": "\/api\/3\/workflow_steps\/43eb1916-c9a1-448c-b855-1466d87e2a86",
            "sourceStep": "\/api\/3\/workflow_steps\/d13e1289-48b7-4dab-ae98-db75056b745c",
            "label": null,
            "isExecuted": false,
            "group": null,
            "uuid": "a2222d72-c8b5-4d8d-bd3c-6ac1124ae045"
        }
    ],
    "groups": [],
    "priority": "\/api\/3\/picklists\/2b563c61-ae2c-41c0-a85a-c9709585e3f2",
    "playbookOrigin": "\/api\/3\/picklists\/b6d710a9-a8ec-41ec-8817-fe9fa062fcdd",
    "isEditable": true,
    "uuid": "5a40fd15-d283-48fa-922a-55e6d7ad47f0",
    "owners": [],
    "isPrivate": false,
    "deletedAt": null,
    "recordTags": [
        "nmap_command",
        "Subroutine",
        "target_record_id"
    ]
}