{
    "@type": "Workflow",
    "triggerLimit": null,
    "name": "> netshot nmap - run command and create target output",
    "aliasName": null,
    "tag": null,
    "description": null,
    "isActive": false,
    "debug": false,
    "singleRecordExecution": false,
    "remoteExecutableFlag": false,
    "parameters": [
        "asset_ip",
        "target_record_id",
        "nmap_command",
        "output_profile_fqid"
    ],
    "synchronous": false,
    "collection": "\/api\/3\/workflow_collections\/47462724-61c5-401a-be3b-53b8154157f9",
    "versions": [],
    "triggerStep": "\/api\/3\/workflow_steps\/9d168c51-df62-46ac-9a5c-ceb0c37a437e",
    "steps": [
        {
            "@type": "WorkflowStep",
            "name": "create output",
            "description": null,
            "arguments": {
                "arguments": {
                    "context": "nmap {{vars.nmap_command}}",
                    "is_json": "True",
                    "raw_data": "{{vars.nmap_data|tojson}}",
                    "data_type": "json",
                    "timestamp": "",
                    "target_record_id": "{{vars.target_record_id}}",
                    "output_profile_fqid": "{{vars.output_profile_fqid}}"
                },
                "apply_async": false,
                "step_variables": [],
                "pass_parent_env": false,
                "pass_input_record": false,
                "workflowReference": "\/api\/3\/workflows\/335783b5-873d-47e3-a58a-31b56575258e"
            },
            "status": null,
            "top": "120",
            "left": "40",
            "stepType": "\/api\/3\/workflow_step_types\/74932bdc-b8b6-4d24-88c4-1a4dfbc524f3",
            "group": null,
            "uuid": "3010e3ab-9288-4711-a999-472e3b117ea1"
        },
        {
            "@type": "WorkflowStep",
            "name": "nmap_results",
            "description": null,
            "arguments": {
                "nmap_data": "{{vars.steps.nmap_scan.data['code_output']}}"
            },
            "status": null,
            "top": "120",
            "left": "360",
            "stepType": "\/api\/3\/workflow_step_types\/04d0cf46-b6a8-42c4-8683-60a7eaa69e8f",
            "group": null,
            "uuid": "1cb6a4a5-d655-4227-90f1-002adf221662"
        },
        {
            "@type": "WorkflowStep",
            "name": "nmap scan",
            "description": null,
            "arguments": {
                "config": "c9ed51c2-098a-4673-965c-18ba75e72773",
                "params": {
                    "python_function": "import json, nmap\r\n\r\ndef port_scan(params):\r\n    network = params.get('network')\r\n    args = params.get('args')\r\n    nm = nmap.PortScanner()\r\n    scan_output = nm.scan(hosts=network,arguments=args)\r\n    return json.loads(json.dumps(scan_output))\r\n  \r\nprint(port_scan({\r\n  \"network\":\"{{vars.asset_ip}}\/32\",\r\n  \"args\":\"{{vars.nmap_command}}\"\r\n}))"
                },
                "version": "2.1.3",
                "connector": "code-snippet",
                "operation": "python_inline_code_editor",
                "operationTitle": "Execute Python Code",
                "step_variables": []
            },
            "status": null,
            "top": "80",
            "left": "720",
            "stepType": "\/api\/3\/workflow_step_types\/1fdd14cc-d6b4-4335-a3af-ab49c8ed2fd8",
            "group": null,
            "uuid": "85ff9d76-917b-4bea-9d13-f412d6398813"
        },
        {
            "@type": "WorkflowStep",
            "name": "setup env",
            "description": null,
            "arguments": {
                "asset_ip": "{{vars.input.params['asset_ip']}}",
                "nmap_command": "{{vars.input.params['nmap_command']}}",
                "target_record_id": "{{vars.input.params['target_record_id']}}",
                "output_profile_fqid": "{{vars.input.params['output_profile_fqid']}}"
            },
            "status": null,
            "top": "40",
            "left": "360",
            "stepType": "\/api\/3\/workflow_step_types\/04d0cf46-b6a8-42c4-8683-60a7eaa69e8f",
            "group": null,
            "uuid": "22e5c9eb-2774-4e13-9a99-c7069a5d3b48"
        },
        {
            "@type": "WorkflowStep",
            "name": "Start",
            "description": null,
            "arguments": {
                "__triggerLimit": true,
                "step_variables": {
                    "input": {
                        "params": []
                    }
                },
                "triggerOnSource": true,
                "triggerOnReplicate": false
            },
            "status": null,
            "top": "40",
            "left": "40",
            "stepType": "\/api\/3\/workflow_step_types\/b348f017-9a94-471f-87f8-ce88b6a7ad62",
            "group": null,
            "uuid": "9d168c51-df62-46ac-9a5c-ceb0c37a437e"
        }
    ],
    "routes": [
        {
            "@type": "WorkflowRoute",
            "name": "nmap_results -> create output",
            "targetStep": "\/api\/3\/workflow_steps\/3010e3ab-9288-4711-a999-472e3b117ea1",
            "sourceStep": "\/api\/3\/workflow_steps\/1cb6a4a5-d655-4227-90f1-002adf221662",
            "label": null,
            "isExecuted": false,
            "group": null,
            "uuid": "488d6f33-cd32-46f9-b9e2-5cd7a61ceb7d"
        },
        {
            "@type": "WorkflowRoute",
            "name": "nmap scan -> nmap_results",
            "targetStep": "\/api\/3\/workflow_steps\/1cb6a4a5-d655-4227-90f1-002adf221662",
            "sourceStep": "\/api\/3\/workflow_steps\/85ff9d76-917b-4bea-9d13-f412d6398813",
            "label": null,
            "isExecuted": false,
            "group": null,
            "uuid": "2e8100d6-64c0-43d5-972d-deafddcf7095"
        },
        {
            "@type": "WorkflowRoute",
            "name": "setup env -> nmap scan",
            "targetStep": "\/api\/3\/workflow_steps\/85ff9d76-917b-4bea-9d13-f412d6398813",
            "sourceStep": "\/api\/3\/workflow_steps\/22e5c9eb-2774-4e13-9a99-c7069a5d3b48",
            "label": null,
            "isExecuted": false,
            "group": null,
            "uuid": "bb210ed1-9796-4b68-88d7-3a3d67e4b666"
        },
        {
            "@type": "WorkflowRoute",
            "name": "Start -> setup env",
            "targetStep": "\/api\/3\/workflow_steps\/22e5c9eb-2774-4e13-9a99-c7069a5d3b48",
            "sourceStep": "\/api\/3\/workflow_steps\/9d168c51-df62-46ac-9a5c-ceb0c37a437e",
            "label": null,
            "isExecuted": false,
            "group": null,
            "uuid": "e95dc7e0-27d8-4f1f-8f0c-47d74a2c44ed"
        }
    ],
    "groups": [],
    "priority": "\/api\/3\/picklists\/2b563c61-ae2c-41c0-a85a-c9709585e3f2",
    "playbookOrigin": "\/api\/3\/picklists\/b6d710a9-a8ec-41ec-8817-fe9fa062fcdd",
    "isEditable": true,
    "uuid": "c727219e-bdf7-4930-ba3b-9abc2abef6f7",
    "owners": [],
    "isPrivate": false,
    "deletedAt": null,
    "recordTags": [
        "asset_ip",
        "nmap_command",
        "Subroutine",
        "target_record_id"
    ]
}