{
    "@type": "Workflow",
    "triggerLimit": null,
    "name": "> netshot ssh - run commands and return results",
    "aliasName": null,
    "tag": null,
    "description": "Run SSH commands on a device and return the results.",
    "isActive": true,
    "debug": false,
    "singleRecordExecution": false,
    "remoteExecutableFlag": false,
    "parameters": [
        "asset_ip",
        "asset_user",
        "asset_password",
        "commands"
    ],
    "synchronous": false,
    "collection": "\/api\/3\/workflow_collections\/47462724-61c5-401a-be3b-53b8154157f9",
    "versions": [],
    "triggerStep": "\/api\/3\/workflow_steps\/a6a34cce-ae4b-463c-84f2-7ad0ff115d13",
    "steps": [
        {
            "@type": "WorkflowStep",
            "name": "get ssh config",
            "description": null,
            "arguments": {
                "arguments": {
                    "host": "{{vars.asset_ip}}",
                    "password": "{{vars.asset_password}}",
                    "username": "{{vars.asset_user}}"
                },
                "apply_async": false,
                "step_variables": [],
                "pass_parent_env": false,
                "pass_input_record": false,
                "workflowReference": "\/api\/3\/workflows\/a42e3424-3bf9-4ef6-8dca-d1d5c84fb7c7"
            },
            "status": null,
            "top": "140",
            "left": "360",
            "stepType": "\/api\/3\/workflow_step_types\/74932bdc-b8b6-4d24-88c4-1a4dfbc524f3",
            "group": null,
            "uuid": "83aded56-6407-43a8-887d-f37ae32e87a0"
        },
        {
            "@type": "WorkflowStep",
            "name": "return",
            "description": null,
            "arguments": {
                "output": "{%- set i = namespace(x=0) -%}\n{%- set table = [] -%}\n{%- for d in vars.steps.ssh_commands -%}\n  {%- set idx = {} -%}\n  {%- set _do = idx.update({\n   \"data\": d.data.replace('\\r',''),\n   \"cmd\": vars.command_list[i.x] \n  }) -%}\n  {%- set _do = table.append(idx)  -%}\n  {% set i.x = i.x+1 -%}\n{%- endfor -%}\n{{table}}"
            },
            "status": null,
            "top": "120",
            "left": "40",
            "stepType": "\/api\/3\/workflow_step_types\/04d0cf46-b6a8-42c4-8683-60a7eaa69e8f",
            "group": null,
            "uuid": "c184fd7d-0431-405a-bfcc-08388fd89825"
        },
        {
            "@type": "WorkflowStep",
            "name": "setup env",
            "description": null,
            "arguments": {
                "asset_ip": "{{vars.input.params['asset_ip']}}",
                "asset_user": "{{vars.input.params['asset_user']|default('admin')}}",
                "command_list": "{{vars.input.params['commands'].replace('\\n', ',').split(\",\")}}",
                "asset_password": "{{vars.input.params['asset_password']|default('fortinet')}}",
                "target_record_id": "{{vars.input.params['target_record_id']}}",
                "output_profile_fqid": "{{vars.input.params['output_profile_fqid']}}"
            },
            "status": null,
            "top": "40",
            "left": "360",
            "stepType": "\/api\/3\/workflow_step_types\/04d0cf46-b6a8-42c4-8683-60a7eaa69e8f",
            "group": null,
            "uuid": "c231f83b-d483-4b71-a6fb-67b9630adcfa"
        },
        {
            "@type": "WorkflowStep",
            "name": "ssh commands",
            "description": null,
            "arguments": {
                "name": "SSH",
                "config": "{{vars.steps.get_ssh_config.output}}",
                "params": {
                    "cmd": "{{vars.item}}",
                    "allowed_exit": "-1,0",
                    "is_super_user": false
                },
                "version": "2.1.2",
                "for_each": {
                    "item": "{{vars.command_list}}",
                    "parallel": false,
                    "condition": ""
                },
                "connector": "ssh",
                "operation": "run_remote_command",
                "operationTitle": "Execute remote command",
                "pickFromTenant": false,
                "step_variables": []
            },
            "status": null,
            "top": "240",
            "left": "360",
            "stepType": "\/api\/3\/workflow_step_types\/0bfed618-0316-11e7-93ae-92361f002671",
            "group": null,
            "uuid": "b1b3bd9a-6bfa-4855-abfe-3eb991f8d8a5"
        },
        {
            "@type": "WorkflowStep",
            "name": "Start",
            "description": null,
            "arguments": {
                "__triggerLimit": true,
                "step_variables": {
                    "input": {
                        "params": []
                    }
                },
                "triggerOnSource": true,
                "triggerOnReplicate": false
            },
            "status": null,
            "top": "40",
            "left": "40",
            "stepType": "\/api\/3\/workflow_step_types\/b348f017-9a94-471f-87f8-ce88b6a7ad62",
            "group": null,
            "uuid": "a6a34cce-ae4b-463c-84f2-7ad0ff115d13"
        }
    ],
    "routes": [
        {
            "@type": "WorkflowRoute",
            "name": "get ssh config -> ssh commands",
            "targetStep": "\/api\/3\/workflow_steps\/b1b3bd9a-6bfa-4855-abfe-3eb991f8d8a5",
            "sourceStep": "\/api\/3\/workflow_steps\/83aded56-6407-43a8-887d-f37ae32e87a0",
            "label": null,
            "isExecuted": false,
            "group": null,
            "uuid": "2656e9d0-1b0b-464e-a632-148d3db842dc"
        },
        {
            "@type": "WorkflowRoute",
            "name": "setup env -> get ssh config",
            "targetStep": "\/api\/3\/workflow_steps\/83aded56-6407-43a8-887d-f37ae32e87a0",
            "sourceStep": "\/api\/3\/workflow_steps\/c231f83b-d483-4b71-a6fb-67b9630adcfa",
            "label": null,
            "isExecuted": false,
            "group": null,
            "uuid": "10d42459-f140-4afc-aa0e-27b0a29ddc9d"
        },
        {
            "@type": "WorkflowRoute",
            "name": "ssh commands -> return",
            "targetStep": "\/api\/3\/workflow_steps\/c184fd7d-0431-405a-bfcc-08388fd89825",
            "sourceStep": "\/api\/3\/workflow_steps\/b1b3bd9a-6bfa-4855-abfe-3eb991f8d8a5",
            "label": null,
            "isExecuted": false,
            "group": null,
            "uuid": "167f64a6-e7ef-45cf-b5b2-b57220eb202d"
        },
        {
            "@type": "WorkflowRoute",
            "name": "Start -> setup env",
            "targetStep": "\/api\/3\/workflow_steps\/c231f83b-d483-4b71-a6fb-67b9630adcfa",
            "sourceStep": "\/api\/3\/workflow_steps\/a6a34cce-ae4b-463c-84f2-7ad0ff115d13",
            "label": null,
            "isExecuted": false,
            "group": null,
            "uuid": "219317ed-21e0-4163-a312-77bc5c195171"
        }
    ],
    "groups": [],
    "priority": "\/api\/3\/picklists\/2b563c61-ae2c-41c0-a85a-c9709585e3f2",
    "playbookOrigin": "\/api\/3\/picklists\/b6d710a9-a8ec-41ec-8817-fe9fa062fcdd",
    "isEditable": true,
    "uuid": "42fa0d71-6934-4b06-8adb-c6f2b370fdae",
    "owners": [],
    "isPrivate": false,
    "deletedAt": null,
    "recordTags": [
        "asset_ip",
        "asset_password",
        "asset_user",
        "commands",
        "Subroutine"
    ]
}