{
    "@type": "Workflow",
    "triggerLimit": null,
    "name": "> netshot target - link profiles from domain and same group",
    "aliasName": null,
    "tag": null,
    "description": "Find profile records attached to the domain and link them to the target if they match the same group.",
    "isActive": true,
    "debug": false,
    "singleRecordExecution": false,
    "remoteExecutableFlag": false,
    "parameters": [
        "target_record_id"
    ],
    "synchronous": false,
    "collection": "\/api\/3\/workflow_collections\/47462724-61c5-401a-be3b-53b8154157f9",
    "versions": [],
    "triggerStep": "\/api\/3\/workflow_steps\/004dbd02-daee-4550-811d-3793864e2980",
    "steps": [
        {
            "@type": "WorkflowStep",
            "name": "create output profile data",
            "description": null,
            "arguments": {
                "output_profile_id_list": "{{ vars.steps.find_output_profiles_in_domain | json_query('[].id') }}",
                "output_profile_fqid_list": "{{ vars.steps.find_output_profiles_in_domain | json_query('[].\"@id\"') }}"
            },
            "status": null,
            "top": "360",
            "left": "660",
            "stepType": "\/api\/3\/workflow_step_types\/04d0cf46-b6a8-42c4-8683-60a7eaa69e8f",
            "group": null,
            "uuid": "c718ec6b-78c6-4da7-b7f6-f5f0804bc597"
        },
        {
            "@type": "WorkflowStep",
            "name": "create report profile data",
            "description": null,
            "arguments": {
                "report_profile_fqid_list": "{{ vars.steps.find_report_profiles | json_query('[].\"@id\"') }}"
            },
            "status": null,
            "top": "520",
            "left": "660",
            "stepType": "\/api\/3\/workflow_step_types\/04d0cf46-b6a8-42c4-8683-60a7eaa69e8f",
            "group": null,
            "uuid": "0ba3a552-9196-4bb7-b79c-48b92b90781b"
        },
        {
            "@type": "WorkflowStep",
            "name": "create target data",
            "description": null,
            "arguments": {
                "target_group_ids": "{{vars.steps.find_target[0].netshotOutputGroups|json_query('[].id')}}"
            },
            "status": null,
            "top": "120",
            "left": "660",
            "stepType": "\/api\/3\/workflow_step_types\/04d0cf46-b6a8-42c4-8683-60a7eaa69e8f",
            "group": null,
            "uuid": "1f1018cd-dd4c-4311-9024-6bb4a1013575"
        },
        {
            "@type": "WorkflowStep",
            "name": "find domain profile",
            "description": null,
            "arguments": {
                "query": {
                    "sort": [],
                    "limit": 30,
                    "logic": "AND",
                    "filters": [
                        {
                            "type": "primitive",
                            "field": "id",
                            "value": "{{vars.steps.find_target[0].netshotDomains.id}}",
                            "operator": "eq",
                            "_operator": "eq"
                        }
                    ],
                    "__selectFields": [
                        "id",
                        "name"
                    ]
                },
                "module": "netshot_domains?$limit=1",
                "checkboxFields": true,
                "step_variables": []
            },
            "status": null,
            "top": "200",
            "left": "660",
            "stepType": "\/api\/3\/workflow_step_types\/b593663d-7d13-40ce-a3a3-96dece928770",
            "group": null,
            "uuid": "a7e984fc-8190-46aa-a8a1-40c2b775c1b4"
        },
        {
            "@type": "WorkflowStep",
            "name": "find output profiles in domain",
            "description": null,
            "arguments": {
                "query": {
                    "sort": [],
                    "limit": 30,
                    "logic": "AND",
                    "filters": [
                        {
                            "type": "primitive",
                            "field": "netshotDomains.id",
                            "value": "{{vars.steps.find_domain_profile[0].id}}",
                            "operator": "eq",
                            "_operator": "eq"
                        },
                        {
                            "type": "primitive",
                            "field": "netshotOutputGroups.id.uuid",
                            "value": "{{vars.target_group_ids}}",
                            "operator": "in",
                            "_operator": "in"
                        }
                    ],
                    "__selectFields": [
                        "id",
                        "netshotOutputGroups",
                        "name"
                    ]
                },
                "module": "netshot_target_output_profiles?$limit=5000&$relationships=true&$fsr_max_relation_count=5000",
                "checkboxFields": true,
                "step_variables": {
                    "find_output_profile_data": "{{vars.steps.find_output_profiles_in_domain}}"
                }
            },
            "status": null,
            "top": "280",
            "left": "660",
            "stepType": "\/api\/3\/workflow_step_types\/b593663d-7d13-40ce-a3a3-96dece928770",
            "group": null,
            "uuid": "9a3785da-9f6c-4538-82bd-f3436c7cdd4d"
        },
        {
            "@type": "WorkflowStep",
            "name": "find report profiles",
            "description": null,
            "arguments": {
                "query": {
                    "sort": [],
                    "limit": 30,
                    "logic": "AND",
                    "filters": [
                        {
                            "type": "primitive",
                            "field": "netshotDomains.id",
                            "value": "{{vars.steps.find_domain_profile[0].id}}",
                            "operator": "eq",
                            "_operator": "eq"
                        },
                        {
                            "type": "primitive",
                            "field": "netshotOutputGroups.id.uuid",
                            "value": "{{vars.target_group_ids}}",
                            "operator": "in",
                            "_operator": "in"
                        }
                    ],
                    "__selectFields": [
                        "id",
                        "name"
                    ]
                },
                "module": "netshot_output_report_profiles?$limit=5000",
                "checkboxFields": true,
                "step_variables": []
            },
            "status": null,
            "top": "440",
            "left": "660",
            "stepType": "\/api\/3\/workflow_step_types\/b593663d-7d13-40ce-a3a3-96dece928770",
            "group": null,
            "uuid": "32a0aca7-b842-4e79-94b4-97d4b5bd9277"
        },
        {
            "@type": "WorkflowStep",
            "name": "find target",
            "description": null,
            "arguments": {
                "query": {
                    "sort": [],
                    "limit": 30,
                    "logic": "AND",
                    "filters": [
                        {
                            "type": "primitive",
                            "field": "id",
                            "value": "{{vars.target_record_id}}",
                            "operator": "eq",
                            "_operator": "eq"
                        }
                    ],
                    "__selectFields": [
                        "netshotDomains",
                        "id",
                        "netshotOutputGroups"
                    ]
                },
                "module": "netshot_targets?$limit=1&$relationships=true&$fsr_max_relation_count=1000",
                "checkboxFields": true,
                "step_variables": []
            },
            "status": null,
            "top": "40",
            "left": "660",
            "stepType": "\/api\/3\/workflow_step_types\/b593663d-7d13-40ce-a3a3-96dece928770",
            "group": null,
            "uuid": "ff799994-7843-457d-9935-df05925ffdb1"
        },
        {
            "@type": "WorkflowStep",
            "name": "return",
            "description": null,
            "arguments": {
                "output": "{{vars.steps.update_target_links}}"
            },
            "status": null,
            "top": "220",
            "left": "40",
            "stepType": "\/api\/3\/workflow_step_types\/04d0cf46-b6a8-42c4-8683-60a7eaa69e8f",
            "group": null,
            "uuid": "be28f0eb-fdd6-4c25-a4da-31fc419a3df8"
        },
        {
            "@type": "WorkflowStep",
            "name": "setup env",
            "description": null,
            "arguments": {
                "empty_data": "''",
                "empty_list": "[]",
                "target_record_id": "{{vars.input.params['target_record_id']}}"
            },
            "status": null,
            "top": "40",
            "left": "340",
            "stepType": "\/api\/3\/workflow_step_types\/04d0cf46-b6a8-42c4-8683-60a7eaa69e8f",
            "group": null,
            "uuid": "908fdecc-cf8d-49dc-9b2f-c0bdbcbc0d3f"
        },
        {
            "@type": "WorkflowStep",
            "name": "Start",
            "description": null,
            "arguments": {
                "__triggerLimit": true,
                "step_variables": {
                    "input": {
                        "params": []
                    }
                },
                "triggerOnSource": true,
                "triggerOnReplicate": false
            },
            "status": null,
            "top": "40",
            "left": "40",
            "stepType": "\/api\/3\/workflow_step_types\/b348f017-9a94-471f-87f8-ce88b6a7ad62",
            "group": null,
            "uuid": "004dbd02-daee-4550-811d-3793864e2980"
        },
        {
            "@type": "WorkflowStep",
            "name": "update target links",
            "description": null,
            "arguments": {
                "resource": {
                    "__link": {
                        "netshotOutputReportProfiles": "{{vars.report_profile_fqid_list}}",
                        "netshotTargetOutputProfiles": "{{vars.output_profile_fqid_list}}"
                    }
                },
                "operation": "Append",
                "collection": "{{vars.steps.find_target[0]['@id']}}",
                "__recommend": [],
                "collectionType": "\/api\/3\/netshot_targets",
                "fieldOperation": {
                    "recordTags": "Append"
                },
                "step_variables": []
            },
            "status": null,
            "top": "120",
            "left": "340",
            "stepType": "\/api\/3\/workflow_step_types\/b593663d-7d13-40ce-a3a3-96dece928722",
            "group": null,
            "uuid": "8ad28356-2a8a-44c3-9b6c-f5dbae34c04f"
        },
        {
            "@type": "WorkflowStep",
            "name": "update target stats",
            "description": null,
            "arguments": {
                "arguments": {
                    "target_record_id": "{{vars.input.params['target_record_id']}}"
                },
                "apply_async": false,
                "step_variables": [],
                "pass_parent_env": false,
                "pass_input_record": false,
                "workflowReference": "\/api\/3\/workflows\/c35569ed-7415-499e-85c0-e65010facbc6"
            },
            "status": null,
            "top": "120",
            "left": "40",
            "stepType": "\/api\/3\/workflow_step_types\/74932bdc-b8b6-4d24-88c4-1a4dfbc524f3",
            "group": null,
            "uuid": "388ca8dd-9e20-4002-95e5-1bb22619e937"
        }
    ],
    "routes": [
        {
            "@type": "WorkflowRoute",
            "name": "create output profile data -> find report profiles",
            "targetStep": "\/api\/3\/workflow_steps\/32a0aca7-b842-4e79-94b4-97d4b5bd9277",
            "sourceStep": "\/api\/3\/workflow_steps\/c718ec6b-78c6-4da7-b7f6-f5f0804bc597",
            "label": null,
            "isExecuted": false,
            "group": null,
            "uuid": "b0f89049-b8fa-467b-a0aa-1b626d572baf"
        },
        {
            "@type": "WorkflowRoute",
            "name": "create report profile data -> update target links",
            "targetStep": "\/api\/3\/workflow_steps\/8ad28356-2a8a-44c3-9b6c-f5dbae34c04f",
            "sourceStep": "\/api\/3\/workflow_steps\/0ba3a552-9196-4bb7-b79c-48b92b90781b",
            "label": null,
            "isExecuted": false,
            "group": null,
            "uuid": "c90793a2-eb7e-4a7e-af0a-338bfdcda90b"
        },
        {
            "@type": "WorkflowRoute",
            "name": "create target data -> find domain profile",
            "targetStep": "\/api\/3\/workflow_steps\/a7e984fc-8190-46aa-a8a1-40c2b775c1b4",
            "sourceStep": "\/api\/3\/workflow_steps\/1f1018cd-dd4c-4311-9024-6bb4a1013575",
            "label": null,
            "isExecuted": false,
            "group": null,
            "uuid": "9593a369-9a76-4789-a325-9a51039420da"
        },
        {
            "@type": "WorkflowRoute",
            "name": "find domain profile -> find output profiles",
            "targetStep": "\/api\/3\/workflow_steps\/9a3785da-9f6c-4538-82bd-f3436c7cdd4d",
            "sourceStep": "\/api\/3\/workflow_steps\/a7e984fc-8190-46aa-a8a1-40c2b775c1b4",
            "label": null,
            "isExecuted": false,
            "group": null,
            "uuid": "db59aaad-8669-4080-b5e7-52f63fbbf7d6"
        },
        {
            "@type": "WorkflowRoute",
            "name": "find output profiles in domain -> create output profile data",
            "targetStep": "\/api\/3\/workflow_steps\/c718ec6b-78c6-4da7-b7f6-f5f0804bc597",
            "sourceStep": "\/api\/3\/workflow_steps\/9a3785da-9f6c-4538-82bd-f3436c7cdd4d",
            "label": null,
            "isExecuted": false,
            "group": null,
            "uuid": "cd083712-9a34-4f46-ae10-0323fe93809a"
        },
        {
            "@type": "WorkflowRoute",
            "name": "find report profiles -> Copy of create output profile data",
            "targetStep": "\/api\/3\/workflow_steps\/0ba3a552-9196-4bb7-b79c-48b92b90781b",
            "sourceStep": "\/api\/3\/workflow_steps\/32a0aca7-b842-4e79-94b4-97d4b5bd9277",
            "label": null,
            "isExecuted": false,
            "group": null,
            "uuid": "2ec89d0f-ae3d-4288-b5c0-6c9ccf308f7c"
        },
        {
            "@type": "WorkflowRoute",
            "name": "find target -> create target data",
            "targetStep": "\/api\/3\/workflow_steps\/1f1018cd-dd4c-4311-9024-6bb4a1013575",
            "sourceStep": "\/api\/3\/workflow_steps\/ff799994-7843-457d-9935-df05925ffdb1",
            "label": null,
            "isExecuted": false,
            "group": null,
            "uuid": "55ccc3e3-1bd2-49db-b374-cd61ae03546d"
        },
        {
            "@type": "WorkflowRoute",
            "name": "setup env -> find target",
            "targetStep": "\/api\/3\/workflow_steps\/ff799994-7843-457d-9935-df05925ffdb1",
            "sourceStep": "\/api\/3\/workflow_steps\/908fdecc-cf8d-49dc-9b2f-c0bdbcbc0d3f",
            "label": null,
            "isExecuted": false,
            "group": null,
            "uuid": "57426e10-50ba-416f-9441-0295f62f6b01"
        },
        {
            "@type": "WorkflowRoute",
            "name": "Start -> setup env",
            "targetStep": "\/api\/3\/workflow_steps\/908fdecc-cf8d-49dc-9b2f-c0bdbcbc0d3f",
            "sourceStep": "\/api\/3\/workflow_steps\/004dbd02-daee-4550-811d-3793864e2980",
            "label": null,
            "isExecuted": false,
            "group": null,
            "uuid": "702be12c-6b83-4b98-bbc0-b2aa1ca741bc"
        },
        {
            "@type": "WorkflowRoute",
            "name": "update target links -> update target stats",
            "targetStep": "\/api\/3\/workflow_steps\/388ca8dd-9e20-4002-95e5-1bb22619e937",
            "sourceStep": "\/api\/3\/workflow_steps\/8ad28356-2a8a-44c3-9b6c-f5dbae34c04f",
            "label": null,
            "isExecuted": false,
            "group": null,
            "uuid": "de8a2f51-f89e-46b0-9701-b42ac3cd8178"
        },
        {
            "@type": "WorkflowRoute",
            "name": "update target stats -> return",
            "targetStep": "\/api\/3\/workflow_steps\/be28f0eb-fdd6-4c25-a4da-31fc419a3df8",
            "sourceStep": "\/api\/3\/workflow_steps\/388ca8dd-9e20-4002-95e5-1bb22619e937",
            "label": null,
            "isExecuted": false,
            "group": null,
            "uuid": "81fbb045-dc79-486a-ba9b-c292447ce3da"
        }
    ],
    "groups": [],
    "priority": "\/api\/3\/picklists\/2b563c61-ae2c-41c0-a85a-c9709585e3f2",
    "playbookOrigin": "\/api\/3\/picklists\/b6d710a9-a8ec-41ec-8817-fe9fa062fcdd",
    "isEditable": true,
    "uuid": "312c9af0-5333-46d4-b4c6-d23e7ef79155",
    "owners": [],
    "isPrivate": false,
    "deletedAt": null,
    "recordTags": [
        "target_record_id"
    ]
}