{
    "@type": "Workflow",
    "triggerLimit": null,
    "name": "> netshot ssh - create target output request",
    "aliasName": null,
    "tag": null,
    "description": "Create Output record to trigger the action.",
    "isActive": false,
    "debug": false,
    "singleRecordExecution": false,
    "remoteExecutableFlag": false,
    "parameters": [
        "asset_ip",
        "asset_user",
        "asset_password",
        "commands",
        "target_record_id",
        "output_profile_fqid"
    ],
    "synchronous": false,
    "collection": "\/api\/3\/workflow_collections\/47462724-61c5-401a-be3b-53b8154157f9",
    "versions": [],
    "triggerStep": "\/api\/3\/workflow_steps\/58ce420a-5a98-4878-8461-32d00503cf2b",
    "steps": [
        {
            "@type": "WorkflowStep",
            "name": "get ssh config",
            "description": null,
            "arguments": {
                "arguments": {
                    "host": "{{vars.asset_ip}}",
                    "password": "{{vars.asset_password}}",
                    "username": "{{vars.asset_user}}"
                },
                "apply_async": false,
                "step_variables": [],
                "pass_parent_env": false,
                "pass_input_record": false,
                "workflowReference": "\/api\/3\/workflows\/a42e3424-3bf9-4ef6-8dca-d1d5c84fb7c7"
            },
            "status": null,
            "top": "140",
            "left": "360",
            "stepType": "\/api\/3\/workflow_step_types\/74932bdc-b8b6-4d24-88c4-1a4dfbc524f3",
            "group": null,
            "uuid": "f0628b5b-0418-4b79-a41c-ae704bfc322c"
        },
        {
            "@type": "WorkflowStep",
            "name": "setup env",
            "description": null,
            "arguments": {
                "asset_ip": "{{vars.input.params['asset_ip']}}",
                "asset_user": "{{vars.input.params['asset_user']|default('admin')}}",
                "command_list": "{{vars.input.params['commands'].replace('\\n', ',').split(\",\")}}",
                "asset_password": "{{vars.input.params['asset_password']|default('fortinet')}}",
                "target_record_id": "{{vars.input.params['target_record_id']}}",
                "output_profile_fqid": "{{vars.input.params['output_profile_fqid']}}"
            },
            "status": null,
            "top": "40",
            "left": "360",
            "stepType": "\/api\/3\/workflow_step_types\/04d0cf46-b6a8-42c4-8683-60a7eaa69e8f",
            "group": null,
            "uuid": "8fb0251b-15b1-49bc-9fb6-2097cc35fccd"
        },
        {
            "@type": "WorkflowStep",
            "name": "ssh commands",
            "description": null,
            "arguments": {
                "name": "SSH",
                "config": "{{vars.steps.get_ssh_config.output}}",
                "params": {
                    "cmd": "{{vars.item}}",
                    "allowed_exit": "-1,0",
                    "is_super_user": false
                },
                "version": "2.1.2",
                "for_each": {
                    "item": "{{vars.command_list}}",
                    "parallel": false,
                    "condition": ""
                },
                "connector": "ssh",
                "operation": "run_remote_command",
                "operationTitle": "Execute remote command",
                "pickFromTenant": false,
                "step_variables": []
            },
            "status": null,
            "top": "240",
            "left": "360",
            "stepType": "\/api\/3\/workflow_step_types\/0bfed618-0316-11e7-93ae-92361f002671",
            "group": null,
            "uuid": "24d77cc8-80a2-4c45-99cb-2d2133fcb37e"
        },
        {
            "@type": "WorkflowStep",
            "name": "ssh_return",
            "description": null,
            "arguments": {
                "ssh_output": "{%- set i = namespace(x=0) -%}\n{%- set table = [] -%}\n{%- for d in vars.steps.ssh_commands -%}\n  {%- set idx = {} -%}\n  {%- set _do = idx.update({\n   \"data\": d.data.replace('\\r',''),\n   \"cmd\": vars.command_list[i.x] \n  }) -%}\n  {%- set _do = table.append(idx)  -%}\n  {% set i.x = i.x+1 -%}\n{%- endfor -%}\n{{table}}"
            },
            "status": null,
            "top": "120",
            "left": "40",
            "stepType": "\/api\/3\/workflow_step_types\/04d0cf46-b6a8-42c4-8683-60a7eaa69e8f",
            "group": null,
            "uuid": "d357dcb5-cf72-4da3-9dae-80790ac1d55f"
        },
        {
            "@type": "WorkflowStep",
            "name": "Start",
            "description": null,
            "arguments": {
                "__triggerLimit": true,
                "step_variables": {
                    "input": {
                        "params": []
                    }
                },
                "triggerOnSource": true,
                "triggerOnReplicate": false
            },
            "status": null,
            "top": "40",
            "left": "40",
            "stepType": "\/api\/3\/workflow_step_types\/b348f017-9a94-471f-87f8-ce88b6a7ad62",
            "group": null,
            "uuid": "58ce420a-5a98-4878-8461-32d00503cf2b"
        }
    ],
    "routes": [
        {
            "@type": "WorkflowRoute",
            "name": "get ssh config -> ssh commands",
            "targetStep": "\/api\/3\/workflow_steps\/24d77cc8-80a2-4c45-99cb-2d2133fcb37e",
            "sourceStep": "\/api\/3\/workflow_steps\/f0628b5b-0418-4b79-a41c-ae704bfc322c",
            "label": null,
            "isExecuted": false,
            "group": null,
            "uuid": "aa40ed73-b172-419e-b4eb-f657e08e54b9"
        },
        {
            "@type": "WorkflowRoute",
            "name": "setup env -> get ssh config",
            "targetStep": "\/api\/3\/workflow_steps\/f0628b5b-0418-4b79-a41c-ae704bfc322c",
            "sourceStep": "\/api\/3\/workflow_steps\/8fb0251b-15b1-49bc-9fb6-2097cc35fccd",
            "label": null,
            "isExecuted": false,
            "group": null,
            "uuid": "c865cf0a-0863-4837-aeb9-068a97532071"
        },
        {
            "@type": "WorkflowRoute",
            "name": "ssh commands -> return",
            "targetStep": "\/api\/3\/workflow_steps\/d357dcb5-cf72-4da3-9dae-80790ac1d55f",
            "sourceStep": "\/api\/3\/workflow_steps\/24d77cc8-80a2-4c45-99cb-2d2133fcb37e",
            "label": null,
            "isExecuted": false,
            "group": null,
            "uuid": "2735e068-9188-4b50-b03f-fca03b9214ee"
        },
        {
            "@type": "WorkflowRoute",
            "name": "Start -> setup env",
            "targetStep": "\/api\/3\/workflow_steps\/8fb0251b-15b1-49bc-9fb6-2097cc35fccd",
            "sourceStep": "\/api\/3\/workflow_steps\/58ce420a-5a98-4878-8461-32d00503cf2b",
            "label": null,
            "isExecuted": false,
            "group": null,
            "uuid": "026353f6-78e9-46ea-9954-d7707ef8eea5"
        }
    ],
    "groups": [],
    "priority": "\/api\/3\/picklists\/2b563c61-ae2c-41c0-a85a-c9709585e3f2",
    "playbookOrigin": "\/api\/3\/picklists\/b6d710a9-a8ec-41ec-8817-fe9fa062fcdd",
    "isEditable": true,
    "uuid": "8e902c85-a4c6-4b29-b1ed-571492446774",
    "owners": [],
    "isPrivate": false,
    "deletedAt": null,
    "recordTags": [
        "asset_ip",
        "asset_password",
        "asset_user",
        "commands",
        "Subroutine",
        "target_record_id:"
    ]
}