{
    "@type": "Workflow",
    "triggerLimit": null,
    "name": "> netshot ssh - create connector config",
    "aliasName": null,
    "tag": null,
    "description": "Find connector and update configuration",
    "isActive": true,
    "debug": false,
    "singleRecordExecution": false,
    "remoteExecutableFlag": false,
    "parameters": [
        "host",
        "username",
        "password"
    ],
    "synchronous": false,
    "collection": "\/api\/3\/workflow_collections\/47462724-61c5-401a-be3b-53b8154157f9",
    "versions": [],
    "triggerStep": "\/api\/3\/workflow_steps\/08b1a894-8ad7-41ed-b4f0-c7436332379c",
    "steps": [
        {
            "@type": "WorkflowStep",
            "name": "Configuration Exists",
            "description": null,
            "arguments": {
                "conditions": [
                    {
                        "option": "Create",
                        "default": true,
                        "step_iri": "\/api\/3\/workflow_steps\/18aa26ac-671e-4183-9499-8da5797d659a",
                        "step_name": "connector config payload"
                    },
                    {
                        "option": "Exits",
                        "step_iri": "\/api\/3\/workflow_steps\/6e6a8043-9a5e-4502-af0c-a156325e1b4d",
                        "condition": "{{ vars.config_name in vars.connector_config_names }}",
                        "step_name": "return"
                    }
                ],
                "step_variables": []
            },
            "status": null,
            "top": "180",
            "left": "360",
            "stepType": "\/api\/3\/workflow_step_types\/12254cf5-5db7-4b1a-8cb1-3af081924b28",
            "group": null,
            "uuid": "c04d82f2-fe16-4f4a-883e-98bcd489d01c"
        },
        {
            "@type": "WorkflowStep",
            "name": "connector config payload",
            "description": null,
            "arguments": {
                "connector_config_payload": "{\n\"connector\": \"{{vars.connector_id}}\",\n\"name\": \"{{vars.config_name}}\",\n\"default\": false,\n  \"config\": {\n    \"host\": \"{{vars.host}}\",\n    \"port\": \"22\",\n    \"timeout\": 10,\n    \"username\": \"{{vars.username}}\",\n    \"password\": \"{{vars.password}}\",\n    \"private_key\": \"\"\n  }\n}"
            },
            "status": null,
            "top": "260",
            "left": "560",
            "stepType": "\/api\/3\/workflow_step_types\/04d0cf46-b6a8-42c4-8683-60a7eaa69e8f",
            "group": null,
            "uuid": "18aa26ac-671e-4183-9499-8da5797d659a"
        },
        {
            "@type": "WorkflowStep",
            "name": "create_connector_config",
            "description": null,
            "arguments": {
                "params": {
                    "iri": "\/api\/integration\/configuration\/",
                    "body": "{{vars.connector_config_payload}}",
                    "method": "POST"
                },
                "version": "3.3.0",
                "connector": "cyops_utilities",
                "operation": "make_cyops_request",
                "operationTitle": "FSR: Make FortiSOAR API Call",
                "step_variables": []
            },
            "status": null,
            "top": "260",
            "left": "40",
            "stepType": "\/api\/3\/workflow_step_types\/0109f35d-090b-4a2b-bd8a-94cbc3508562",
            "group": null,
            "uuid": "3468ab25-8d75-4679-942b-e2965e3e44c0"
        },
        {
            "@type": "WorkflowStep",
            "name": "extract connector details",
            "description": null,
            "arguments": {
                "connector_id": "{{vars.steps.get_connector_detail.data.id}}",
                "connector_configs": "{{vars.steps.get_connector_detail.data.configuration}}",
                "connector_version": "{{vars.steps.get_connector_detail.data.version}}",
                "connector_config_names": "{{ vars.steps.get_connector_detail.data.configuration | json_query('[].name') }}"
            },
            "status": null,
            "top": "140",
            "left": "720",
            "stepType": "\/api\/3\/workflow_step_types\/04d0cf46-b6a8-42c4-8683-60a7eaa69e8f",
            "group": null,
            "uuid": "a31c5b07-cf4b-4020-9443-36adca45f968"
        },
        {
            "@type": "WorkflowStep",
            "name": "get_connector_detail",
            "description": null,
            "arguments": {
                "params": {
                    "iri": "\/api\/integration\/connectors\/{{vars.connector_name}}\/1.0.0\/?format=json",
                    "body": "{}",
                    "method": "POST"
                },
                "version": "3.3.0",
                "connector": "cyops_utilities",
                "operation": "make_cyops_request",
                "operationTitle": "FSR: Make FortiSOAR API Call",
                "step_variables": []
            },
            "status": null,
            "top": "40",
            "left": "720",
            "stepType": "\/api\/3\/workflow_step_types\/0109f35d-090b-4a2b-bd8a-94cbc3508562",
            "group": null,
            "uuid": "54c86fef-2a8b-4e12-8bef-7d78cd62700c"
        },
        {
            "@type": "WorkflowStep",
            "name": "return",
            "description": null,
            "arguments": {
                "output": "{{vars.config_name}}"
            },
            "status": null,
            "top": "140",
            "left": "40",
            "stepType": "\/api\/3\/workflow_step_types\/04d0cf46-b6a8-42c4-8683-60a7eaa69e8f",
            "group": null,
            "uuid": "6e6a8043-9a5e-4502-af0c-a156325e1b4d"
        },
        {
            "@type": "WorkflowStep",
            "name": "setup env",
            "description": null,
            "arguments": {
                "host": "{{vars.input.params.host}}",
                "password": "{%- if vars.input.params.password == '' -%}\nfortinet\n{%- else -%}\n{{vars.input.params.password}}\n{%- endif -%}",
                "username": "{%- if vars.input.params.username == '' -%}\nadmin\n{%- else -%}\n{{vars.input.params.username}}\n{%- endif -%}",
                "config_name": "labenv_{{vars.input.params.host}}",
                "connector_name": "ssh"
            },
            "status": null,
            "top": "40",
            "left": "360",
            "stepType": "\/api\/3\/workflow_step_types\/04d0cf46-b6a8-42c4-8683-60a7eaa69e8f",
            "group": null,
            "uuid": "1a3ea716-8a91-4b9e-899e-66ac1c19aabc"
        },
        {
            "@type": "WorkflowStep",
            "name": "Start",
            "description": null,
            "arguments": {
                "__triggerLimit": true,
                "step_variables": {
                    "input": {
                        "params": []
                    }
                },
                "triggerOnSource": true,
                "triggerOnReplicate": false
            },
            "status": null,
            "top": "40",
            "left": "40",
            "stepType": "\/api\/3\/workflow_step_types\/b348f017-9a94-471f-87f8-ce88b6a7ad62",
            "group": null,
            "uuid": "08b1a894-8ad7-41ed-b4f0-c7436332379c"
        }
    ],
    "routes": [
        {
            "@type": "WorkflowRoute",
            "name": "Configuration Exists -> connector config payload",
            "targetStep": "\/api\/3\/workflow_steps\/18aa26ac-671e-4183-9499-8da5797d659a",
            "sourceStep": "\/api\/3\/workflow_steps\/c04d82f2-fe16-4f4a-883e-98bcd489d01c",
            "label": "Create",
            "isExecuted": false,
            "group": null,
            "uuid": "ea9074aa-3eb5-4ba9-a163-f8b24f6ec63c"
        },
        {
            "@type": "WorkflowRoute",
            "name": "Configuration Exists -> return",
            "targetStep": "\/api\/3\/workflow_steps\/6e6a8043-9a5e-4502-af0c-a156325e1b4d",
            "sourceStep": "\/api\/3\/workflow_steps\/c04d82f2-fe16-4f4a-883e-98bcd489d01c",
            "label": "Exits",
            "isExecuted": false,
            "group": null,
            "uuid": "4b7a3ca8-f8c1-4368-9b32-93ee08075c02"
        },
        {
            "@type": "WorkflowRoute",
            "name": "connector config payload -> create_connector_config",
            "targetStep": "\/api\/3\/workflow_steps\/3468ab25-8d75-4679-942b-e2965e3e44c0",
            "sourceStep": "\/api\/3\/workflow_steps\/18aa26ac-671e-4183-9499-8da5797d659a",
            "label": null,
            "isExecuted": false,
            "group": null,
            "uuid": "1d113f62-b76e-413b-b732-072215b50893"
        },
        {
            "@type": "WorkflowRoute",
            "name": "create_connector_config -> return",
            "targetStep": "\/api\/3\/workflow_steps\/6e6a8043-9a5e-4502-af0c-a156325e1b4d",
            "sourceStep": "\/api\/3\/workflow_steps\/3468ab25-8d75-4679-942b-e2965e3e44c0",
            "label": null,
            "isExecuted": false,
            "group": null,
            "uuid": "a05da161-0a23-4e77-8461-13d4fb4ccedd"
        },
        {
            "@type": "WorkflowRoute",
            "name": "extract connector details -> Configuration Exists",
            "targetStep": "\/api\/3\/workflow_steps\/c04d82f2-fe16-4f4a-883e-98bcd489d01c",
            "sourceStep": "\/api\/3\/workflow_steps\/a31c5b07-cf4b-4020-9443-36adca45f968",
            "label": null,
            "isExecuted": false,
            "group": null,
            "uuid": "dbc3e6e7-dafc-4d57-800d-e15098a986ee"
        },
        {
            "@type": "WorkflowRoute",
            "name": "get_connector_detail -> extract connector details",
            "targetStep": "\/api\/3\/workflow_steps\/a31c5b07-cf4b-4020-9443-36adca45f968",
            "sourceStep": "\/api\/3\/workflow_steps\/54c86fef-2a8b-4e12-8bef-7d78cd62700c",
            "label": null,
            "isExecuted": false,
            "group": null,
            "uuid": "7c73ef7c-452c-41b0-9fcb-8023903cbddb"
        },
        {
            "@type": "WorkflowRoute",
            "name": "setup env -> Copy of get_connector_details",
            "targetStep": "\/api\/3\/workflow_steps\/54c86fef-2a8b-4e12-8bef-7d78cd62700c",
            "sourceStep": "\/api\/3\/workflow_steps\/1a3ea716-8a91-4b9e-899e-66ac1c19aabc",
            "label": null,
            "isExecuted": false,
            "group": null,
            "uuid": "2995c86c-252a-42a4-a7c2-af9c83f84279"
        },
        {
            "@type": "WorkflowRoute",
            "name": "Start -> setup env",
            "targetStep": "\/api\/3\/workflow_steps\/1a3ea716-8a91-4b9e-899e-66ac1c19aabc",
            "sourceStep": "\/api\/3\/workflow_steps\/08b1a894-8ad7-41ed-b4f0-c7436332379c",
            "label": null,
            "isExecuted": false,
            "group": null,
            "uuid": "bb32aabb-49c2-4fe7-97c2-cf17fa8b770d"
        }
    ],
    "groups": [],
    "priority": "\/api\/3\/picklists\/2b563c61-ae2c-41c0-a85a-c9709585e3f2",
    "playbookOrigin": "\/api\/3\/picklists\/b6d710a9-a8ec-41ec-8817-fe9fa062fcdd",
    "isEditable": true,
    "uuid": "a42e3424-3bf9-4ef6-8dca-d1d5c84fb7c7",
    "owners": [],
    "isPrivate": false,
    "deletedAt": null,
    "recordTags": [
        "host",
        "password",
        "Subroutine",
        "username"
    ]
}