{
    "@type": "Workflow",
    "triggerLimit": null,
    "name": "> netshot target - create output report record - diff previous",
    "aliasName": null,
    "tag": null,
    "description": "Using a Target record create an output report record.",
    "isActive": true,
    "debug": false,
    "singleRecordExecution": false,
    "remoteExecutableFlag": false,
    "parameters": [
        "target_record_id",
        "context",
        "report_name"
    ],
    "synchronous": false,
    "collection": "\/api\/3\/workflow_collections\/47462724-61c5-401a-be3b-53b8154157f9",
    "versions": [],
    "triggerStep": "\/api\/3\/workflow_steps\/58c49374-85f5-4572-b40d-c2bc32890557",
    "steps": [
        {
            "@type": "WorkflowStep",
            "name": "create output report",
            "description": null,
            "arguments": {
                "resource": {
                    "name": "{{vars.report_name}}",
                    "type": "\/api\/3\/picklists\/071a0f63-cf86-4be0-9dc6-30cabd4d283a",
                    "context": "{{vars.context}}",
                    "__replace": "",
                    "netshotTargets": "{{vars.target_record_uuid}}",
                    "netshotTargetOutputs": "{{ vars.output_record_data | json_query('[].\"@id\"') }}"
                },
                "operation": "Overwrite",
                "collection": "\/api\/3\/netshot_output_reports",
                "__recommend": [],
                "fieldOperation": {
                    "recordTags": "Overwrite"
                },
                "step_variables": []
            },
            "status": null,
            "top": "140",
            "left": "40",
            "stepType": "\/api\/3\/workflow_step_types\/2597053c-e718-44b4-8394-4d40fe26d357",
            "group": null,
            "uuid": "ad65ecff-ce7d-4496-90e8-1d01de4cf7f8"
        },
        {
            "@type": "WorkflowStep",
            "name": "create output vars",
            "description": null,
            "arguments": {
                "report_name": "{%- if vars.report_name not in ['',None] -%}\n{{vars.report_name}}\n{%- else -%}\n{{vars.steps.find_target_record[0].name}} - {{vars.context}}\n{%- endif -%}",
                "output_count": "{{vars.steps.find_target_output_records|length}}",
                "output_record_data": "{{vars.steps.find_target_output_records}}",
                "target_record_uuid": "{{vars.steps.find_target_record[0]['@id']}}"
            },
            "status": null,
            "top": "240",
            "left": "740",
            "stepType": "\/api\/3\/workflow_step_types\/04d0cf46-b6a8-42c4-8683-60a7eaa69e8f",
            "group": null,
            "uuid": "14e11167-97e1-4b48-ab34-b31a5a9774ff"
        },
        {
            "@type": "WorkflowStep",
            "name": "find target output records",
            "description": null,
            "arguments": {
                "query": {
                    "sort": [
                        {
                            "field": "timestamp",
                            "direction": "DESC",
                            "_fieldName": "timestamp",
                            "_fieldTitle": "Timestamp"
                        }
                    ],
                    "limit": 30,
                    "logic": "AND",
                    "filters": [
                        {
                            "type": "object",
                            "field": "netshotTargets",
                            "value": "{{vars.steps.find_target_record[0]['@id']}}",
                            "_value": {
                                "@id": "{{vars.steps.find_target_record[0]['@id']}}",
                                "display": "",
                                "itemValue": ""
                            },
                            "operator": "eq"
                        },
                        {
                            "type": "primitive",
                            "field": "context",
                            "value": "{{vars.context}}",
                            "operator": "eq",
                            "_operator": "eq"
                        }
                    ],
                    "__selectFields": [
                        "name",
                        "id"
                    ]
                },
                "module": "netshot_target_outputs?$limit=2",
                "checkboxFields": true,
                "step_variables": []
            },
            "status": null,
            "top": "140",
            "left": "740",
            "stepType": "\/api\/3\/workflow_step_types\/b593663d-7d13-40ce-a3a3-96dece928770",
            "group": null,
            "uuid": "180181f5-7d88-467e-9d1a-f4a52b0b8f4e"
        },
        {
            "@type": "WorkflowStep",
            "name": "find target record",
            "description": null,
            "arguments": {
                "query": {
                    "sort": [],
                    "limit": 30,
                    "logic": "AND",
                    "filters": [
                        {
                            "type": "primitive",
                            "field": "id",
                            "value": "{{vars.target_record_id}}",
                            "operator": "eq",
                            "_operator": "eq"
                        }
                    ],
                    "__selectFields": [
                        "name",
                        "id"
                    ]
                },
                "module": "netshot_targets?$limit=1",
                "checkboxFields": true,
                "step_variables": []
            },
            "status": null,
            "top": "40",
            "left": "740",
            "stepType": "\/api\/3\/workflow_step_types\/b593663d-7d13-40ce-a3a3-96dece928770",
            "group": null,
            "uuid": "05adc92d-dae1-4453-856c-3f1ca82f1d9b"
        },
        {
            "@type": "WorkflowStep",
            "name": "setup env",
            "description": null,
            "arguments": {
                "context": "{{vars.input.params.context}}",
                "report_name": "{{vars.input.params['report_name']}}",
                "target_record_id": "{{vars.input.params['target_record_id']}}"
            },
            "status": null,
            "top": "40",
            "left": "400",
            "stepType": "\/api\/3\/workflow_step_types\/04d0cf46-b6a8-42c4-8683-60a7eaa69e8f",
            "group": null,
            "uuid": "20c453be-c6dd-48cb-abfa-4b20937f6522"
        },
        {
            "@type": "WorkflowStep",
            "name": "Start",
            "description": null,
            "arguments": {
                "__triggerLimit": true,
                "step_variables": {
                    "input": {
                        "params": []
                    }
                },
                "triggerOnSource": true,
                "triggerOnReplicate": false
            },
            "status": null,
            "top": "40",
            "left": "40",
            "stepType": "\/api\/3\/workflow_step_types\/b348f017-9a94-471f-87f8-ce88b6a7ad62",
            "group": null,
            "uuid": "58c49374-85f5-4572-b40d-c2bc32890557"
        },
        {
            "@type": "WorkflowStep",
            "name": "update report status",
            "description": null,
            "arguments": {
                "resource": {
                    "status": "\/api\/3\/picklists\/2f63f907-d342-4ad6-9a77-68c654bba2d2"
                },
                "operation": "Append",
                "collection": "{{vars.steps.create_output_report['@id']}}",
                "__recommend": [],
                "collectionType": "\/api\/3\/netshot_output_reports",
                "fieldOperation": {
                    "recordTags": "Append"
                },
                "step_variables": []
            },
            "status": null,
            "top": "260",
            "left": "40",
            "stepType": "\/api\/3\/workflow_step_types\/b593663d-7d13-40ce-a3a3-96dece928722",
            "group": null,
            "uuid": "b0289859-b558-4f31-87a4-902c7ba09b23"
        }
    ],
    "routes": [
        {
            "@type": "WorkflowRoute",
            "name": "create output report -> update report status",
            "targetStep": "\/api\/3\/workflow_steps\/b0289859-b558-4f31-87a4-902c7ba09b23",
            "sourceStep": "\/api\/3\/workflow_steps\/ad65ecff-ce7d-4496-90e8-1d01de4cf7f8",
            "label": null,
            "isExecuted": false,
            "group": null,
            "uuid": "98425942-65fb-4301-b12f-5a9b2b92b28c"
        },
        {
            "@type": "WorkflowRoute",
            "name": "create output vars -> create output report",
            "targetStep": "\/api\/3\/workflow_steps\/ad65ecff-ce7d-4496-90e8-1d01de4cf7f8",
            "sourceStep": "\/api\/3\/workflow_steps\/14e11167-97e1-4b48-ab34-b31a5a9774ff",
            "label": null,
            "isExecuted": false,
            "group": null,
            "uuid": "8a3877ba-43c7-4d76-9768-2380484898d2"
        },
        {
            "@type": "WorkflowRoute",
            "name": "find target output records -> create output vars",
            "targetStep": "\/api\/3\/workflow_steps\/14e11167-97e1-4b48-ab34-b31a5a9774ff",
            "sourceStep": "\/api\/3\/workflow_steps\/180181f5-7d88-467e-9d1a-f4a52b0b8f4e",
            "label": null,
            "isExecuted": false,
            "group": null,
            "uuid": "ae3f91e8-9b4a-4b98-bcf9-6fce7d4733e9"
        },
        {
            "@type": "WorkflowRoute",
            "name": "find target record -> find target output records",
            "targetStep": "\/api\/3\/workflow_steps\/180181f5-7d88-467e-9d1a-f4a52b0b8f4e",
            "sourceStep": "\/api\/3\/workflow_steps\/05adc92d-dae1-4453-856c-3f1ca82f1d9b",
            "label": null,
            "isExecuted": false,
            "group": null,
            "uuid": "acb6d2b0-aab5-4bca-a036-e50a218d3850"
        },
        {
            "@type": "WorkflowRoute",
            "name": "setup env -> find target record",
            "targetStep": "\/api\/3\/workflow_steps\/05adc92d-dae1-4453-856c-3f1ca82f1d9b",
            "sourceStep": "\/api\/3\/workflow_steps\/20c453be-c6dd-48cb-abfa-4b20937f6522",
            "label": null,
            "isExecuted": false,
            "group": null,
            "uuid": "eceda3f7-9c90-4ecd-86bd-b2f94e827e13"
        },
        {
            "@type": "WorkflowRoute",
            "name": "Start -> setup env",
            "targetStep": "\/api\/3\/workflow_steps\/20c453be-c6dd-48cb-abfa-4b20937f6522",
            "sourceStep": "\/api\/3\/workflow_steps\/58c49374-85f5-4572-b40d-c2bc32890557",
            "label": null,
            "isExecuted": false,
            "group": null,
            "uuid": "7cec0a8a-b047-48af-aaf2-09707452e1e5"
        }
    ],
    "groups": [],
    "priority": "\/api\/3\/picklists\/2b563c61-ae2c-41c0-a85a-c9709585e3f2",
    "playbookOrigin": "\/api\/3\/picklists\/b6d710a9-a8ec-41ec-8817-fe9fa062fcdd",
    "isEditable": true,
    "uuid": "0d514b56-d7bf-492f-a4de-3ff8213dec5e",
    "owners": [],
    "isPrivate": false,
    "deletedAt": null,
    "recordTags": [
        "context",
        "target_record_id"
    ]
}