{
    "@type": "Workflow",
    "triggerLimit": null,
    "name": "> netshot output report trigger - status changed to pending",
    "aliasName": null,
    "tag": null,
    "description": "On status change to Pending we want to run a report.",
    "isActive": true,
    "debug": false,
    "singleRecordExecution": false,
    "remoteExecutableFlag": false,
    "parameters": [],
    "synchronous": false,
    "collection": "\/api\/3\/workflow_collections\/47462724-61c5-401a-be3b-53b8154157f9",
    "versions": [],
    "triggerStep": "\/api\/3\/workflow_steps\/c19735ce-7cef-442b-9459-ef0ff640c25f",
    "steps": [
        {
            "@type": "WorkflowStep",
            "name": "audit json via regex",
            "description": null,
            "arguments": {
                "arguments": {
                    "normalize_data_type": "tojson",
                    "netshot_output_report_id": "{{vars.input.records[0].id}}"
                },
                "apply_async": false,
                "step_variables": {
                    "report_status": "{{vars.steps.audit_json_via_regex}}"
                },
                "pass_parent_env": false,
                "pass_input_record": false,
                "workflowReference": "\/api\/3\/workflows\/03f5157b-142e-486b-bd0b-7fae427c82e4"
            },
            "status": null,
            "top": "420",
            "left": "720",
            "stepType": "\/api\/3\/workflow_step_types\/74932bdc-b8b6-4d24-88c4-1a4dfbc524f3",
            "group": null,
            "uuid": "97bb1f5b-9939-45f0-a0ef-461b70fa83d3"
        },
        {
            "@type": "WorkflowStep",
            "name": "audit text via regex",
            "description": null,
            "arguments": {
                "arguments": {
                    "normalize_data_type": "text",
                    "netshot_output_report_id": "{{vars.input.records[0].id}}"
                },
                "apply_async": false,
                "step_variables": {
                    "report_status": "{{vars.steps.audit_text_via_regex}}"
                },
                "pass_parent_env": false,
                "pass_input_record": false,
                "workflowReference": "\/api\/3\/workflows\/03f5157b-142e-486b-bd0b-7fae427c82e4"
            },
            "status": null,
            "top": "340",
            "left": "680",
            "stepType": "\/api\/3\/workflow_step_types\/74932bdc-b8b6-4d24-88c4-1a4dfbc524f3",
            "group": null,
            "uuid": "0dfd98a6-be38-4cd9-b3cb-e0a638daf163"
        },
        {
            "@type": "WorkflowStep",
            "name": "calculate stats",
            "description": null,
            "arguments": {
                "arguments": {
                    "target_record_id": "{{vars.input.records[0].netshotTargets.id}}"
                },
                "apply_async": false,
                "step_variables": [],
                "pass_parent_env": false,
                "pass_input_record": false,
                "workflowReference": "\/api\/3\/workflows\/c35569ed-7415-499e-85c0-e65010facbc6"
            },
            "status": null,
            "top": "380",
            "left": "40",
            "stepType": "\/api\/3\/workflow_step_types\/74932bdc-b8b6-4d24-88c4-1a4dfbc524f3",
            "group": null,
            "uuid": "039451fd-99ff-480d-b82b-ad4c3e95c8de"
        },
        {
            "@type": "WorkflowStep",
            "name": "complete output report status",
            "description": null,
            "arguments": {
                "when": "{{vars.report_status.deleted != True}}",
                "resource": {
                    "status": "\/api\/3\/picklists\/27e6a838-db8e-4b96-b9f3-23878e57d148",
                    "timestamp": "{{arrow.utcnow().int_timestamp}}"
                },
                "operation": "Append",
                "collection": "{{vars.output_report_uuid}}",
                "__recommend": [],
                "collectionType": "\/api\/3\/netshot_output_reports",
                "fieldOperation": {
                    "recordTags": "Append"
                },
                "step_variables": []
            },
            "status": null,
            "top": "260",
            "left": "40",
            "stepType": "\/api\/3\/workflow_step_types\/b593663d-7d13-40ce-a3a3-96dece928722",
            "group": null,
            "uuid": "cd65c0cb-9b1a-4f05-a013-907e20f782eb"
        },
        {
            "@type": "WorkflowStep",
            "name": "diff previous",
            "description": null,
            "arguments": {
                "arguments": {
                    "context": "{{vars.context}}",
                    "netshot_output_report_id": "{{vars.input.records[0].id}}"
                },
                "apply_async": false,
                "step_variables": {
                    "report_status": "{{vars.steps.diff_previous.output}}"
                },
                "pass_parent_env": false,
                "pass_input_record": false,
                "workflowReference": "\/api\/3\/workflows\/9bd6069e-1a34-4113-bd4a-8b506d14e1a7"
            },
            "status": null,
            "top": "260",
            "left": "640",
            "stepType": "\/api\/3\/workflow_step_types\/74932bdc-b8b6-4d24-88c4-1a4dfbc524f3",
            "group": null,
            "uuid": "6216b33a-b8a2-438b-b6fa-88ca137ade48"
        },
        {
            "@type": "WorkflowStep",
            "name": "enahance report status",
            "description": null,
            "arguments": {
                "report_status": "{%- set status = {\n  \"deleted\":false\n} -%}\n{%- if vars.report_status.deleted is defined -%}\n{%- do status.update({\"deleted\":vars.report_status.deleted}) -%}\n{%- endif -%}\n{{status}}"
            },
            "status": null,
            "top": "140",
            "left": "220",
            "stepType": "\/api\/3\/workflow_step_types\/04d0cf46-b6a8-42c4-8683-60a7eaa69e8f",
            "group": null,
            "uuid": "5c6e16e6-441a-417f-93b5-2f1076ecf854"
        },
        {
            "@type": "WorkflowStep",
            "name": "find output records",
            "description": null,
            "arguments": {
                "query": {
                    "sort": [],
                    "limit": 30,
                    "logic": "AND",
                    "filters": [
                        {
                            "type": "primitive",
                            "field": "netshotOutputReports.id",
                            "value": "{{vars.input.records[0].id}}",
                            "operator": "eq",
                            "_operator": "eq"
                        }
                    ],
                    "__selectFields": [
                        "id"
                    ]
                },
                "module": "netshot_target_outputs?$limit=5000",
                "checkboxFields": true,
                "step_variables": []
            },
            "status": null,
            "top": "40",
            "left": "400",
            "stepType": "\/api\/3\/workflow_step_types\/b593663d-7d13-40ce-a3a3-96dece928770",
            "group": null,
            "uuid": "52fe16fa-8a13-49f9-9445-792c247d9347"
        },
        {
            "@type": "WorkflowStep",
            "name": "force normalized data",
            "description": null,
            "arguments": {
                "arguments": {
                    "normalize_data_type": "{{vars.normalized_data_key}}",
                    "netshot_target_output_id_list": "{{vars.netshot_target_output_id_list}}"
                },
                "apply_async": false,
                "step_variables": [],
                "pass_parent_env": false,
                "pass_input_record": false,
                "workflowReference": "\/api\/3\/workflows\/de54fb72-2032-4e5f-8d42-2698f035adbd"
            },
            "status": null,
            "top": "180",
            "left": "1460",
            "stepType": "\/api\/3\/workflow_step_types\/74932bdc-b8b6-4d24-88c4-1a4dfbc524f3",
            "group": null,
            "uuid": "b9931440-b5e5-4984-8ea2-7fcc93300501"
        },
        {
            "@type": "WorkflowStep",
            "name": "report type",
            "description": null,
            "arguments": {
                "conditions": [
                    {
                        "default": true,
                        "step_iri": "\/api\/3\/workflow_steps\/66993d70-fbe1-4b35-a52c-c75767938bd6",
                        "step_name": "unknown type"
                    },
                    {
                        "step_iri": "\/api\/3\/workflow_steps\/6216b33a-b8a2-438b-b6fa-88ca137ade48",
                        "condition": "{{ vars.output_type|lower == \"diff previous\" }}",
                        "step_name": "diff previous"
                    },
                    {
                        "step_iri": "\/api\/3\/workflow_steps\/0dfd98a6-be38-4cd9-b3cb-e0a638daf163",
                        "condition": "{{ vars.output_type|lower == \"audit text via regex\" }}",
                        "step_name": "audit text via regex"
                    },
                    {
                        "step_iri": "\/api\/3\/workflow_steps\/97bb1f5b-9939-45f0-a0ef-461b70fa83d3",
                        "condition": "{{ vars.output_type|lower == \"audit json via regex\" }}",
                        "step_name": "audit json via regex"
                    }
                ],
                "step_variables": []
            },
            "status": null,
            "top": "200",
            "left": "1100",
            "stepType": "\/api\/3\/workflow_step_types\/12254cf5-5db7-4b1a-8cb1-3af081924b28",
            "group": null,
            "uuid": "15e9f4cf-b7ef-4865-8111-0e0a1091ffe7"
        },
        {
            "@type": "WorkflowStep",
            "name": "setup env",
            "description": null,
            "arguments": {
                "context": "{{vars.input.records[0].context}}",
                "output_type": "{{vars.input.records[0].type.itemValue}}",
                "empty_report": "''",
                "output_report_uuid": "{{vars.input.records[0]['@id']}}",
                "normalized_data_key": "{%- set key = vars.input.records[0].netshotOutputReportProfiles.normalizedDataKey -%}\n{%- if key is defined and key not in ['',None] -%}\n{{key}}\n{%- else -%}\ntext\n{%- endif -%}",
                "normalized_data_scope": "{{vars.input.records[0].netshotOutputReportProfiles.normalizedDataScope}}",
                "netshot_target_output_id_list": "{{vars.steps.find_output_records|json_query('[].id')}}"
            },
            "status": null,
            "top": "40",
            "left": "820",
            "stepType": "\/api\/3\/workflow_step_types\/04d0cf46-b6a8-42c4-8683-60a7eaa69e8f",
            "group": null,
            "uuid": "e91f1ff0-c559-4ac8-8b07-68bec9070593"
        },
        {
            "@type": "WorkflowStep",
            "name": "Start",
            "description": null,
            "arguments": {
                "resource": "netshot_output_reports",
                "resources": [
                    "netshot_output_reports"
                ],
                "__triggerLimit": true,
                "step_variables": {
                    "input": {
                        "params": [],
                        "records": [
                            "{{vars.input.records[0]}}"
                        ]
                    }
                },
                "triggerOnSource": true,
                "fieldbasedtrigger": {
                    "sort": [],
                    "limit": 30,
                    "logic": "AND",
                    "filters": [
                        {
                            "type": "object",
                            "field": "status",
                            "value": "",
                            "_value": {
                                "@id": "",
                                "display": "",
                                "itemValue": ""
                            },
                            "operator": "changed"
                        },
                        {
                            "type": "object",
                            "field": "status",
                            "value": "\/api\/3\/picklists\/2f63f907-d342-4ad6-9a77-68c654bba2d2",
                            "_value": {
                                "@id": "\/api\/3\/picklists\/2f63f907-d342-4ad6-9a77-68c654bba2d2",
                                "display": "Pending",
                                "itemValue": "Pending"
                            },
                            "operator": "eq"
                        }
                    ]
                },
                "triggerOnReplicate": false
            },
            "status": null,
            "top": "40",
            "left": "40",
            "stepType": "\/api\/3\/workflow_step_types\/9300bf69-5063-486d-b3a6-47eb9da24872",
            "group": null,
            "uuid": "c19735ce-7cef-442b-9459-ef0ff640c25f"
        },
        {
            "@type": "WorkflowStep",
            "name": "unknown type",
            "description": null,
            "arguments": [],
            "status": null,
            "top": "280",
            "left": "1440",
            "stepType": "\/api\/3\/workflow_step_types\/04d0cf46-b6a8-42c4-8683-60a7eaa69e8f",
            "group": null,
            "uuid": "66993d70-fbe1-4b35-a52c-c75767938bd6"
        },
        {
            "@type": "WorkflowStep",
            "name": "update output report status",
            "description": null,
            "arguments": {
                "resource": {
                    "score": 0,
                    "status": "\/api\/3\/picklists\/7c18340b-215d-4396-b052-623e4c085727",
                    "exceptionStatus": "\/api\/3\/picklists\/6fb60f10-05ad-40e3-b194-3a7ad53421e1",
                    "exceptionsFound": "0",
                    "reportOutputMarkdown": "{{vars.empty_report}}"
                },
                "operation": "Append",
                "collection": "{{vars.output_report_uuid}}",
                "__recommend": [],
                "collectionType": "\/api\/3\/netshot_output_reports",
                "fieldOperation": {
                    "recordTags": "Append"
                },
                "step_variables": []
            },
            "status": null,
            "top": "40",
            "left": "1240",
            "stepType": "\/api\/3\/workflow_step_types\/b593663d-7d13-40ce-a3a3-96dece928722",
            "group": null,
            "uuid": "27abe394-ab56-4c0d-8d2d-f13e0d244635"
        }
    ],
    "routes": [
        {
            "@type": "WorkflowRoute",
            "name": "audit json via regex -> enahance report status",
            "targetStep": "\/api\/3\/workflow_steps\/5c6e16e6-441a-417f-93b5-2f1076ecf854",
            "sourceStep": "\/api\/3\/workflow_steps\/97bb1f5b-9939-45f0-a0ef-461b70fa83d3",
            "label": null,
            "isExecuted": false,
            "group": null,
            "uuid": "401c4a99-2c6d-4414-908b-be252a905024"
        },
        {
            "@type": "WorkflowRoute",
            "name": "audit via regex -> report complete",
            "targetStep": "\/api\/3\/workflow_steps\/5c6e16e6-441a-417f-93b5-2f1076ecf854",
            "sourceStep": "\/api\/3\/workflow_steps\/0dfd98a6-be38-4cd9-b3cb-e0a638daf163",
            "label": null,
            "isExecuted": false,
            "group": null,
            "uuid": "e914be04-ee21-4342-ae62-e87123532fa2"
        },
        {
            "@type": "WorkflowRoute",
            "name": "complete output report status -> calculate stats",
            "targetStep": "\/api\/3\/workflow_steps\/039451fd-99ff-480d-b82b-ad4c3e95c8de",
            "sourceStep": "\/api\/3\/workflow_steps\/cd65c0cb-9b1a-4f05-a013-907e20f782eb",
            "label": null,
            "isExecuted": false,
            "group": null,
            "uuid": "30cb240d-d5b0-4269-a8f4-2350e62bfb2e"
        },
        {
            "@type": "WorkflowRoute",
            "name": "diff previous -> done",
            "targetStep": "\/api\/3\/workflow_steps\/5c6e16e6-441a-417f-93b5-2f1076ecf854",
            "sourceStep": "\/api\/3\/workflow_steps\/6216b33a-b8a2-438b-b6fa-88ca137ade48",
            "label": null,
            "isExecuted": false,
            "group": null,
            "uuid": "cef4b40c-5927-4191-a847-d4298b67c97e"
        },
        {
            "@type": "WorkflowRoute",
            "name": "find output records -> setup env",
            "targetStep": "\/api\/3\/workflow_steps\/e91f1ff0-c559-4ac8-8b07-68bec9070593",
            "sourceStep": "\/api\/3\/workflow_steps\/52fe16fa-8a13-49f9-9445-792c247d9347",
            "label": null,
            "isExecuted": false,
            "group": null,
            "uuid": "a790797f-a76b-41b0-b59b-5b35d5bc6e76"
        },
        {
            "@type": "WorkflowRoute",
            "name": "force normalized data -> report type",
            "targetStep": "\/api\/3\/workflow_steps\/15e9f4cf-b7ef-4865-8111-0e0a1091ffe7",
            "sourceStep": "\/api\/3\/workflow_steps\/b9931440-b5e5-4984-8ea2-7fcc93300501",
            "label": null,
            "isExecuted": false,
            "group": null,
            "uuid": "bed08669-9bfb-420b-a73b-c7963e43f502"
        },
        {
            "@type": "WorkflowRoute",
            "name": "report complete -> complete output report status",
            "targetStep": "\/api\/3\/workflow_steps\/cd65c0cb-9b1a-4f05-a013-907e20f782eb",
            "sourceStep": "\/api\/3\/workflow_steps\/5c6e16e6-441a-417f-93b5-2f1076ecf854",
            "label": null,
            "isExecuted": false,
            "group": null,
            "uuid": "3acdf825-4b12-417f-b15d-1d82916a1bb4"
        },
        {
            "@type": "WorkflowRoute",
            "name": "report type -> audit via regex",
            "targetStep": "\/api\/3\/workflow_steps\/0dfd98a6-be38-4cd9-b3cb-e0a638daf163",
            "sourceStep": "\/api\/3\/workflow_steps\/15e9f4cf-b7ef-4865-8111-0e0a1091ffe7",
            "label": null,
            "isExecuted": false,
            "group": null,
            "uuid": "e4a2d1d4-6129-4cec-a07e-44687c601fba"
        },
        {
            "@type": "WorkflowRoute",
            "name": "report type -> Copy of audit via regex",
            "targetStep": "\/api\/3\/workflow_steps\/97bb1f5b-9939-45f0-a0ef-461b70fa83d3",
            "sourceStep": "\/api\/3\/workflow_steps\/15e9f4cf-b7ef-4865-8111-0e0a1091ffe7",
            "label": "",
            "isExecuted": false,
            "group": null,
            "uuid": "d2457df5-93a2-442e-9e70-54f423d6b9c8"
        },
        {
            "@type": "WorkflowRoute",
            "name": "report type -> diff previous",
            "targetStep": "\/api\/3\/workflow_steps\/6216b33a-b8a2-438b-b6fa-88ca137ade48",
            "sourceStep": "\/api\/3\/workflow_steps\/15e9f4cf-b7ef-4865-8111-0e0a1091ffe7",
            "label": null,
            "isExecuted": false,
            "group": null,
            "uuid": "eeb5598b-ac4a-4745-ab17-ae5bece955e8"
        },
        {
            "@type": "WorkflowRoute",
            "name": "report type -> unknown type",
            "targetStep": "\/api\/3\/workflow_steps\/66993d70-fbe1-4b35-a52c-c75767938bd6",
            "sourceStep": "\/api\/3\/workflow_steps\/15e9f4cf-b7ef-4865-8111-0e0a1091ffe7",
            "label": null,
            "isExecuted": false,
            "group": null,
            "uuid": "bbe96225-5f87-42b6-b5f7-e468471e13fa"
        },
        {
            "@type": "WorkflowRoute",
            "name": "setup env -> update output report status",
            "targetStep": "\/api\/3\/workflow_steps\/27abe394-ab56-4c0d-8d2d-f13e0d244635",
            "sourceStep": "\/api\/3\/workflow_steps\/e91f1ff0-c559-4ac8-8b07-68bec9070593",
            "label": null,
            "isExecuted": false,
            "group": null,
            "uuid": "9b38e727-fe4e-4473-bb14-3129c156203b"
        },
        {
            "@type": "WorkflowRoute",
            "name": "Start -> find output records",
            "targetStep": "\/api\/3\/workflow_steps\/52fe16fa-8a13-49f9-9445-792c247d9347",
            "sourceStep": "\/api\/3\/workflow_steps\/c19735ce-7cef-442b-9459-ef0ff640c25f",
            "label": null,
            "isExecuted": false,
            "group": null,
            "uuid": "543a4941-1c80-42cf-858d-012cda49c50e"
        },
        {
            "@type": "WorkflowRoute",
            "name": "update output report status -> force normalized data",
            "targetStep": "\/api\/3\/workflow_steps\/b9931440-b5e5-4984-8ea2-7fcc93300501",
            "sourceStep": "\/api\/3\/workflow_steps\/27abe394-ab56-4c0d-8d2d-f13e0d244635",
            "label": null,
            "isExecuted": false,
            "group": null,
            "uuid": "ac1ed601-0967-4241-aa29-5e95f4f2c7ae"
        }
    ],
    "groups": [],
    "priority": "\/api\/3\/picklists\/2b563c61-ae2c-41c0-a85a-c9709585e3f2",
    "playbookOrigin": "\/api\/3\/picklists\/b6d710a9-a8ec-41ec-8817-fe9fa062fcdd",
    "isEditable": true,
    "uuid": "ad58f7d0-be1f-44de-877f-bc9e6672a382",
    "owners": [],
    "isPrivate": false,
    "deletedAt": null,
    "recordTags": [
        "Trigger"
    ]
}