{
    "@type": "Workflow",
    "triggerLimit": null,
    "name": "> netshot target output - create with profile",
    "aliasName": null,
    "tag": null,
    "description": "Create an output on a target from an output profile linked or not.",
    "isActive": true,
    "debug": false,
    "singleRecordExecution": false,
    "remoteExecutableFlag": false,
    "parameters": [
        "target_output_profile_id",
        "target_id"
    ],
    "synchronous": false,
    "collection": "\/api\/3\/workflow_collections\/47462724-61c5-401a-be3b-53b8154157f9",
    "versions": [],
    "triggerStep": "\/api\/3\/workflow_steps\/9fd10d78-d0e6-4534-9767-67e0b064608c",
    "steps": [
        {
            "@type": "WorkflowStep",
            "name": "create output record",
            "description": null,
            "arguments": {
                "resource": {
                    "status": "\/api\/3\/picklists\/6ce0660f-784b-4e50-b770-c2d9a8d058e8",
                    "__replace": "",
                    "orderPriority": 1,
                    "netshotTargets": "{{vars.target_fqid}}",
                    "sourceDataType": "{{\"Netshot Target Output Source Data Type\" | picklist(vars.data_type, \"@id\")}}",
                    "latestRecordOfContext": false,
                    "netshotTargetOutputProfiles": "{{vars.output_profile_fqid}}"
                },
                "operation": "Overwrite",
                "collection": "\/api\/3\/netshot_target_outputs",
                "__recommend": [],
                "fieldOperation": {
                    "recordTags": "Overwrite"
                },
                "step_variables": []
            },
            "status": null,
            "top": "360",
            "left": "340",
            "stepType": "\/api\/3\/workflow_step_types\/2597053c-e718-44b4-8394-4d40fe26d357",
            "group": null,
            "uuid": "bdac94b5-4e5a-4fe7-a306-0e0394ed672e"
        },
        {
            "@type": "WorkflowStep",
            "name": "enhance vars",
            "description": null,
            "arguments": {
                "data_type": "{%- set method = vars.steps.find_target_output_profile[0].targetOutputMethod.itemValue -%}\n{%- set profile_data_type = vars.steps.find_target_output_profile[0].dataType.itemValue -%}\n{%- if vars.datatype_idx[method] is defined -%}\n{{vars.datatype_idx[method]}}\n{%- else -%}\n{{profile_data_type}}\n{%- endif -%}\n",
                "target_fqid": "{{vars.steps.find_target[0]['@id']}}",
                "output_profile_fqid": "{{vars.steps.find_target_output_profile[0]['@id']}}"
            },
            "status": null,
            "top": "240",
            "left": "660",
            "stepType": "\/api\/3\/workflow_step_types\/04d0cf46-b6a8-42c4-8683-60a7eaa69e8f",
            "group": null,
            "uuid": "4a7b6411-2119-4b71-b9ad-07bdf0bac0b4"
        },
        {
            "@type": "WorkflowStep",
            "name": "find target",
            "description": null,
            "arguments": {
                "query": {
                    "sort": [],
                    "limit": 30,
                    "logic": "AND",
                    "filters": [
                        {
                            "type": "primitive",
                            "field": "id",
                            "value": "{{vars.target_id}}",
                            "operator": "eq",
                            "_operator": "eq"
                        }
                    ],
                    "__selectFields": [
                        "netshotDomains",
                        "name"
                    ]
                },
                "module": "netshot_targets?$limit=1",
                "checkboxFields": true,
                "step_variables": []
            },
            "status": null,
            "top": "140",
            "left": "660",
            "stepType": "\/api\/3\/workflow_step_types\/b593663d-7d13-40ce-a3a3-96dece928770",
            "group": null,
            "uuid": "188d05b2-13c3-4ac8-8e81-8cfd6ec1dc82"
        },
        {
            "@type": "WorkflowStep",
            "name": "find target output profile",
            "description": null,
            "arguments": {
                "query": {
                    "sort": [],
                    "limit": 30,
                    "logic": "AND",
                    "filters": [
                        {
                            "type": "primitive",
                            "field": "id",
                            "value": "{{vars.target_output_profile_id}}",
                            "operator": "eq",
                            "_operator": "eq"
                        }
                    ],
                    "__selectFields": [
                        "name",
                        "dataType",
                        "id",
                        "targetOutputMethod"
                    ]
                },
                "module": "netshot_target_output_profiles?$limit=1",
                "checkboxFields": true,
                "step_variables": []
            },
            "status": null,
            "top": "40",
            "left": "660",
            "stepType": "\/api\/3\/workflow_step_types\/b593663d-7d13-40ce-a3a3-96dece928770",
            "group": null,
            "uuid": "33b64b65-0dc0-41e0-b7fc-13be42a34aff"
        },
        {
            "@type": "WorkflowStep",
            "name": "output record new",
            "description": null,
            "arguments": {
                "resource": {
                    "status": "\/api\/3\/picklists\/40982496-7c2f-4d6f-b0c0-bb998387821b"
                },
                "operation": "Append",
                "collection": "{{vars.steps.create_output_record['@id']}}",
                "__recommend": [],
                "collectionType": "\/api\/3\/netshot_target_outputs",
                "fieldOperation": {
                    "recordTags": "Append"
                },
                "step_variables": []
            },
            "status": null,
            "top": "360",
            "left": "40",
            "stepType": "\/api\/3\/workflow_step_types\/b593663d-7d13-40ce-a3a3-96dece928722",
            "group": null,
            "uuid": "5dec79ac-2a01-4b98-994d-4d980aeeae05"
        },
        {
            "@type": "WorkflowStep",
            "name": "setup env",
            "description": null,
            "arguments": {
                "target_id": "{{vars.input.params['target_id']}}",
                "datatype_idx": "{\n  \"NMAP\": \"JSON\"\n}",
                "target_output_profile_id": "{{vars.input.params['target_output_profile_id']}}"
            },
            "status": null,
            "top": "40",
            "left": "340",
            "stepType": "\/api\/3\/workflow_step_types\/04d0cf46-b6a8-42c4-8683-60a7eaa69e8f",
            "group": null,
            "uuid": "3421f079-d7a7-4cca-8002-3d93fa66de24"
        },
        {
            "@type": "WorkflowStep",
            "name": "Start",
            "description": null,
            "arguments": {
                "__triggerLimit": true,
                "step_variables": {
                    "input": {
                        "params": []
                    }
                },
                "triggerOnSource": true,
                "triggerOnReplicate": false
            },
            "status": null,
            "top": "40",
            "left": "40",
            "stepType": "\/api\/3\/workflow_step_types\/b348f017-9a94-471f-87f8-ce88b6a7ad62",
            "group": null,
            "uuid": "9fd10d78-d0e6-4534-9767-67e0b064608c"
        },
        {
            "@type": "WorkflowStep",
            "name": "update profile datatpe",
            "description": null,
            "arguments": {
                "when": "{{vars.steps.find_target_output_profile[0].dataType.itemValue != vars.data_type}}",
                "resource": {
                    "dataType": "{{\"Netshot Target Output Source Data Type\" | picklist(vars.data_type, \"@id\")}}"
                },
                "operation": "Append",
                "collection": "{{vars.steps.find_target_output_profile[0]['@id']}}",
                "__recommend": [],
                "collectionType": "\/api\/3\/netshot_target_output_profiles",
                "fieldOperation": {
                    "recordTags": "Append"
                },
                "step_variables": []
            },
            "status": null,
            "top": "240",
            "left": "960",
            "stepType": "\/api\/3\/workflow_step_types\/b593663d-7d13-40ce-a3a3-96dece928722",
            "group": null,
            "uuid": "4d61798a-9bf0-43c4-b3b7-90d45becbf3d"
        }
    ],
    "routes": [
        {
            "@type": "WorkflowRoute",
            "name": "create output record -> output record new",
            "targetStep": "\/api\/3\/workflow_steps\/5dec79ac-2a01-4b98-994d-4d980aeeae05",
            "sourceStep": "\/api\/3\/workflow_steps\/bdac94b5-4e5a-4fe7-a306-0e0394ed672e",
            "label": null,
            "isExecuted": false,
            "group": null,
            "uuid": "c7292eb5-0238-402c-aa2b-e20cf12330d9"
        },
        {
            "@type": "WorkflowRoute",
            "name": "enhance vars -> create output record",
            "targetStep": "\/api\/3\/workflow_steps\/bdac94b5-4e5a-4fe7-a306-0e0394ed672e",
            "sourceStep": "\/api\/3\/workflow_steps\/4a7b6411-2119-4b71-b9ad-07bdf0bac0b4",
            "label": null,
            "isExecuted": false,
            "group": null,
            "uuid": "814a9c2e-0a0f-43b0-874e-3bdae5f47b18"
        },
        {
            "@type": "WorkflowRoute",
            "name": "enhance vars -> update profile datatpe",
            "targetStep": "\/api\/3\/workflow_steps\/4d61798a-9bf0-43c4-b3b7-90d45becbf3d",
            "sourceStep": "\/api\/3\/workflow_steps\/4a7b6411-2119-4b71-b9ad-07bdf0bac0b4",
            "label": null,
            "isExecuted": false,
            "group": null,
            "uuid": "3968963f-7df7-4399-8ec3-8f61ac7bf12e"
        },
        {
            "@type": "WorkflowRoute",
            "name": "find target -> enhance vars",
            "targetStep": "\/api\/3\/workflow_steps\/4a7b6411-2119-4b71-b9ad-07bdf0bac0b4",
            "sourceStep": "\/api\/3\/workflow_steps\/188d05b2-13c3-4ac8-8e81-8cfd6ec1dc82",
            "label": null,
            "isExecuted": false,
            "group": null,
            "uuid": "c0390729-fa2f-4f31-a9af-1aed40acbffc"
        },
        {
            "@type": "WorkflowRoute",
            "name": "find target output profile -> Copy of find target output profile",
            "targetStep": "\/api\/3\/workflow_steps\/188d05b2-13c3-4ac8-8e81-8cfd6ec1dc82",
            "sourceStep": "\/api\/3\/workflow_steps\/33b64b65-0dc0-41e0-b7fc-13be42a34aff",
            "label": null,
            "isExecuted": false,
            "group": null,
            "uuid": "05266ae7-0499-4425-8bfa-43c4ce714a06"
        },
        {
            "@type": "WorkflowRoute",
            "name": "setup env -> find target output profile",
            "targetStep": "\/api\/3\/workflow_steps\/33b64b65-0dc0-41e0-b7fc-13be42a34aff",
            "sourceStep": "\/api\/3\/workflow_steps\/3421f079-d7a7-4cca-8002-3d93fa66de24",
            "label": null,
            "isExecuted": false,
            "group": null,
            "uuid": "c7392aca-73fd-4a9c-a3c6-f62735a6eca0"
        },
        {
            "@type": "WorkflowRoute",
            "name": "Start -> setup env",
            "targetStep": "\/api\/3\/workflow_steps\/3421f079-d7a7-4cca-8002-3d93fa66de24",
            "sourceStep": "\/api\/3\/workflow_steps\/9fd10d78-d0e6-4534-9767-67e0b064608c",
            "label": null,
            "isExecuted": false,
            "group": null,
            "uuid": "ad027fd0-71e4-4048-bd9f-144778bbf4b3"
        }
    ],
    "groups": [
        {
            "@type": "WorkflowGroup",
            "name": "Data Type Override",
            "description": "- The var *datatype_idx* will override the data type of the profile and update the profile.\n - If the data type of the profile does not match our override we will update the profile.",
            "type": "note",
            "isCollapsed": false,
            "hasTriggerStep": false,
            "hideInLogs": false,
            "metadata": [],
            "reusable": false,
            "top": "60",
            "left": "920",
            "height": "140",
            "width": "343",
            "uuid": "c52ba0e0-b737-4b2a-a702-c7fe65371366",
            "recordTags": []
        },
        {
            "@type": "WorkflowGroup",
            "name": "Output Record",
            "description": "The output record is created with the following:\n - Target\n - Output Profile\n - Source Data Type\n - Status: Unknown\n\nThen the output is updated with the status of New to kick off the process to populate the rest of the fields.",
            "type": "note",
            "isCollapsed": false,
            "hasTriggerStep": false,
            "hideInLogs": false,
            "metadata": [],
            "reusable": false,
            "top": "120",
            "left": "80",
            "height": "216",
            "width": "498",
            "uuid": "415a0ad2-d7fb-40be-b372-cb15b8614c77",
            "recordTags": []
        }
    ],
    "priority": "\/api\/3\/picklists\/2b563c61-ae2c-41c0-a85a-c9709585e3f2",
    "playbookOrigin": "\/api\/3\/picklists\/b6d710a9-a8ec-41ec-8817-fe9fa062fcdd",
    "isEditable": true,
    "uuid": "bd3f3005-a272-46fc-a33e-ba8b26bdb7e4",
    "owners": [],
    "isPrivate": false,
    "deletedAt": null,
    "recordTags": [
        "Subroutine",
        "target_id",
        "target_output_profile_id"
    ]
}