{
    "@type": "Workflow",
    "triggerLimit": null,
    "name": "> netshot output reports - report handler - audit",
    "aliasName": null,
    "tag": null,
    "description": "Audit the data against the regex report script.",
    "isActive": true,
    "debug": false,
    "singleRecordExecution": false,
    "remoteExecutableFlag": false,
    "parameters": [
        "netshot_output_report_id",
        "normalize_data_type"
    ],
    "synchronous": false,
    "collection": "\/api\/3\/workflow_collections\/47462724-61c5-401a-be3b-53b8154157f9",
    "versions": [],
    "triggerStep": "\/api\/3\/workflow_steps\/8ea08f72-8ffe-4422-9821-b8bc8443185c",
    "steps": [
        {
            "@type": "WorkflowStep",
            "name": "Audit Type",
            "description": null,
            "arguments": {
                "conditions": [
                    {
                        "default": true,
                        "step_iri": "\/api\/3\/workflow_steps\/d2da543a-f733-4b01-93a2-d512269d2480",
                        "step_name": "Unknown Type"
                    },
                    {
                        "step_iri": "\/api\/3\/workflow_steps\/5dff0450-31f3-408a-bdb4-3ee55fc977df",
                        "condition": "{{ vars.normalize_data_type|lower == \"text\" }}",
                        "step_name": "regex2json text"
                    },
                    {
                        "step_iri": "\/api\/3\/workflow_steps\/a511d3f5-8aa2-4d99-be8d-2ff3f15caa12",
                        "condition": "{{ vars.normalize_data_type|lower == \"tojson\" }}",
                        "step_name": "regex2json json"
                    }
                ],
                "step_variables": []
            },
            "status": null,
            "top": "300",
            "left": "1280",
            "stepType": "\/api\/3\/workflow_step_types\/12254cf5-5db7-4b1a-8cb1-3af081924b28",
            "group": null,
            "uuid": "80e7838d-e87b-4e1d-bdad-774eb6013988"
        },
        {
            "@type": "WorkflowStep",
            "name": "create output record ids",
            "description": null,
            "arguments": {
                "template_id": "{{vars.steps.find_report_record[0].netshotOutputReportProfiles.id}}",
                "output_record_ids": "{{vars.find_output_data_headers | json_query ('[].id') }}"
            },
            "status": null,
            "top": "260",
            "left": "700",
            "stepType": "\/api\/3\/workflow_step_types\/04d0cf46-b6a8-42c4-8683-60a7eaa69e8f",
            "group": null,
            "uuid": "2093686d-06a7-4f99-91f1-f05d17e818c8"
        },
        {
            "@type": "WorkflowStep",
            "name": "create score",
            "description": null,
            "arguments": {
                "score": "{%- if vars.regex2json_summary.exceptions_found > 0 -%}\n{{ 0 - vars.steps.find_report_record[0].netshotOutputReportProfiles.score | int }}\n{%- else -%}\n{{ vars.steps.find_report_record[0].netshotOutputReportProfiles.score | int }}\n{%- endif -%}"
            },
            "status": null,
            "top": "220",
            "left": "40",
            "stepType": "\/api\/3\/workflow_step_types\/04d0cf46-b6a8-42c4-8683-60a7eaa69e8f",
            "group": null,
            "uuid": "fa53aff3-e8b4-451e-be76-eb9214f88886"
        },
        {
            "@type": "WorkflowStep",
            "name": "find output data records",
            "description": null,
            "arguments": {
                "query": {
                    "sort": [
                        {
                            "field": "timestamp",
                            "direction": "DESC",
                            "_fieldName": "timestamp",
                            "_fieldTitle": "Timestamp"
                        }
                    ],
                    "limit": 30,
                    "logic": "AND",
                    "filters": [
                        {
                            "type": "primitive",
                            "field": "netshotOutputReports.id",
                            "value": "{{vars.netshot_output_report_id}}",
                            "operator": "eq",
                            "_operator": "eq"
                        }
                    ],
                    "__selectFields": [
                        "name",
                        "timestamp",
                        "id",
                        "context"
                    ]
                },
                "module": "netshot_target_outputs?$limit=1&$relationships=true&$fsr_max_relation_count=1000",
                "checkboxFields": true,
                "step_variables": {
                    "find_output_data_headers": "{{vars.steps.find_output_data_records}}"
                }
            },
            "status": null,
            "top": "160",
            "left": "700",
            "stepType": "\/api\/3\/workflow_step_types\/b593663d-7d13-40ce-a3a3-96dece928770",
            "group": null,
            "uuid": "1be03e47-bbbd-417d-93c8-bb50b8de9671"
        },
        {
            "@type": "WorkflowStep",
            "name": "find report record",
            "description": null,
            "arguments": {
                "query": {
                    "sort": [],
                    "limit": 30,
                    "logic": "AND",
                    "filters": [
                        {
                            "type": "primitive",
                            "field": "id",
                            "value": "{{vars.netshot_output_report_id}}",
                            "operator": "eq",
                            "_operator": "eq"
                        }
                    ],
                    "__selectFields": [
                        "name",
                        "context",
                        "netshotOutputReportProfiles"
                    ]
                },
                "module": "netshot_output_reports?$limit=1",
                "checkboxFields": true,
                "step_variables": {
                    "find_target_data": "{{vars.steps.find_report_record}}"
                }
            },
            "status": null,
            "top": "60",
            "left": "700",
            "stepType": "\/api\/3\/workflow_step_types\/b593663d-7d13-40ce-a3a3-96dece928770",
            "group": null,
            "uuid": "b59116fa-a40e-4bd9-8194-246246a36118"
        },
        {
            "@type": "WorkflowStep",
            "name": "regex2json data",
            "description": null,
            "arguments": {
                "regex2json_data": "{%- set regex2json_data = vars.regex2json_result -%}\n{%- set table = [] -%}\n{% set x = namespace(c=0) %}\n{%- for audit in regex2json_data -%}\n  {%- set report = {} -%}\n  {%- do report.update({\"data_headers\":vars.find_output_data_headers[x.c]}) -%}\n  {%- do report.update({\"summary\":audit.output.summary}) -%}\n  {%- set md = [] -%}\n  {%- do md.append('| Line | Text | Message | ') -%}\n  {%- do md.append('| ----- | ----- | --------- | ') -%}\n  {%- for l in audit.output.lines|json_query(' [?has_exception == `true`] ')  -%}\n    {%- do md.append('|' + l.line_number|string + '|' + l.content|regex_replace(\"\\|\",\"\/\") + '|' + l.details|regex_replace(\"\\|\",\"\/\") ) -%}\n  {%- endfor -%}  \n  {%- do report.update({\"markdown\":md}) -%}\n  {%- do table.append(report) -%}\n  {%- set x.c=x.c+1 -%}\n{%- endfor -%}\n{{table}}",
                "regex2json_summary": "{%- set regex2json_data = vars.regex2json_result -%}\n{%- set idx = {\n  \"total_lines\":0,\n  \"exceptions_found\":0,\n  \"exception_status\": \"None\"\n} -%}\n{%- for audit in regex2json_data -%}\n  {%- if audit.output.summary is defined -%}\n  {% set summary = audit.output.summary -%}\n    {%- do idx.update({\n      \"total_lines\":idx.total_lines + summary.total_lines,\n      \"exceptions_found\":idx.exceptions_found + summary.exceptions_found,\n      }) \n    -%}\n  {%- endif -%}\n{%- endfor -%}\n{%- if idx.exceptions_found > 0 -%}\n{%- do idx.update({\"exception_status\":\"Exceptions Found\"}) -%}\n{%- endif -%}\n{{idx}}"
            },
            "status": null,
            "top": "320",
            "left": "40",
            "stepType": "\/api\/3\/workflow_step_types\/04d0cf46-b6a8-42c4-8683-60a7eaa69e8f",
            "group": null,
            "uuid": "63b7585f-0888-4d5d-b620-55197b66387a"
        },
        {
            "@type": "WorkflowStep",
            "name": "regex2json json",
            "description": null,
            "arguments": {
                "for_each": {
                    "item": "{{vars.output_record_ids}}",
                    "parallel": false,
                    "condition": ""
                },
                "arguments": {
                    "netshot_target_output_id": "{{vars.item}}",
                    "netshot_target_template_id": "{{vars.template_id}}"
                },
                "apply_async": false,
                "step_variables": [],
                "pass_parent_env": false,
                "pass_input_record": false,
                "workflowReference": "\/api\/3\/workflows\/5b1998e3-0bd4-47a5-b7ee-023da26cffc9"
            },
            "status": null,
            "top": "460",
            "left": "920",
            "stepType": "\/api\/3\/workflow_step_types\/74932bdc-b8b6-4d24-88c4-1a4dfbc524f3",
            "group": null,
            "uuid": "a511d3f5-8aa2-4d99-be8d-2ff3f15caa12"
        },
        {
            "@type": "WorkflowStep",
            "name": "regex2json json result",
            "description": null,
            "arguments": {
                "regex2json_result": "{{vars.steps.regex2json_json}}"
            },
            "status": null,
            "top": "460",
            "left": "640",
            "stepType": "\/api\/3\/workflow_step_types\/04d0cf46-b6a8-42c4-8683-60a7eaa69e8f",
            "group": null,
            "uuid": "7855dec9-6c9e-49ae-b4ed-34bd37e92d8f"
        },
        {
            "@type": "WorkflowStep",
            "name": "regex2json text",
            "description": null,
            "arguments": {
                "for_each": {
                    "item": "{{vars.output_record_ids}}",
                    "parallel": false,
                    "condition": ""
                },
                "arguments": {
                    "netshot_target_output_id": "{{vars.item}}",
                    "netshot_target_template_id": "{{vars.template_id}}"
                },
                "apply_async": false,
                "step_variables": [],
                "pass_parent_env": false,
                "pass_input_record": false,
                "workflowReference": "\/api\/3\/workflows\/c5d76ff6-82d9-43a2-abcb-09a1fca4ee7d"
            },
            "status": null,
            "top": "380",
            "left": "880",
            "stepType": "\/api\/3\/workflow_step_types\/74932bdc-b8b6-4d24-88c4-1a4dfbc524f3",
            "group": null,
            "uuid": "5dff0450-31f3-408a-bdb4-3ee55fc977df"
        },
        {
            "@type": "WorkflowStep",
            "name": "regex2json text result",
            "description": null,
            "arguments": {
                "regex2json_result": "{{vars.steps.regex2json_text}}"
            },
            "status": null,
            "top": "380",
            "left": "600",
            "stepType": "\/api\/3\/workflow_step_types\/04d0cf46-b6a8-42c4-8683-60a7eaa69e8f",
            "group": null,
            "uuid": "ffa659e1-bcad-4a87-90b1-9ccef840e435"
        },
        {
            "@type": "WorkflowStep",
            "name": "setup env",
            "description": null,
            "arguments": {
                "normalize_data_type": "{%- set v = vars.input.params['normalize_data_type'] -%}\n{%- if v not in ['',None] -%}\n{{v}}\n{%- else -%}\ntext\n{%- endif -%}",
                "netshot_output_report_id": "{{vars.input.params['netshot_output_report_id']}}"
            },
            "status": null,
            "top": "40",
            "left": "340",
            "stepType": "\/api\/3\/workflow_step_types\/04d0cf46-b6a8-42c4-8683-60a7eaa69e8f",
            "group": null,
            "uuid": "e6f99e55-7057-4f9c-9693-672252bb8317"
        },
        {
            "@type": "WorkflowStep",
            "name": "Start",
            "description": null,
            "arguments": {
                "__triggerLimit": true,
                "step_variables": {
                    "input": {
                        "params": []
                    }
                },
                "triggerOnSource": true,
                "triggerOnReplicate": false
            },
            "status": null,
            "top": "40",
            "left": "40",
            "stepType": "\/api\/3\/workflow_step_types\/b348f017-9a94-471f-87f8-ce88b6a7ad62",
            "group": null,
            "uuid": "8ea08f72-8ffe-4422-9821-b8bc8443185c"
        },
        {
            "@type": "WorkflowStep",
            "name": "Unknown Type",
            "description": null,
            "arguments": [],
            "status": null,
            "top": "160",
            "left": "1520",
            "stepType": "\/api\/3\/workflow_step_types\/04d0cf46-b6a8-42c4-8683-60a7eaa69e8f",
            "group": null,
            "uuid": "d2da543a-f733-4b01-93a2-d512269d2480"
        },
        {
            "@type": "WorkflowStep",
            "name": "update record",
            "description": null,
            "arguments": {
                "resource": {
                    "score": "{{vars.score}}",
                    "exceptionStatus": "{{ \"Netshot Output Report Exception Status\" | picklist(vars.regex2json_summary.exception_status)  }}",
                    "exceptionsFound": "{{vars.regex2json_summary.exceptions_found}}",
                    "reportOutputMarkdown": "{% for a in vars.regex2json_data -%}\n**ID:{{a.data_headers.id}} {{a.data_headers.name}} ( {{arrow.get(a.data_headers.timestamp).to(\"UTC\").format(\"YYYY-MM-DD HH:mm:ss ZZ\")}} )**\n{% if a.markdown|length > 2 -%}\n{{a.markdown|join(\"\\n\")}}\n{% else -%}\nNo Exceptions Found!\n{% endif -%}\n \n{% endfor -%}"
                },
                "operation": "Append",
                "collection": "{{vars.steps.find_report_record[0]['@id']}}",
                "__recommend": [],
                "collectionType": "\/api\/3\/netshot_output_reports",
                "fieldOperation": {
                    "recordTags": "Append"
                },
                "step_variables": []
            },
            "status": null,
            "top": "120",
            "left": "40",
            "stepType": "\/api\/3\/workflow_step_types\/b593663d-7d13-40ce-a3a3-96dece928722",
            "group": null,
            "uuid": "b1afda16-08f8-4040-aae0-8e2364a20e51"
        }
    ],
    "routes": [
        {
            "@type": "WorkflowRoute",
            "name": "Audit Type -> Copy of regex2json text",
            "targetStep": "\/api\/3\/workflow_steps\/a511d3f5-8aa2-4d99-be8d-2ff3f15caa12",
            "sourceStep": "\/api\/3\/workflow_steps\/80e7838d-e87b-4e1d-bdad-774eb6013988",
            "label": null,
            "isExecuted": false,
            "group": null,
            "uuid": "c5ea551f-e497-4e51-8ff7-fba91073cf70"
        },
        {
            "@type": "WorkflowRoute",
            "name": "Audit Type -> regex2json",
            "targetStep": "\/api\/3\/workflow_steps\/5dff0450-31f3-408a-bdb4-3ee55fc977df",
            "sourceStep": "\/api\/3\/workflow_steps\/80e7838d-e87b-4e1d-bdad-774eb6013988",
            "label": null,
            "isExecuted": false,
            "group": null,
            "uuid": "e7922d06-4a1e-4a0e-a72b-ecdcbb1a168c"
        },
        {
            "@type": "WorkflowRoute",
            "name": "Audit Type -> Unknown Type",
            "targetStep": "\/api\/3\/workflow_steps\/d2da543a-f733-4b01-93a2-d512269d2480",
            "sourceStep": "\/api\/3\/workflow_steps\/80e7838d-e87b-4e1d-bdad-774eb6013988",
            "label": null,
            "isExecuted": false,
            "group": null,
            "uuid": "39a70db3-c8ad-4828-9069-f95336113be0"
        },
        {
            "@type": "WorkflowRoute",
            "name": "Copy of regex2json text -> Copy of regex2json text data",
            "targetStep": "\/api\/3\/workflow_steps\/7855dec9-6c9e-49ae-b4ed-34bd37e92d8f",
            "sourceStep": "\/api\/3\/workflow_steps\/a511d3f5-8aa2-4d99-be8d-2ff3f15caa12",
            "label": null,
            "isExecuted": false,
            "group": null,
            "uuid": "bdaeac41-6b61-4956-a7ea-1d0453093af8"
        },
        {
            "@type": "WorkflowRoute",
            "name": "Copy of regex2json text data -> regex2json text data",
            "targetStep": "\/api\/3\/workflow_steps\/63b7585f-0888-4d5d-b620-55197b66387a",
            "sourceStep": "\/api\/3\/workflow_steps\/ffa659e1-bcad-4a87-90b1-9ccef840e435",
            "label": null,
            "isExecuted": false,
            "group": null,
            "uuid": "e6e3d6da-deae-4cea-ac03-e0869f19b8bc"
        },
        {
            "@type": "WorkflowRoute",
            "name": "create output record ids -> Audit Type",
            "targetStep": "\/api\/3\/workflow_steps\/80e7838d-e87b-4e1d-bdad-774eb6013988",
            "sourceStep": "\/api\/3\/workflow_steps\/2093686d-06a7-4f99-91f1-f05d17e818c8",
            "label": null,
            "isExecuted": false,
            "group": null,
            "uuid": "08c73902-06c5-438a-b142-31d16488fc69"
        },
        {
            "@type": "WorkflowRoute",
            "name": "create score -> update record",
            "targetStep": "\/api\/3\/workflow_steps\/b1afda16-08f8-4040-aae0-8e2364a20e51",
            "sourceStep": "\/api\/3\/workflow_steps\/fa53aff3-e8b4-451e-be76-eb9214f88886",
            "label": null,
            "isExecuted": false,
            "group": null,
            "uuid": "cf938c9a-0fb6-4544-8a03-7d7bd58ec855"
        },
        {
            "@type": "WorkflowRoute",
            "name": "find output data records -> create output record ids",
            "targetStep": "\/api\/3\/workflow_steps\/2093686d-06a7-4f99-91f1-f05d17e818c8",
            "sourceStep": "\/api\/3\/workflow_steps\/1be03e47-bbbd-417d-93c8-bb50b8de9671",
            "label": null,
            "isExecuted": false,
            "group": null,
            "uuid": "c29af212-e25f-4482-8951-a075a4f59725"
        },
        {
            "@type": "WorkflowRoute",
            "name": "find report record -> find output data records",
            "targetStep": "\/api\/3\/workflow_steps\/1be03e47-bbbd-417d-93c8-bb50b8de9671",
            "sourceStep": "\/api\/3\/workflow_steps\/b59116fa-a40e-4bd9-8194-246246a36118",
            "label": null,
            "isExecuted": false,
            "group": null,
            "uuid": "d52b9b94-b79d-49f2-9a1c-092b966cc392"
        },
        {
            "@type": "WorkflowRoute",
            "name": "regex2json data -> create score",
            "targetStep": "\/api\/3\/workflow_steps\/fa53aff3-e8b4-451e-be76-eb9214f88886",
            "sourceStep": "\/api\/3\/workflow_steps\/63b7585f-0888-4d5d-b620-55197b66387a",
            "label": null,
            "isExecuted": false,
            "group": null,
            "uuid": "a2556826-6513-4fa0-bd59-2318bd3ba867"
        },
        {
            "@type": "WorkflowRoute",
            "name": "regex2json json data -> regex2json text data",
            "targetStep": "\/api\/3\/workflow_steps\/63b7585f-0888-4d5d-b620-55197b66387a",
            "sourceStep": "\/api\/3\/workflow_steps\/7855dec9-6c9e-49ae-b4ed-34bd37e92d8f",
            "label": null,
            "isExecuted": false,
            "group": null,
            "uuid": "13b4a17e-dda0-41c1-94e9-d9352972cee1"
        },
        {
            "@type": "WorkflowRoute",
            "name": "regex2json text -> Copy of regex2json text data",
            "targetStep": "\/api\/3\/workflow_steps\/ffa659e1-bcad-4a87-90b1-9ccef840e435",
            "sourceStep": "\/api\/3\/workflow_steps\/5dff0450-31f3-408a-bdb4-3ee55fc977df",
            "label": null,
            "isExecuted": false,
            "group": null,
            "uuid": "ad4824e8-e220-447d-9d2a-a2dabfca7fc7"
        },
        {
            "@type": "WorkflowRoute",
            "name": "setup env -> find report record",
            "targetStep": "\/api\/3\/workflow_steps\/b59116fa-a40e-4bd9-8194-246246a36118",
            "sourceStep": "\/api\/3\/workflow_steps\/e6f99e55-7057-4f9c-9693-672252bb8317",
            "label": null,
            "isExecuted": false,
            "group": null,
            "uuid": "e18e6220-a3b8-47fa-a063-dd6a950d135b"
        },
        {
            "@type": "WorkflowRoute",
            "name": "Start -> setup env",
            "targetStep": "\/api\/3\/workflow_steps\/e6f99e55-7057-4f9c-9693-672252bb8317",
            "sourceStep": "\/api\/3\/workflow_steps\/8ea08f72-8ffe-4422-9821-b8bc8443185c",
            "label": null,
            "isExecuted": false,
            "group": null,
            "uuid": "7eb0fd0e-0f3e-4452-8e86-fb3b16b72ce2"
        }
    ],
    "groups": [
        {
            "@type": "WorkflowGroup",
            "name": "Playbook Notes",
            "description": "Notes:\nDoes recursive record searching to try to limit output in playbook logs. \nUses the latest target output record via the find step.",
            "type": "note",
            "isCollapsed": false,
            "hasTriggerStep": false,
            "hideInLogs": false,
            "metadata": [],
            "reusable": false,
            "top": "60",
            "left": "980",
            "height": "136",
            "width": "492",
            "uuid": "e0c3443c-1428-4db8-9d33-9e0ae8101ec6",
            "recordTags": []
        }
    ],
    "priority": "\/api\/3\/picklists\/2b563c61-ae2c-41c0-a85a-c9709585e3f2",
    "playbookOrigin": "\/api\/3\/picklists\/b6d710a9-a8ec-41ec-8817-fe9fa062fcdd",
    "isEditable": true,
    "uuid": "03f5157b-142e-486b-bd0b-7fae427c82e4",
    "owners": [],
    "isPrivate": false,
    "deletedAt": null,
    "recordTags": [
        "context",
        "netshot_output_report_id",
        "Report Handler"
    ]
}