{
    "@type": "Workflow",
    "triggerLimit": null,
    "name": "> netshot ssh - run commands and create target outputs",
    "aliasName": null,
    "tag": null,
    "description": "Run SSH commands on a device in comma separated input.",
    "isActive": false,
    "debug": false,
    "singleRecordExecution": false,
    "remoteExecutableFlag": false,
    "parameters": [
        "asset_ip",
        "asset_user",
        "asset_password",
        "commands",
        "target_record_id",
        "output_profile_fqid"
    ],
    "synchronous": false,
    "collection": "\/api\/3\/workflow_collections\/47462724-61c5-401a-be3b-53b8154157f9",
    "versions": [],
    "triggerStep": "\/api\/3\/workflow_steps\/285135aa-90cb-4e40-a0e3-c77a2b105d2f",
    "steps": [
        {
            "@type": "WorkflowStep",
            "name": "create output",
            "description": null,
            "arguments": {
                "for_each": {
                    "item": "{{vars.ssh_output}}",
                    "parallel": false,
                    "condition": ""
                },
                "arguments": {
                    "context": "{{vars.item['cmd']}}",
                    "is_json": "",
                    "raw_data": "{{vars.item['data']}}",
                    "timestamp": "",
                    "target_record_id": "{{vars.target_record_id}}",
                    "output_profile_fqid": "{{vars.output_profile_fqid}}"
                },
                "apply_async": false,
                "step_variables": [],
                "pass_parent_env": false,
                "pass_input_record": false,
                "workflowReference": "\/api\/3\/workflows\/335783b5-873d-47e3-a58a-31b56575258e"
            },
            "status": null,
            "top": "240",
            "left": "40",
            "stepType": "\/api\/3\/workflow_step_types\/74932bdc-b8b6-4d24-88c4-1a4dfbc524f3",
            "group": null,
            "uuid": "b3f1d952-7545-410d-ba1b-a7e2056866ec"
        },
        {
            "@type": "WorkflowStep",
            "name": "get ssh config",
            "description": null,
            "arguments": {
                "arguments": {
                    "host": "{{vars.asset_ip}}",
                    "password": "{{vars.asset_password}}",
                    "username": "{{vars.asset_user}}"
                },
                "apply_async": false,
                "step_variables": [],
                "pass_parent_env": false,
                "pass_input_record": false,
                "workflowReference": "\/api\/3\/workflows\/a42e3424-3bf9-4ef6-8dca-d1d5c84fb7c7"
            },
            "status": null,
            "top": "140",
            "left": "360",
            "stepType": "\/api\/3\/workflow_step_types\/74932bdc-b8b6-4d24-88c4-1a4dfbc524f3",
            "group": null,
            "uuid": "f4309683-15da-40a7-8ce7-54c230826d7d"
        },
        {
            "@type": "WorkflowStep",
            "name": "setup env",
            "description": null,
            "arguments": {
                "asset_ip": "{{vars.input.params['asset_ip']}}",
                "asset_user": "{{vars.input.params['asset_user']|default('admin')}}",
                "command_list": "{{vars.input.params['commands'].replace('\\n', ',').split(\",\")}}",
                "asset_password": "{{vars.input.params['asset_password']|default('fortinet')}}",
                "target_record_id": "{{vars.input.params['target_record_id']}}",
                "output_profile_fqid": "{{vars.input.params['output_profile_fqid']}}"
            },
            "status": null,
            "top": "40",
            "left": "360",
            "stepType": "\/api\/3\/workflow_step_types\/04d0cf46-b6a8-42c4-8683-60a7eaa69e8f",
            "group": null,
            "uuid": "56ec060e-d069-4f47-8789-c98a8ce6ac8b"
        },
        {
            "@type": "WorkflowStep",
            "name": "ssh commands",
            "description": null,
            "arguments": {
                "name": "SSH",
                "config": "{{vars.steps.get_ssh_config.output}}",
                "params": {
                    "cmd": "{{vars.item}}",
                    "allowed_exit": "-1,0",
                    "is_super_user": false
                },
                "version": "2.1.2",
                "for_each": {
                    "item": "{{vars.command_list}}",
                    "parallel": false,
                    "condition": ""
                },
                "connector": "ssh",
                "operation": "run_remote_command",
                "operationTitle": "Execute remote command",
                "pickFromTenant": false,
                "step_variables": []
            },
            "status": null,
            "top": "240",
            "left": "360",
            "stepType": "\/api\/3\/workflow_step_types\/0bfed618-0316-11e7-93ae-92361f002671",
            "group": null,
            "uuid": "05dd5382-1e03-4786-b160-7e1c70f1ff22"
        },
        {
            "@type": "WorkflowStep",
            "name": "ssh_return",
            "description": null,
            "arguments": {
                "ssh_output": "{%- set i = namespace(x=0) -%}\n{%- set table = [] -%}\n{%- for d in vars.steps.ssh_commands -%}\n  {%- set idx = {} -%}\n  {%- set _do = idx.update({\n   \"data\": d.data.replace('\\r',''),\n   \"cmd\": vars.command_list[i.x] \n  }) -%}\n  {%- set _do = table.append(idx)  -%}\n  {% set i.x = i.x+1 -%}\n{%- endfor -%}\n{{table}}"
            },
            "status": null,
            "top": "120",
            "left": "40",
            "stepType": "\/api\/3\/workflow_step_types\/04d0cf46-b6a8-42c4-8683-60a7eaa69e8f",
            "group": null,
            "uuid": "8707147b-6510-4035-94ef-3f841f0c41a1"
        },
        {
            "@type": "WorkflowStep",
            "name": "Start",
            "description": null,
            "arguments": {
                "__triggerLimit": true,
                "step_variables": {
                    "input": {
                        "params": []
                    }
                },
                "triggerOnSource": true,
                "triggerOnReplicate": false
            },
            "status": null,
            "top": "40",
            "left": "40",
            "stepType": "\/api\/3\/workflow_step_types\/b348f017-9a94-471f-87f8-ce88b6a7ad62",
            "group": null,
            "uuid": "285135aa-90cb-4e40-a0e3-c77a2b105d2f"
        }
    ],
    "routes": [
        {
            "@type": "WorkflowRoute",
            "name": "get ssh config -> ssh commands",
            "targetStep": "\/api\/3\/workflow_steps\/05dd5382-1e03-4786-b160-7e1c70f1ff22",
            "sourceStep": "\/api\/3\/workflow_steps\/f4309683-15da-40a7-8ce7-54c230826d7d",
            "label": null,
            "isExecuted": false,
            "group": null,
            "uuid": "a6e1ec86-e0f9-4459-943d-a255c8e7fae8"
        },
        {
            "@type": "WorkflowRoute",
            "name": "setup env -> get ssh config",
            "targetStep": "\/api\/3\/workflow_steps\/f4309683-15da-40a7-8ce7-54c230826d7d",
            "sourceStep": "\/api\/3\/workflow_steps\/56ec060e-d069-4f47-8789-c98a8ce6ac8b",
            "label": null,
            "isExecuted": false,
            "group": null,
            "uuid": "ece5204b-51fd-4d0b-aee0-a27706d6cb7f"
        },
        {
            "@type": "WorkflowRoute",
            "name": "ssh commands -> return",
            "targetStep": "\/api\/3\/workflow_steps\/8707147b-6510-4035-94ef-3f841f0c41a1",
            "sourceStep": "\/api\/3\/workflow_steps\/05dd5382-1e03-4786-b160-7e1c70f1ff22",
            "label": null,
            "isExecuted": false,
            "group": null,
            "uuid": "9835f5c4-4f26-409c-9cdc-5276fdbc6794"
        },
        {
            "@type": "WorkflowRoute",
            "name": "ssh_return -> create output",
            "targetStep": "\/api\/3\/workflow_steps\/b3f1d952-7545-410d-ba1b-a7e2056866ec",
            "sourceStep": "\/api\/3\/workflow_steps\/8707147b-6510-4035-94ef-3f841f0c41a1",
            "label": null,
            "isExecuted": false,
            "group": null,
            "uuid": "1ad5b8af-ce93-4d8f-8a5b-3de554d892d3"
        },
        {
            "@type": "WorkflowRoute",
            "name": "Start -> setup env",
            "targetStep": "\/api\/3\/workflow_steps\/56ec060e-d069-4f47-8789-c98a8ce6ac8b",
            "sourceStep": "\/api\/3\/workflow_steps\/285135aa-90cb-4e40-a0e3-c77a2b105d2f",
            "label": null,
            "isExecuted": false,
            "group": null,
            "uuid": "a191e632-b39b-4b7f-ac8c-913b31ce225c"
        }
    ],
    "groups": [],
    "priority": "\/api\/3\/picklists\/2b563c61-ae2c-41c0-a85a-c9709585e3f2",
    "playbookOrigin": "\/api\/3\/picklists\/b6d710a9-a8ec-41ec-8817-fe9fa062fcdd",
    "isEditable": true,
    "uuid": "beac8b60-5d3f-4fd8-9c80-7ad642f67f2f",
    "owners": [],
    "isPrivate": false,
    "deletedAt": null,
    "recordTags": [
        "asset_ip",
        "asset_password",
        "asset_user",
        "commands",
        "Subroutine",
        "target_record_id:"
    ]
}