{
    "@type": "Workflow",
    "triggerLimit": null,
    "name": "> netshot target - run linked target output profiles",
    "aliasName": null,
    "tag": null,
    "description": "Loop through linked output profiles and call the run on target reference.",
    "isActive": true,
    "debug": false,
    "singleRecordExecution": false,
    "remoteExecutableFlag": false,
    "parameters": [
        "target_record_id",
        "target_ip",
        "target_username",
        "target_password"
    ],
    "synchronous": false,
    "collection": "\/api\/3\/workflow_collections\/47462724-61c5-401a-be3b-53b8154157f9",
    "versions": [],
    "triggerStep": "\/api\/3\/workflow_steps\/ed235e09-d830-48d0-be38-1cef97e04174",
    "steps": [
        {
            "@type": "WorkflowStep",
            "name": "find output pofiles",
            "description": null,
            "arguments": {
                "query": {
                    "sort": [
                        {
                            "field": "orderPriority",
                            "direction": "ASC",
                            "_fieldName": "orderPriority",
                            "_fieldTitle": "Order Priority"
                        }
                    ],
                    "limit": 30,
                    "logic": "AND",
                    "filters": [
                        {
                            "type": "primitive",
                            "field": "netshotTargets.id",
                            "value": "{{vars.target_record_id}}",
                            "operator": "eq",
                            "_operator": "eq"
                        }
                    ],
                    "__selectFields": [
                        "name",
                        "id"
                    ]
                },
                "module": "netshot_target_output_profiles?$limit=5000",
                "checkboxFields": true,
                "step_variables": []
            },
            "status": null,
            "top": "240",
            "left": "700",
            "stepType": "\/api\/3\/workflow_step_types\/b593663d-7d13-40ce-a3a3-96dece928770",
            "group": null,
            "uuid": "7f0b2655-e2ef-4099-9e8c-d1a300e0fd3a"
        },
        {
            "@type": "WorkflowStep",
            "name": "find target",
            "description": null,
            "arguments": {
                "query": {
                    "sort": [],
                    "limit": 30,
                    "logic": "AND",
                    "filters": [
                        {
                            "type": "primitive",
                            "field": "id",
                            "value": "{{vars.target_record_id}}",
                            "operator": "eq",
                            "_operator": "eq"
                        }
                    ],
                    "__selectFields": [
                        "name",
                        "id",
                        "type"
                    ]
                },
                "module": "netshot_targets?$limit=1",
                "checkboxFields": true,
                "step_variables": {
                    "find_target_results": "{{vars.steps.find_target}}"
                }
            },
            "status": null,
            "top": "40",
            "left": "700",
            "stepType": "\/api\/3\/workflow_step_types\/b593663d-7d13-40ce-a3a3-96dece928770",
            "group": null,
            "uuid": "bc72fe9c-6b6c-499b-9c6a-bf29725e038b"
        },
        {
            "@type": "WorkflowStep",
            "name": "profile on target",
            "description": null,
            "arguments": {
                "for_each": {
                    "item": "{{vars.steps.find_output_pofiles}}",
                    "__bulk": false,
                    "parallel": false,
                    "condition": ""
                },
                "arguments": {
                    "target_id": "{{vars.target_record_id}}",
                    "target_output_profile_id": "{{vars.item.id}}"
                },
                "apply_async": false,
                "step_variables": [],
                "pass_parent_env": false,
                "pass_input_record": false,
                "workflowReference": "\/api\/3\/workflows\/bd3f3005-a272-46fc-a33e-ba8b26bdb7e4"
            },
            "status": null,
            "top": "240",
            "left": "60",
            "stepType": "\/api\/3\/workflow_step_types\/74932bdc-b8b6-4d24-88c4-1a4dfbc524f3",
            "group": null,
            "uuid": "bbe06da8-ac63-4f45-a47f-3f1f0bdf77dc"
        },
        {
            "@type": "WorkflowStep",
            "name": "setup env",
            "description": null,
            "arguments": {
                "empty_data": "''",
                "requeue_outputs": "True",
                "target_record_id": "{{vars.input.params['target_record_id']}}"
            },
            "status": null,
            "top": "40",
            "left": "380",
            "stepType": "\/api\/3\/workflow_step_types\/04d0cf46-b6a8-42c4-8683-60a7eaa69e8f",
            "group": null,
            "uuid": "2a6ade73-8bbb-42be-8002-2bcd0109b4f2"
        },
        {
            "@type": "WorkflowStep",
            "name": "Start",
            "description": null,
            "arguments": {
                "__triggerLimit": true,
                "step_variables": {
                    "input": {
                        "params": []
                    }
                },
                "triggerOnSource": true,
                "triggerOnReplicate": false
            },
            "status": null,
            "top": "40",
            "left": "40",
            "stepType": "\/api\/3\/workflow_step_types\/b348f017-9a94-471f-87f8-ce88b6a7ad62",
            "group": null,
            "uuid": "ed235e09-d830-48d0-be38-1cef97e04174"
        }
    ],
    "routes": [
        {
            "@type": "WorkflowRoute",
            "name": "find output pofiles -> profile on target",
            "targetStep": "\/api\/3\/workflow_steps\/bbe06da8-ac63-4f45-a47f-3f1f0bdf77dc",
            "sourceStep": "\/api\/3\/workflow_steps\/7f0b2655-e2ef-4099-9e8c-d1a300e0fd3a",
            "label": null,
            "isExecuted": false,
            "group": null,
            "uuid": "c381f3f8-568d-4764-bd58-6ae3e2f78076"
        },
        {
            "@type": "WorkflowRoute",
            "name": "find target -> find output pofiles",
            "targetStep": "\/api\/3\/workflow_steps\/7f0b2655-e2ef-4099-9e8c-d1a300e0fd3a",
            "sourceStep": "\/api\/3\/workflow_steps\/bc72fe9c-6b6c-499b-9c6a-bf29725e038b",
            "label": null,
            "isExecuted": false,
            "group": null,
            "uuid": "d5326fca-7c90-43e0-8ada-2e2f4011aa6f"
        },
        {
            "@type": "WorkflowRoute",
            "name": "setup env -> find target",
            "targetStep": "\/api\/3\/workflow_steps\/bc72fe9c-6b6c-499b-9c6a-bf29725e038b",
            "sourceStep": "\/api\/3\/workflow_steps\/2a6ade73-8bbb-42be-8002-2bcd0109b4f2",
            "label": null,
            "isExecuted": false,
            "group": null,
            "uuid": "7b4e69b4-8a34-4ee6-b497-fb88319c3a77"
        },
        {
            "@type": "WorkflowRoute",
            "name": "Start -> setup env",
            "targetStep": "\/api\/3\/workflow_steps\/2a6ade73-8bbb-42be-8002-2bcd0109b4f2",
            "sourceStep": "\/api\/3\/workflow_steps\/ed235e09-d830-48d0-be38-1cef97e04174",
            "label": null,
            "isExecuted": false,
            "group": null,
            "uuid": "d3d411a2-38aa-4e70-9903-d75fb7ee1973"
        }
    ],
    "groups": [
        {
            "@type": "WorkflowGroup",
            "name": "Playbook Logic",
            "description": "- Find output profiles linked to the target\n- Create output records with the status NEW for each profile",
            "type": "note",
            "isCollapsed": false,
            "hasTriggerStep": false,
            "hideInLogs": false,
            "metadata": [],
            "reusable": false,
            "top": "120",
            "left": "240",
            "height": "101",
            "width": "498",
            "uuid": "f59456be-88b3-4de0-bf1d-7afe0e363519",
            "recordTags": []
        }
    ],
    "priority": "\/api\/3\/picklists\/2b563c61-ae2c-41c0-a85a-c9709585e3f2",
    "playbookOrigin": "\/api\/3\/picklists\/b6d710a9-a8ec-41ec-8817-fe9fa062fcdd",
    "isEditable": true,
    "uuid": "cb239966-fe53-4da3-86b2-608b5e451ad8",
    "owners": [],
    "isPrivate": false,
    "deletedAt": null,
    "recordTags": []
}