{
    "@type": "Workflow",
    "triggerLimit": null,
    "name": "> netshot api - run rest api and create target output",
    "aliasName": null,
    "tag": null,
    "description": "Run a REST API and create an output record.",
    "isActive": false,
    "debug": false,
    "singleRecordExecution": false,
    "remoteExecutableFlag": false,
    "parameters": [
        "asset_ip",
        "target_record_id",
        "api_resource",
        "output_profile_fqid",
        "api_header",
        "api_body",
        "api_method",
        "context",
        "data_type"
    ],
    "synchronous": false,
    "collection": "\/api\/3\/workflow_collections\/47462724-61c5-401a-be3b-53b8154157f9",
    "versions": [],
    "triggerStep": "\/api\/3\/workflow_steps\/5672fd94-f47a-466b-ab82-e5c9aec002f5",
    "steps": [
        {
            "@type": "WorkflowStep",
            "name": "create jinja vars",
            "description": null,
            "arguments": {
                "jinja_vars": "{%- set v = {} -%}\n{%- do v.update({\"target\":vars.steps.get_target_jinja_vars.output}) -%}\n{{v}}\n"
            },
            "status": null,
            "top": "120",
            "left": "600",
            "stepType": "\/api\/3\/workflow_step_types\/04d0cf46-b6a8-42c4-8683-60a7eaa69e8f",
            "group": null,
            "uuid": "d097e46d-9a40-4b5c-b292-bf28b85573a8"
        },
        {
            "@type": "WorkflowStep",
            "name": "create output",
            "description": null,
            "arguments": {
                "arguments": {
                    "context": "{{vars.context}}",
                    "is_json": "True",
                    "raw_data": "{{vars.steps.execute_api.data|tojson}}",
                    "data_type": "{{vars.data_type}}",
                    "timestamp": "",
                    "target_record_id": "{{vars.target_record_id}}",
                    "output_profile_fqid": "{{vars.output_profile_fqid}}"
                },
                "apply_async": false,
                "step_variables": [],
                "pass_parent_env": false,
                "pass_input_record": false,
                "workflowReference": "\/api\/3\/workflows\/335783b5-873d-47e3-a58a-31b56575258e"
            },
            "status": null,
            "top": "120",
            "left": "40",
            "stepType": "\/api\/3\/workflow_step_types\/74932bdc-b8b6-4d24-88c4-1a4dfbc524f3",
            "group": null,
            "uuid": "d0c475fc-9870-4a80-8940-a4183170a881"
        },
        {
            "@type": "WorkflowStep",
            "name": "enhance api vars",
            "description": null,
            "arguments": {
                "api_body": "{{vars.steps.jinja_render_api_body.output}}",
                "api_header": "{{vars.steps.jinja_render_api_header.output}}",
                "api_resource": "{{vars.steps.jinja_render_api_resource.output}}"
            },
            "status": null,
            "top": "200",
            "left": "600",
            "stepType": "\/api\/3\/workflow_step_types\/04d0cf46-b6a8-42c4-8683-60a7eaa69e8f",
            "group": null,
            "uuid": "58c12dad-2d68-491b-9680-599d40dce8a6"
        },
        {
            "@type": "WorkflowStep",
            "name": "execute api",
            "description": null,
            "arguments": {
                "params": {
                    "url": "{{vars.api_resource}}",
                    "body": "{{vars.api_body}}",
                    "method": "POST",
                    "params": "",
                    "verify": false,
                    "headers": "{{vars.api_header}}",
                    "password": "",
                    "username": "",
                    "auth_config": ""
                },
                "version": "3.5.0",
                "connector": "cyops_utilities",
                "operation": "api_call",
                "operationTitle": "Utils: Make REST API Call",
                "step_variables": []
            },
            "status": null,
            "top": "280",
            "left": "600",
            "stepType": "\/api\/3\/workflow_step_types\/0109f35d-090b-4a2b-bd8a-94cbc3508562",
            "group": null,
            "uuid": "a87e07fc-5f11-4503-b7a4-edc3ce7b4527"
        },
        {
            "@type": "WorkflowStep",
            "name": "get target jinja vars",
            "description": null,
            "arguments": {
                "arguments": {
                    "target_id": "{{vars.target_record_id}}"
                },
                "apply_async": false,
                "step_variables": [],
                "pass_parent_env": false,
                "pass_input_record": false,
                "workflowReference": "\/api\/3\/workflows\/d8a5ef7f-2342-466b-b230-00c8ef0f3bb6"
            },
            "status": null,
            "top": "40",
            "left": "600",
            "stepType": "\/api\/3\/workflow_step_types\/74932bdc-b8b6-4d24-88c4-1a4dfbc524f3",
            "group": null,
            "uuid": "49700c98-95a9-43d6-a1d4-a75ebad24ed5"
        },
        {
            "@type": "WorkflowStep",
            "name": "jinja render api_body",
            "description": null,
            "arguments": {
                "when": "{{vars.api_body not in ['',None]}}",
                "arguments": {
                    "jinja_vars": "{{vars.jinja_vars}}",
                    "jinja_template": "{{vars.api_body}}"
                },
                "apply_async": false,
                "step_variables": [],
                "pass_parent_env": false,
                "pass_input_record": false,
                "workflowReference": "\/api\/3\/workflows\/7f7bd93a-d201-452e-8283-8bb583e3e85a"
            },
            "status": null,
            "top": "200",
            "left": "900",
            "stepType": "\/api\/3\/workflow_step_types\/74932bdc-b8b6-4d24-88c4-1a4dfbc524f3",
            "group": null,
            "uuid": "c1882968-b2d5-4a88-9a91-922dfb02b8db"
        },
        {
            "@type": "WorkflowStep",
            "name": "jinja render api_header",
            "description": null,
            "arguments": {
                "when": "{{vars.api_header not in ['',None]}}",
                "arguments": {
                    "jinja_vars": "{{vars.jinja_vars}}",
                    "jinja_template": "{{vars.api_header}}"
                },
                "apply_async": false,
                "step_variables": [],
                "pass_parent_env": false,
                "pass_input_record": false,
                "workflowReference": "\/api\/3\/workflows\/7f7bd93a-d201-452e-8283-8bb583e3e85a"
            },
            "status": null,
            "top": "120",
            "left": "900",
            "stepType": "\/api\/3\/workflow_step_types\/74932bdc-b8b6-4d24-88c4-1a4dfbc524f3",
            "group": null,
            "uuid": "9c9dfc31-d64a-4073-bd96-ef3c7bbce772"
        },
        {
            "@type": "WorkflowStep",
            "name": "jinja render api_resource",
            "description": null,
            "arguments": {
                "when": "{{vars.api_resource not in ['',None]}}",
                "arguments": {
                    "jinja_vars": "{{vars.jinja_vars}}",
                    "jinja_template": "{{vars.api_resource}}"
                },
                "apply_async": false,
                "step_variables": [],
                "pass_parent_env": false,
                "pass_input_record": false,
                "workflowReference": "\/api\/3\/workflows\/7f7bd93a-d201-452e-8283-8bb583e3e85a"
            },
            "status": null,
            "top": "40",
            "left": "900",
            "stepType": "\/api\/3\/workflow_step_types\/74932bdc-b8b6-4d24-88c4-1a4dfbc524f3",
            "group": null,
            "uuid": "5802347c-ada4-4a74-a1e7-23b9dd7d9823"
        },
        {
            "@type": "WorkflowStep",
            "name": "setup env",
            "description": null,
            "arguments": {
                "context": "{{vars.input.params.context}}",
                "api_body": "{{vars.input.params['api_body']}}",
                "asset_ip": "{{vars.input.params['asset_ip']}}",
                "data_type": "{%- set dt = vars.input.params['data_type'] -%}\n{%- if dt not in list ['',None,Null] -%}\n{{dt}}\n{%- else -%}\njson\n{%- endif -%}",
                "api_header": "{{vars.input.params['api_header']}}",
                "api_method": "{{vars.input.params['api_method']}}",
                "api_resource": "{{vars.input.params['api_resource']}}",
                "target_record_id": "{{vars.input.params['target_record_id']}}",
                "output_profile_fqid": "{{vars.input.params['output_profile_fqid']}}"
            },
            "status": null,
            "top": "40",
            "left": "320",
            "stepType": "\/api\/3\/workflow_step_types\/04d0cf46-b6a8-42c4-8683-60a7eaa69e8f",
            "group": null,
            "uuid": "92d26faf-666b-4ac7-a586-f53aef1a9e85"
        },
        {
            "@type": "WorkflowStep",
            "name": "Start",
            "description": null,
            "arguments": {
                "__triggerLimit": true,
                "step_variables": {
                    "input": {
                        "params": []
                    }
                },
                "triggerOnSource": true,
                "triggerOnReplicate": false
            },
            "status": null,
            "top": "40",
            "left": "40",
            "stepType": "\/api\/3\/workflow_step_types\/b348f017-9a94-471f-87f8-ce88b6a7ad62",
            "group": null,
            "uuid": "5672fd94-f47a-466b-ab82-e5c9aec002f5"
        }
    ],
    "routes": [
        {
            "@type": "WorkflowRoute",
            "name": "create jinja vars -> jinja render api_resource",
            "targetStep": "\/api\/3\/workflow_steps\/5802347c-ada4-4a74-a1e7-23b9dd7d9823",
            "sourceStep": "\/api\/3\/workflow_steps\/d097e46d-9a40-4b5c-b292-bf28b85573a8",
            "label": null,
            "isExecuted": false,
            "group": null,
            "uuid": "7d20a00f-632f-4ac5-9edd-11053649865b"
        },
        {
            "@type": "WorkflowRoute",
            "name": "enhance api vars -> execute api",
            "targetStep": "\/api\/3\/workflow_steps\/a87e07fc-5f11-4503-b7a4-edc3ce7b4527",
            "sourceStep": "\/api\/3\/workflow_steps\/58c12dad-2d68-491b-9680-599d40dce8a6",
            "label": null,
            "isExecuted": false,
            "group": null,
            "uuid": "dd54109a-b4af-4d0a-9398-84ba99e7ea7c"
        },
        {
            "@type": "WorkflowRoute",
            "name": "execute api -> create output",
            "targetStep": "\/api\/3\/workflow_steps\/d0c475fc-9870-4a80-8940-a4183170a881",
            "sourceStep": "\/api\/3\/workflow_steps\/a87e07fc-5f11-4503-b7a4-edc3ce7b4527",
            "label": null,
            "isExecuted": false,
            "group": null,
            "uuid": "6d690c2e-d955-4206-96fa-20434db924e2"
        },
        {
            "@type": "WorkflowRoute",
            "name": "get target record vars -> create jinja vars",
            "targetStep": "\/api\/3\/workflow_steps\/d097e46d-9a40-4b5c-b292-bf28b85573a8",
            "sourceStep": "\/api\/3\/workflow_steps\/49700c98-95a9-43d6-a1d4-a75ebad24ed5",
            "label": null,
            "isExecuted": false,
            "group": null,
            "uuid": "d801097f-e4bf-4cf2-a1cb-e07de26607fe"
        },
        {
            "@type": "WorkflowRoute",
            "name": "jinja render api_body -> create api vars",
            "targetStep": "\/api\/3\/workflow_steps\/58c12dad-2d68-491b-9680-599d40dce8a6",
            "sourceStep": "\/api\/3\/workflow_steps\/c1882968-b2d5-4a88-9a91-922dfb02b8db",
            "label": null,
            "isExecuted": false,
            "group": null,
            "uuid": "131fcfb9-c44f-4270-af7d-1c1eb32745b4"
        },
        {
            "@type": "WorkflowRoute",
            "name": "jinja render api_header -> Copy of jinja render api_header",
            "targetStep": "\/api\/3\/workflow_steps\/c1882968-b2d5-4a88-9a91-922dfb02b8db",
            "sourceStep": "\/api\/3\/workflow_steps\/9c9dfc31-d64a-4073-bd96-ef3c7bbce772",
            "label": null,
            "isExecuted": false,
            "group": null,
            "uuid": "e7848573-5cda-4075-8096-4366cb5e1776"
        },
        {
            "@type": "WorkflowRoute",
            "name": "jinja render api_resource -> Copy of jinja render api_resource",
            "targetStep": "\/api\/3\/workflow_steps\/9c9dfc31-d64a-4073-bd96-ef3c7bbce772",
            "sourceStep": "\/api\/3\/workflow_steps\/5802347c-ada4-4a74-a1e7-23b9dd7d9823",
            "label": null,
            "isExecuted": false,
            "group": null,
            "uuid": "34f3909b-1e46-43b1-99c7-fb87952ff9fd"
        },
        {
            "@type": "WorkflowRoute",
            "name": "setup env -> get target record vars",
            "targetStep": "\/api\/3\/workflow_steps\/49700c98-95a9-43d6-a1d4-a75ebad24ed5",
            "sourceStep": "\/api\/3\/workflow_steps\/92d26faf-666b-4ac7-a586-f53aef1a9e85",
            "label": null,
            "isExecuted": false,
            "group": null,
            "uuid": "27f68ac5-95a6-428e-b73e-d17026a2baed"
        },
        {
            "@type": "WorkflowRoute",
            "name": "Start -> setup env",
            "targetStep": "\/api\/3\/workflow_steps\/92d26faf-666b-4ac7-a586-f53aef1a9e85",
            "sourceStep": "\/api\/3\/workflow_steps\/5672fd94-f47a-466b-ab82-e5c9aec002f5",
            "label": null,
            "isExecuted": false,
            "group": null,
            "uuid": "7d7f8d95-2871-4fa3-bd0f-81a8bcc4f455"
        }
    ],
    "groups": [],
    "priority": "\/api\/3\/picklists\/2b563c61-ae2c-41c0-a85a-c9709585e3f2",
    "playbookOrigin": "\/api\/3\/picklists\/b6d710a9-a8ec-41ec-8817-fe9fa062fcdd",
    "isEditable": true,
    "uuid": "f1e57db3-3e17-4fe3-a9cd-b7a4efdc1530",
    "owners": [],
    "isPrivate": false,
    "deletedAt": null,
    "recordTags": [
        "asset_ip",
        "nmap_command",
        "Subroutine",
        "target_record_id"
    ]
}