{
    "@type": "Workflow",
    "triggerLimit": null,
    "name": "> netshot output - run target linked output profile reports",
    "aliasName": null,
    "tag": null,
    "description": "Find linked reports on the target and run reports for this output.",
    "isActive": true,
    "debug": false,
    "singleRecordExecution": false,
    "remoteExecutableFlag": false,
    "parameters": [
        "output_record_id"
    ],
    "synchronous": false,
    "collection": "\/api\/3\/workflow_collections\/47462724-61c5-401a-be3b-53b8154157f9",
    "versions": [],
    "triggerStep": "\/api\/3\/workflow_steps\/0bef72e8-fc6e-4e60-9600-bf9a39d9e067",
    "steps": [
        {
            "@type": "WorkflowStep",
            "name": "create reports",
            "description": null,
            "arguments": {
                "when": "{{vars.steps.find_report_profiles|length > 0}}",
                "for_each": {
                    "item": "{{vars.steps.find_report_profiles}}",
                    "parallel": false,
                    "condition": ""
                },
                "arguments": {
                    "report_name": "",
                    "target_output_id": "{{vars.steps.find_output[0].id}}",
                    "output_report_profile_id": "{{vars.item.id}}"
                },
                "apply_async": false,
                "step_variables": [],
                "pass_parent_env": false,
                "pass_input_record": false,
                "workflowReference": "\/api\/3\/workflows\/e217a501-a14a-4103-977c-8bb44a759778"
            },
            "status": null,
            "top": "280",
            "left": "40",
            "stepType": "\/api\/3\/workflow_step_types\/74932bdc-b8b6-4d24-88c4-1a4dfbc524f3",
            "group": null,
            "uuid": "3cb7f08c-e59d-42e0-901e-6904ee826493"
        },
        {
            "@type": "WorkflowStep",
            "name": "find output",
            "description": null,
            "arguments": {
                "query": {
                    "sort": [],
                    "limit": 30,
                    "logic": "AND",
                    "filters": [
                        {
                            "type": "primitive",
                            "field": "id",
                            "value": "{{vars.output_record_id}}",
                            "operator": "eq",
                            "_operator": "eq"
                        }
                    ],
                    "__selectFields": [
                        "name",
                        "netshotTargetOutputProfiles",
                        "id",
                        "netshotTargets"
                    ]
                },
                "module": "netshot_target_outputs?$limit=1",
                "checkboxFields": true,
                "step_variables": []
            },
            "status": null,
            "top": "160",
            "left": "440",
            "stepType": "\/api\/3\/workflow_step_types\/b593663d-7d13-40ce-a3a3-96dece928770",
            "group": null,
            "uuid": "781b24fa-f03d-4ef0-b60a-b1118e0cdfa6"
        },
        {
            "@type": "WorkflowStep",
            "name": "find report profiles",
            "description": "Find Profiles link to the Data and the Target.",
            "arguments": {
                "query": {
                    "sort": [
                        {
                            "field": "orderPriority",
                            "direction": "ASC",
                            "_fieldName": "orderPriority",
                            "_fieldTitle": "Order Priority"
                        }
                    ],
                    "limit": 30,
                    "logic": "AND",
                    "filters": [
                        {
                            "type": "primitive",
                            "field": "netshotTargets.id",
                            "value": "{{vars.steps.find_output[0].netshotTargets.id}}",
                            "operator": "eq",
                            "_operator": "eq"
                        },
                        {
                            "type": "primitive",
                            "field": "netshotTargetOutputProfiles.id",
                            "value": "{{vars.steps.find_output[0].netshotTargetOutputProfiles.id}}",
                            "operator": "eq",
                            "_operator": "eq"
                        }
                    ],
                    "__selectFields": [
                        "id",
                        "name"
                    ]
                },
                "module": "netshot_output_report_profiles?$limit=5000",
                "checkboxFields": true,
                "step_variables": []
            },
            "status": null,
            "top": "280",
            "left": "360",
            "stepType": "\/api\/3\/workflow_step_types\/b593663d-7d13-40ce-a3a3-96dece928770",
            "group": null,
            "uuid": "ce3c63ce-8288-4e40-9de2-63e1c4fa30c3"
        },
        {
            "@type": "WorkflowStep",
            "name": "setup env",
            "description": null,
            "arguments": {
                "empty_data": "''",
                "output_record_id": "{{vars.input.params['output_record_id']}}"
            },
            "status": null,
            "top": "40",
            "left": "360",
            "stepType": "\/api\/3\/workflow_step_types\/04d0cf46-b6a8-42c4-8683-60a7eaa69e8f",
            "group": null,
            "uuid": "93178383-24c1-4c31-85bd-5150be4c283e"
        },
        {
            "@type": "WorkflowStep",
            "name": "Start",
            "description": null,
            "arguments": {
                "__triggerLimit": true,
                "step_variables": {
                    "input": {
                        "params": []
                    }
                },
                "triggerOnSource": true,
                "triggerOnReplicate": false
            },
            "status": null,
            "top": "40",
            "left": "40",
            "stepType": "\/api\/3\/workflow_step_types\/b348f017-9a94-471f-87f8-ce88b6a7ad62",
            "group": null,
            "uuid": "0bef72e8-fc6e-4e60-9600-bf9a39d9e067"
        }
    ],
    "routes": [
        {
            "@type": "WorkflowRoute",
            "name": "find output -> find target report profiles",
            "targetStep": "\/api\/3\/workflow_steps\/ce3c63ce-8288-4e40-9de2-63e1c4fa30c3",
            "sourceStep": "\/api\/3\/workflow_steps\/781b24fa-f03d-4ef0-b60a-b1118e0cdfa6",
            "label": null,
            "isExecuted": false,
            "group": null,
            "uuid": "c0e1595a-2687-4bc0-ab0e-28af3349caf5"
        },
        {
            "@type": "WorkflowRoute",
            "name": "find report profiles -> create reports",
            "targetStep": "\/api\/3\/workflow_steps\/3cb7f08c-e59d-42e0-901e-6904ee826493",
            "sourceStep": "\/api\/3\/workflow_steps\/ce3c63ce-8288-4e40-9de2-63e1c4fa30c3",
            "label": null,
            "isExecuted": false,
            "group": null,
            "uuid": "2e3cb46e-4dff-4fc2-88c3-0b6854e19f00"
        },
        {
            "@type": "WorkflowRoute",
            "name": "setup env -> find output",
            "targetStep": "\/api\/3\/workflow_steps\/781b24fa-f03d-4ef0-b60a-b1118e0cdfa6",
            "sourceStep": "\/api\/3\/workflow_steps\/93178383-24c1-4c31-85bd-5150be4c283e",
            "label": null,
            "isExecuted": false,
            "group": null,
            "uuid": "922ea9a9-1b5f-4b5e-8d07-0d1105938ecd"
        },
        {
            "@type": "WorkflowRoute",
            "name": "Start -> setup env",
            "targetStep": "\/api\/3\/workflow_steps\/93178383-24c1-4c31-85bd-5150be4c283e",
            "sourceStep": "\/api\/3\/workflow_steps\/0bef72e8-fc6e-4e60-9600-bf9a39d9e067",
            "label": null,
            "isExecuted": false,
            "group": null,
            "uuid": "efdfcd45-5670-4024-aa51-97d42e0e68e7"
        }
    ],
    "groups": [
        {
            "@type": "WorkflowGroup",
            "name": "Playbook Logic",
            "description": "- find reports linked to the output profile and the target\n- create report record for each",
            "type": "note",
            "isCollapsed": false,
            "hasTriggerStep": false,
            "hideInLogs": false,
            "metadata": [],
            "reusable": false,
            "top": "140",
            "left": "20",
            "height": "111",
            "width": "410",
            "uuid": "27c189ea-a75d-41da-b896-3c0c05afc755",
            "recordTags": []
        }
    ],
    "priority": "\/api\/3\/picklists\/2b563c61-ae2c-41c0-a85a-c9709585e3f2",
    "playbookOrigin": "\/api\/3\/picklists\/b6d710a9-a8ec-41ec-8817-fe9fa062fcdd",
    "isEditable": true,
    "uuid": "9834c78e-2951-495f-a131-7c214b18d85b",
    "owners": [],
    "isPrivate": false,
    "deletedAt": null,
    "recordTags": []
}