{
    "@type": "Workflow",
    "triggerLimit": null,
    "name": "> netshot target - delete all associated records",
    "aliasName": null,
    "tag": null,
    "description": "Find netshots records attached to the target and delete.",
    "isActive": true,
    "debug": false,
    "singleRecordExecution": false,
    "remoteExecutableFlag": false,
    "parameters": [
        "target_record_id"
    ],
    "synchronous": false,
    "collection": "\/api\/3\/workflow_collections\/47462724-61c5-401a-be3b-53b8154157f9",
    "versions": [],
    "triggerStep": "\/api\/3\/workflow_steps\/b3ac6777-4fb1-44af-9770-8e93e7bb60cf",
    "steps": [
        {
            "@type": "WorkflowStep",
            "name": "create target data",
            "description": null,
            "arguments": {
                "purge_records": "{%- set sources = [\n  \"netshotTargetOutputs\",\n  \"netshotOutputReports\"\n] -%}\n{%- set table = [] -%}\n{%- for s in sources -%}\n{%- for u in vars.find_results[0][s]|json_query('[][\"@id\"][]') -%}\n{%- do table.append(u) -%}\n{%- endfor -%}\n{%- endfor -%}\n{{table}}"
            },
            "status": null,
            "top": "180",
            "left": "380",
            "stepType": "\/api\/3\/workflow_step_types\/04d0cf46-b6a8-42c4-8683-60a7eaa69e8f",
            "group": null,
            "uuid": "6fe28bb4-1823-4bb7-9c1b-b88d50a65512"
        },
        {
            "@type": "WorkflowStep",
            "name": "Delete_Record",
            "description": null,
            "arguments": {
                "params": {
                    "iri": "{{vars.item}}",
                    "body": "",
                    "method": "DELETE"
                },
                "version": "3.5.0",
                "for_each": {
                    "item": "{{vars.purge_records}}",
                    "__bulk": false,
                    "parallel": true,
                    "condition": ""
                },
                "connector": "cyops_utilities",
                "operation": "make_cyops_request",
                "operationTitle": "FSR: Make FortiSOAR API Call",
                "step_variables": []
            },
            "status": null,
            "top": "140",
            "left": "40",
            "stepType": "\/api\/3\/workflow_step_types\/0109f35d-090b-4a2b-bd8a-94cbc3508562",
            "group": null,
            "uuid": "82b05dcc-9a1a-410b-9274-408ea7f41dd1"
        },
        {
            "@type": "WorkflowStep",
            "name": "find target",
            "description": null,
            "arguments": {
                "query": {
                    "sort": [],
                    "limit": 30,
                    "logic": "AND",
                    "filters": [
                        {
                            "type": "primitive",
                            "field": "id",
                            "value": "{{vars.target_record_id}}",
                            "operator": "eq",
                            "_operator": "eq"
                        }
                    ]
                },
                "module": "netshot_targets?$limit=1&$relationships=true&$fsr_max_relation_count=100",
                "step_variables": {
                    "find_results": "{{vars.steps.find_target}}"
                }
            },
            "status": null,
            "top": "100",
            "left": "700",
            "stepType": "\/api\/3\/workflow_step_types\/b593663d-7d13-40ce-a3a3-96dece928770",
            "group": null,
            "uuid": "8bff1a38-7857-49fe-9052-a4ced00577d8"
        },
        {
            "@type": "WorkflowStep",
            "name": "setup env",
            "description": null,
            "arguments": {
                "empty_data": "''",
                "target_record_id": "{{vars.input.params['target_record_id']}}"
            },
            "status": null,
            "top": "40",
            "left": "380",
            "stepType": "\/api\/3\/workflow_step_types\/04d0cf46-b6a8-42c4-8683-60a7eaa69e8f",
            "group": null,
            "uuid": "2afc615e-3f4c-407e-a925-91f5dbb93465"
        },
        {
            "@type": "WorkflowStep",
            "name": "Start",
            "description": null,
            "arguments": {
                "__triggerLimit": true,
                "step_variables": {
                    "input": {
                        "params": []
                    }
                },
                "triggerOnSource": true,
                "triggerOnReplicate": false
            },
            "status": null,
            "top": "40",
            "left": "40",
            "stepType": "\/api\/3\/workflow_step_types\/b348f017-9a94-471f-87f8-ce88b6a7ad62",
            "group": null,
            "uuid": "b3ac6777-4fb1-44af-9770-8e93e7bb60cf"
        },
        {
            "@type": "WorkflowStep",
            "name": "update target tags and stats",
            "description": null,
            "arguments": {
                "resource": {
                    "recordTags": "{{vars.empty_data}}",
                    "totalScore": 0,
                    "totalScorePossible": 0
                },
                "operation": "Append",
                "collection": "{{vars.steps.find_target[0]['@id']}}",
                "__recommend": [],
                "collectionType": "\/api\/3\/netshot_targets",
                "fieldOperation": {
                    "recordTags": "Overwrite"
                },
                "step_variables": []
            },
            "status": null,
            "top": "240",
            "left": "40",
            "stepType": "\/api\/3\/workflow_step_types\/b593663d-7d13-40ce-a3a3-96dece928722",
            "group": null,
            "uuid": "05795b84-6db2-4ad9-9669-e6d63dc2cb10"
        }
    ],
    "routes": [
        {
            "@type": "WorkflowRoute",
            "name": "create target data -> Delete_Record",
            "targetStep": "\/api\/3\/workflow_steps\/82b05dcc-9a1a-410b-9274-408ea7f41dd1",
            "sourceStep": "\/api\/3\/workflow_steps\/6fe28bb4-1823-4bb7-9c1b-b88d50a65512",
            "label": null,
            "isExecuted": false,
            "group": null,
            "uuid": "8655d2c9-b99d-415c-b398-b8cffcb081ed"
        },
        {
            "@type": "WorkflowRoute",
            "name": "Delete_Record -> purge target tags",
            "targetStep": "\/api\/3\/workflow_steps\/05795b84-6db2-4ad9-9669-e6d63dc2cb10",
            "sourceStep": "\/api\/3\/workflow_steps\/82b05dcc-9a1a-410b-9274-408ea7f41dd1",
            "label": null,
            "isExecuted": false,
            "group": null,
            "uuid": "4dbe3b1b-fdcb-403b-a67f-69b38641104b"
        },
        {
            "@type": "WorkflowRoute",
            "name": "find target -> create target data",
            "targetStep": "\/api\/3\/workflow_steps\/6fe28bb4-1823-4bb7-9c1b-b88d50a65512",
            "sourceStep": "\/api\/3\/workflow_steps\/8bff1a38-7857-49fe-9052-a4ced00577d8",
            "label": null,
            "isExecuted": false,
            "group": null,
            "uuid": "4eb8969f-6bfe-4ff6-acbe-c53f51bf1561"
        },
        {
            "@type": "WorkflowRoute",
            "name": "setup env -> find target",
            "targetStep": "\/api\/3\/workflow_steps\/8bff1a38-7857-49fe-9052-a4ced00577d8",
            "sourceStep": "\/api\/3\/workflow_steps\/2afc615e-3f4c-407e-a925-91f5dbb93465",
            "label": null,
            "isExecuted": false,
            "group": null,
            "uuid": "e76f9cb5-0fdb-4162-91ea-febf76348ce6"
        },
        {
            "@type": "WorkflowRoute",
            "name": "Start -> setup env",
            "targetStep": "\/api\/3\/workflow_steps\/2afc615e-3f4c-407e-a925-91f5dbb93465",
            "sourceStep": "\/api\/3\/workflow_steps\/b3ac6777-4fb1-44af-9770-8e93e7bb60cf",
            "label": null,
            "isExecuted": false,
            "group": null,
            "uuid": "3ad30030-81b2-40b9-99b5-df650f79095b"
        }
    ],
    "groups": [],
    "priority": "\/api\/3\/picklists\/2b563c61-ae2c-41c0-a85a-c9709585e3f2",
    "playbookOrigin": "\/api\/3\/picklists\/b6d710a9-a8ec-41ec-8817-fe9fa062fcdd",
    "isEditable": true,
    "uuid": "a52bd803-2b15-49c7-b507-4d2684cc9bf4",
    "owners": [],
    "isPrivate": false,
    "deletedAt": null,
    "recordTags": [
        "target_record_id"
    ]
}