{
    "@type": "Workflow",
    "triggerLimit": null,
    "name": "> netshot target output - create without profile",
    "aliasName": null,
    "tag": null,
    "description": "Create an output on a target without a profile to reference.",
    "isActive": true,
    "debug": false,
    "singleRecordExecution": false,
    "remoteExecutableFlag": false,
    "parameters": [
        "target_id",
        "output_method",
        "source_data_type",
        "output_args",
        "context"
    ],
    "synchronous": false,
    "collection": "\/api\/3\/workflow_collections\/47462724-61c5-401a-be3b-53b8154157f9",
    "versions": [],
    "triggerStep": "\/api\/3\/workflow_steps\/73f12165-6fa3-4c41-acc6-807c18980b31",
    "steps": [
        {
            "@type": "WorkflowStep",
            "name": "create output record",
            "description": null,
            "arguments": {
                "resource": {
                    "status": "\/api\/3\/picklists\/6ce0660f-784b-4e50-b770-c2d9a8d058e8",
                    "context": "{{vars.context}}",
                    "__replace": "",
                    "outputArgs": "{{vars.output_args}}",
                    "outputMethod": "{{\"Netshot Target Output Method\" | picklist(vars.output_method, \"@id\")}}",
                    "orderPriority": 1,
                    "netshotTargets": "{{vars.target_fqid}}",
                    "sourceDataType": "{{\"Netshot Target Output Source Data Type\" | picklist(vars.source_data_type, \"@id\")}}",
                    "latestRecordOfContext": false
                },
                "operation": "Overwrite",
                "collection": "\/api\/3\/netshot_target_outputs",
                "__recommend": [],
                "fieldOperation": {
                    "recordTags": "Overwrite"
                },
                "step_variables": []
            },
            "status": null,
            "top": "240",
            "left": "940",
            "stepType": "\/api\/3\/workflow_step_types\/2597053c-e718-44b4-8394-4d40fe26d357",
            "group": null,
            "uuid": "e017bf76-45c7-4ee4-b051-db0a5bc36b43"
        },
        {
            "@type": "WorkflowStep",
            "name": "enhance vars",
            "description": null,
            "arguments": {
                "target_fqid": "{{vars.steps.find_target[0]['@id']}}"
            },
            "status": null,
            "top": "120",
            "left": "940",
            "stepType": "\/api\/3\/workflow_step_types\/04d0cf46-b6a8-42c4-8683-60a7eaa69e8f",
            "group": null,
            "uuid": "b10c0d11-5128-487a-8baf-6dae90c87a9c"
        },
        {
            "@type": "WorkflowStep",
            "name": "find target",
            "description": null,
            "arguments": {
                "query": {
                    "sort": [],
                    "limit": 30,
                    "logic": "AND",
                    "filters": [
                        {
                            "type": "primitive",
                            "field": "id",
                            "value": "{{vars.target_id}}",
                            "operator": "eq",
                            "_operator": "eq"
                        }
                    ],
                    "__selectFields": [
                        "netshotDomains",
                        "name"
                    ]
                },
                "module": "netshot_targets?$limit=1",
                "checkboxFields": true,
                "step_variables": []
            },
            "status": null,
            "top": "40",
            "left": "340",
            "stepType": "\/api\/3\/workflow_step_types\/b593663d-7d13-40ce-a3a3-96dece928770",
            "group": null,
            "uuid": "123171bb-0aec-4522-ae05-0e4e7feb1eac"
        },
        {
            "@type": "WorkflowStep",
            "name": "output record new",
            "description": null,
            "arguments": {
                "resource": {
                    "status": "\/api\/3\/picklists\/40982496-7c2f-4d6f-b0c0-bb998387821b"
                },
                "operation": "Append",
                "collection": "{{vars.steps.create_output_record['@id']}}",
                "__recommend": [],
                "collectionType": "\/api\/3\/netshot_target_outputs",
                "fieldOperation": {
                    "recordTags": "Append"
                },
                "step_variables": []
            },
            "status": null,
            "top": "320",
            "left": "640",
            "stepType": "\/api\/3\/workflow_step_types\/b593663d-7d13-40ce-a3a3-96dece928722",
            "group": null,
            "uuid": "d2019687-1259-4f94-b6af-43e8590b33d1"
        },
        {
            "@type": "WorkflowStep",
            "name": "setup env",
            "description": null,
            "arguments": {
                "context": "{{vars.input.params.context}}",
                "target_id": "{{vars.input.params['target_id']}}",
                "output_args": "{{vars.input.params['output_args']}}",
                "target_fqid": "{{vars.steps.find_target[0]['@id']}}",
                "output_method": "{{vars.input.params['output_method']}}",
                "source_data_type": "{{vars.input.params['source_data_type']}}"
            },
            "status": null,
            "top": "40",
            "left": "640",
            "stepType": "\/api\/3\/workflow_step_types\/04d0cf46-b6a8-42c4-8683-60a7eaa69e8f",
            "group": null,
            "uuid": "61ecbb09-41be-4bf9-8939-b3144c7080cb"
        },
        {
            "@type": "WorkflowStep",
            "name": "Start",
            "description": null,
            "arguments": {
                "__triggerLimit": true,
                "step_variables": {
                    "input": {
                        "params": []
                    }
                },
                "triggerOnSource": true,
                "triggerOnReplicate": false
            },
            "status": null,
            "top": "40",
            "left": "40",
            "stepType": "\/api\/3\/workflow_step_types\/b348f017-9a94-471f-87f8-ce88b6a7ad62",
            "group": null,
            "uuid": "73f12165-6fa3-4c41-acc6-807c18980b31"
        }
    ],
    "routes": [
        {
            "@type": "WorkflowRoute",
            "name": "create output record -> output record new",
            "targetStep": "\/api\/3\/workflow_steps\/d2019687-1259-4f94-b6af-43e8590b33d1",
            "sourceStep": "\/api\/3\/workflow_steps\/e017bf76-45c7-4ee4-b051-db0a5bc36b43",
            "label": null,
            "isExecuted": false,
            "group": null,
            "uuid": "7318a377-188a-4e4a-8a78-ed58ef62d16a"
        },
        {
            "@type": "WorkflowRoute",
            "name": "enhance vars -> create output record",
            "targetStep": "\/api\/3\/workflow_steps\/e017bf76-45c7-4ee4-b051-db0a5bc36b43",
            "sourceStep": "\/api\/3\/workflow_steps\/b10c0d11-5128-487a-8baf-6dae90c87a9c",
            "label": null,
            "isExecuted": false,
            "group": null,
            "uuid": "0448d1a7-db93-49e7-9418-4f0a9c8c2c97"
        },
        {
            "@type": "WorkflowRoute",
            "name": "find target -> setup env",
            "targetStep": "\/api\/3\/workflow_steps\/61ecbb09-41be-4bf9-8939-b3144c7080cb",
            "sourceStep": "\/api\/3\/workflow_steps\/123171bb-0aec-4522-ae05-0e4e7feb1eac",
            "label": null,
            "isExecuted": false,
            "group": null,
            "uuid": "1de60662-bcc5-4e18-afa4-6a6d205ce965"
        },
        {
            "@type": "WorkflowRoute",
            "name": "setup env -> enhance vars",
            "targetStep": "\/api\/3\/workflow_steps\/b10c0d11-5128-487a-8baf-6dae90c87a9c",
            "sourceStep": "\/api\/3\/workflow_steps\/61ecbb09-41be-4bf9-8939-b3144c7080cb",
            "label": null,
            "isExecuted": false,
            "group": null,
            "uuid": "c7fcdb6f-7013-479a-a8e2-c0e162d3a7ca"
        },
        {
            "@type": "WorkflowRoute",
            "name": "Start -> find target",
            "targetStep": "\/api\/3\/workflow_steps\/123171bb-0aec-4522-ae05-0e4e7feb1eac",
            "sourceStep": "\/api\/3\/workflow_steps\/73f12165-6fa3-4c41-acc6-807c18980b31",
            "label": null,
            "isExecuted": false,
            "group": null,
            "uuid": "63572f04-9162-407e-8239-28fb36c3c51e"
        }
    ],
    "groups": [],
    "priority": "\/api\/3\/picklists\/2b563c61-ae2c-41c0-a85a-c9709585e3f2",
    "playbookOrigin": "\/api\/3\/picklists\/b6d710a9-a8ec-41ec-8817-fe9fa062fcdd",
    "isEditable": true,
    "uuid": "3487a105-d7b0-4180-a4ca-dbb70cf8ee31",
    "owners": [],
    "isPrivate": false,
    "deletedAt": null,
    "recordTags": [
        "Subroutine",
        "target_id"
    ]
}