{
    "@type": "Workflow",
    "triggerLimit": null,
    "name": "> netshot output (Pending) trigger - status changed",
    "aliasName": null,
    "tag": null,
    "description": "Handle the output queue",
    "isActive": true,
    "debug": false,
    "singleRecordExecution": false,
    "remoteExecutableFlag": false,
    "parameters": [],
    "synchronous": false,
    "collection": "\/api\/3\/workflow_collections\/47462724-61c5-401a-be3b-53b8154157f9",
    "versions": [],
    "triggerStep": "\/api\/3\/workflow_steps\/0eff0f7a-db88-49bf-a395-797751b5b460",
    "steps": [
        {
            "@type": "WorkflowStep",
            "name": "find target",
            "description": null,
            "arguments": {
                "query": {
                    "sort": [],
                    "limit": 30,
                    "logic": "AND",
                    "filters": [
                        {
                            "type": "primitive",
                            "field": "id",
                            "value": "{{vars.input.records[0].netshotTargets.id}}",
                            "operator": "eq",
                            "_operator": "eq"
                        }
                    ],
                    "__selectFields": [
                        "id",
                        "reQueueOutputs"
                    ]
                },
                "module": "netshot_targets?$limit=1",
                "checkboxFields": true,
                "step_variables": []
            },
            "status": null,
            "top": "40",
            "left": "340",
            "stepType": "\/api\/3\/workflow_step_types\/b593663d-7d13-40ce-a3a3-96dece928770",
            "group": null,
            "uuid": "72776289-fc77-4f42-a29d-f47a746da982"
        },
        {
            "@type": "WorkflowStep",
            "name": "requeue target",
            "description": null,
            "arguments": {
                "when": "{{not vars.requeue_outputs_current}}",
                "resource": {
                    "reQueueOutputs": "{{vars.requeue_outputs}}"
                },
                "operation": "Append",
                "collection": "{{vars.target_fqid}}",
                "__recommend": [],
                "collectionType": "\/api\/3\/netshot_targets",
                "fieldOperation": {
                    "recordTags": "Append"
                },
                "step_variables": []
            },
            "status": null,
            "top": "140",
            "left": "40",
            "stepType": "\/api\/3\/workflow_step_types\/b593663d-7d13-40ce-a3a3-96dece928722",
            "group": null,
            "uuid": "bb41c3de-f37e-4898-8509-d884673cf32f"
        },
        {
            "@type": "WorkflowStep",
            "name": "setup env",
            "description": null,
            "arguments": {
                "target_fqid": "{{vars.steps.find_target[0]['@id']}}",
                "requeue_outputs": "True",
                "requeue_outputs_current": "{{vars.steps.find_target[0].reQueueOutputs}}"
            },
            "status": null,
            "top": "140",
            "left": "340",
            "stepType": "\/api\/3\/workflow_step_types\/04d0cf46-b6a8-42c4-8683-60a7eaa69e8f",
            "group": null,
            "uuid": "89fe1ad1-3fb8-4835-9019-f94cd9452994"
        },
        {
            "@type": "WorkflowStep",
            "name": "Start",
            "description": null,
            "arguments": {
                "resource": "netshot_target_outputs",
                "resources": [
                    "netshot_target_outputs"
                ],
                "__triggerLimit": true,
                "step_variables": {
                    "input": {
                        "params": [],
                        "records": [
                            "{{vars.input.records[0]}}"
                        ]
                    }
                },
                "triggerOnSource": true,
                "fieldbasedtrigger": {
                    "sort": [],
                    "limit": 30,
                    "logic": "AND",
                    "filters": [
                        {
                            "type": "object",
                            "field": "status",
                            "value": "",
                            "_value": {
                                "@id": "",
                                "display": "",
                                "itemValue": ""
                            },
                            "operator": "changed"
                        },
                        {
                            "type": "object",
                            "field": "status",
                            "value": "\/api\/3\/picklists\/2f63f907-d342-4ad6-9a77-68c654bba2d2",
                            "_value": {
                                "@id": "\/api\/3\/picklists\/2f63f907-d342-4ad6-9a77-68c654bba2d2",
                                "display": "Pending",
                                "itemValue": "Pending"
                            },
                            "operator": "eq"
                        }
                    ]
                },
                "triggerOnReplicate": false
            },
            "status": null,
            "top": "40",
            "left": "40",
            "stepType": "\/api\/3\/workflow_step_types\/9300bf69-5063-486d-b3a6-47eb9da24872",
            "group": null,
            "uuid": "0eff0f7a-db88-49bf-a395-797751b5b460"
        }
    ],
    "routes": [
        {
            "@type": "WorkflowRoute",
            "name": "find target -> setup env",
            "targetStep": "\/api\/3\/workflow_steps\/89fe1ad1-3fb8-4835-9019-f94cd9452994",
            "sourceStep": "\/api\/3\/workflow_steps\/72776289-fc77-4f42-a29d-f47a746da982",
            "label": null,
            "isExecuted": false,
            "group": null,
            "uuid": "914ea5e7-3721-4d85-9d6b-708cf504bb73"
        },
        {
            "@type": "WorkflowRoute",
            "name": "setup env -> requeue target",
            "targetStep": "\/api\/3\/workflow_steps\/bb41c3de-f37e-4898-8509-d884673cf32f",
            "sourceStep": "\/api\/3\/workflow_steps\/89fe1ad1-3fb8-4835-9019-f94cd9452994",
            "label": null,
            "isExecuted": false,
            "group": null,
            "uuid": "b0d63efe-4a98-43f9-80b6-f06736e23285"
        },
        {
            "@type": "WorkflowRoute",
            "name": "Start -> find target",
            "targetStep": "\/api\/3\/workflow_steps\/72776289-fc77-4f42-a29d-f47a746da982",
            "sourceStep": "\/api\/3\/workflow_steps\/0eff0f7a-db88-49bf-a395-797751b5b460",
            "label": null,
            "isExecuted": false,
            "group": null,
            "uuid": "a3bc9f4f-80b3-4ad0-9b21-b55190c851c9"
        }
    ],
    "groups": [],
    "priority": "\/api\/3\/picklists\/2b563c61-ae2c-41c0-a85a-c9709585e3f2",
    "playbookOrigin": "\/api\/3\/picklists\/b6d710a9-a8ec-41ec-8817-fe9fa062fcdd",
    "isEditable": true,
    "uuid": "9de31395-5205-402b-8d86-f9bc8c494ec2",
    "owners": [],
    "isPrivate": false,
    "deletedAt": null,
    "recordTags": [
        "Netshot Output",
        "Trigger"
    ]
}