{
    "@type": "Workflow",
    "triggerLimit": null,
    "name": "> normalize netshot target output raw data",
    "aliasName": null,
    "tag": null,
    "description": "Main playbook to add normalized data to a target output record if supported.",
    "isActive": true,
    "debug": false,
    "singleRecordExecution": false,
    "remoteExecutableFlag": false,
    "parameters": [
        "netshot_target_output_id",
        "normalize_type"
    ],
    "synchronous": false,
    "collection": "\/api\/3\/workflow_collections\/47462724-61c5-401a-be3b-53b8154157f9",
    "versions": [],
    "triggerStep": "\/api\/3\/workflow_steps\/19720cab-e24c-45f3-97a8-9813b23860b9",
    "steps": [
        {
            "@type": "WorkflowStep",
            "name": "configblocks",
            "description": null,
            "arguments": {
                "arguments": {
                    "netshot_target_output_id": "{{vars.netshot_target_output_id}}"
                },
                "apply_async": false,
                "step_variables": {
                    "normalized_data_returned": "{{vars.steps.configblocks}}"
                },
                "pass_parent_env": false,
                "pass_input_record": false,
                "workflowReference": "\/api\/3\/workflows\/766d0aa0-1673-4477-b1df-bd0f81de1938"
            },
            "status": null,
            "top": "360",
            "left": "500",
            "stepType": "\/api\/3\/workflow_step_types\/74932bdc-b8b6-4d24-88c4-1a4dfbc524f3",
            "group": null,
            "uuid": "3163447e-e395-46c6-92ae-aef11c38e539"
        },
        {
            "@type": "WorkflowStep",
            "name": "core normalize type",
            "description": null,
            "arguments": {
                "conditions": [
                    {
                        "option": "Default",
                        "default": true,
                        "step_iri": "\/api\/3\/workflow_steps\/f59d2ced-4569-453f-8a64-9ef731c272d0",
                        "step_name": "Unknown Data Key"
                    },
                    {
                        "step_iri": "\/api\/3\/workflow_steps\/fa1bdd51-ea09-4796-a0df-7d57b83ddf1d",
                        "condition": "{{ vars.data_key|lower == \"text\" }}",
                        "step_name": "text"
                    },
                    {
                        "step_iri": "\/api\/3\/workflow_steps\/6b126187-32ab-4970-818b-c5574bfc2e02",
                        "condition": "{{ vars.data_key|lower == \"textlist\" }}",
                        "step_name": "textlist"
                    },
                    {
                        "step_iri": "\/api\/3\/workflow_steps\/aee5c93c-2fcd-4ae3-8bc4-2c9900e45f7a",
                        "condition": "{{ vars.data_key|lower == \"tojson\" }}",
                        "step_name": "tojson"
                    },
                    {
                        "step_iri": "\/api\/3\/workflow_steps\/3163447e-e395-46c6-92ae-aef11c38e539",
                        "condition": "{{ vars.data_key|lower == \"configblocks\" }}",
                        "step_name": "configblocks"
                    }
                ],
                "step_variables": []
            },
            "status": null,
            "top": "240",
            "left": "820",
            "stepType": "\/api\/3\/workflow_step_types\/12254cf5-5db7-4b1a-8cb1-3af081924b28",
            "group": null,
            "uuid": "77f13ee9-20d6-4153-93f7-3713c540f923"
        },
        {
            "@type": "WorkflowStep",
            "name": "custom data prerequisites",
            "description": null,
            "arguments": {
                "for_each": {
                    "item": "{{vars.data_prerequisites}}",
                    "parallel": false,
                    "condition": ""
                },
                "arguments": {
                    "normalize_type": "{{vars.item}}",
                    "netshot_target_output_id": "{{vars.netshot_target_output_id}}"
                },
                "apply_async": false,
                "step_variables": [],
                "pass_parent_env": false,
                "pass_input_record": false,
                "workflowReference": "\/api\/3\/workflows\/a45b5def-b7e1-4ac8-9ecd-8c23c419f0a3"
            },
            "status": null,
            "top": "340",
            "left": "1160",
            "stepType": "\/api\/3\/workflow_step_types\/74932bdc-b8b6-4d24-88c4-1a4dfbc524f3",
            "group": null,
            "uuid": "374b8b47-fc59-40f3-ad55-bb031185b079"
        },
        {
            "@type": "WorkflowStep",
            "name": "custom or core",
            "description": null,
            "arguments": {
                "conditions": [
                    {
                        "option": "Default",
                        "default": true,
                        "step_iri": "\/api\/3\/workflow_steps\/77f13ee9-20d6-4153-93f7-3713c540f923",
                        "step_name": "core normalize type"
                    },
                    {
                        "step_iri": "\/api\/3\/workflow_steps\/374b8b47-fc59-40f3-ad55-bb031185b079",
                        "condition": "{{ vars.data_profile_exists }}",
                        "step_name": "data prerequisites"
                    }
                ],
                "step_variables": []
            },
            "status": null,
            "top": "240",
            "left": "1160",
            "stepType": "\/api\/3\/workflow_step_types\/12254cf5-5db7-4b1a-8cb1-3af081924b28",
            "group": null,
            "uuid": "29c504af-ac85-44f2-9508-a976501281ac"
        },
        {
            "@type": "WorkflowStep",
            "name": "custom playbook",
            "description": null,
            "arguments": {
                "arguments": {
                    "output_id": "{{vars.netshot_target_output_id}}"
                },
                "apply_async": false,
                "step_variables": {
                    "normalized_data_returned": "{{vars.steps.custom_playbook}}"
                },
                "pass_parent_env": false,
                "pass_input_record": false,
                "workflowReference": "{{vars.playbook_id}}"
            },
            "status": null,
            "top": "580",
            "left": "500",
            "stepType": "\/api\/3\/workflow_step_types\/74932bdc-b8b6-4d24-88c4-1a4dfbc524f3",
            "group": null,
            "uuid": "2eae8caf-a8ca-46ce-a78d-2cf57369cd81"
        },
        {
            "@type": "WorkflowStep",
            "name": "data profile vars",
            "description": null,
            "arguments": {
                "data_profile_type": "{{vars.steps.find_data_profile[0].type.itemValue}}",
                "data_prerequisites": "{%- set preq = vars.steps.find_data_profile[0].normalizedDataPrerequisites | replace('\\n', ',') -%}\n{{preq.split(\",\")}}",
                "data_profile_exists": "{%- if vars.steps.find_data_profile|length == 1 -%}\nTrue\n{%- else -%}\nFalse\n{%- endif -%}\n"
            },
            "status": null,
            "top": "140",
            "left": "1160",
            "stepType": "\/api\/3\/workflow_step_types\/04d0cf46-b6a8-42c4-8683-60a7eaa69e8f",
            "group": null,
            "uuid": "adc7fc70-74be-4946-a888-6362e8f487ba"
        },
        {
            "@type": "WorkflowStep",
            "name": "find data profile",
            "description": null,
            "arguments": {
                "query": {
                    "sort": [],
                    "limit": 30,
                    "logic": "AND",
                    "filters": [
                        {
                            "type": "primitive",
                            "field": "normalizedDataKey",
                            "value": "{{vars.data_key}}",
                            "operator": "eq",
                            "_operator": "eq"
                        }
                    ],
                    "__selectFields": [
                        "normalizedDataKey",
                        "name",
                        "type",
                        "script",
                        "id",
                        "description",
                        "normalizedDataPrerequisites"
                    ]
                },
                "module": "netshot_output_data_profiles?$limit=1",
                "checkboxFields": true,
                "step_variables": []
            },
            "status": null,
            "top": "40",
            "left": "820",
            "stepType": "\/api\/3\/workflow_step_types\/b593663d-7d13-40ce-a3a3-96dece928770",
            "group": null,
            "uuid": "a4e36f71-f85d-4933-8028-b902bccf84ef"
        },
        {
            "@type": "WorkflowStep",
            "name": "find output for jinja",
            "description": null,
            "arguments": {
                "query": {
                    "sort": [],
                    "limit": 30,
                    "logic": "AND",
                    "filters": [
                        {
                            "type": "primitive",
                            "field": "id",
                            "value": "{{vars.netshot_target_output_id}}",
                            "operator": "eq",
                            "_operator": "eq"
                        }
                    ],
                    "__selectFields": [
                        "normalizedData"
                    ]
                },
                "module": "netshot_target_outputs?$limit=1",
                "checkboxFields": true,
                "step_variables": []
            },
            "status": null,
            "top": "660",
            "left": "1380",
            "stepType": "\/api\/3\/workflow_step_types\/b593663d-7d13-40ce-a3a3-96dece928770",
            "group": null,
            "uuid": "ca18d5bb-b2f2-4323-91fc-5ad12a1e19e7"
        },
        {
            "@type": "WorkflowStep",
            "name": "find_output_record",
            "description": null,
            "arguments": {
                "query": {
                    "sort": [],
                    "limit": 30,
                    "logic": "AND",
                    "filters": [
                        {
                            "type": "primitive",
                            "field": "id",
                            "value": "{{vars.netshot_target_output_id}}",
                            "operator": "eq",
                            "_operator": "eq"
                        }
                    ],
                    "__selectFields": [
                        "name",
                        "id",
                        "normalizedData"
                    ]
                },
                "module": "netshot_target_outputs?$limit=1",
                "checkboxFields": true,
                "step_variables": {
                    "normalized_data_orig": "{{vars.steps.find_output_record[0].normalizedData}}"
                }
            },
            "status": null,
            "top": "120",
            "left": "40",
            "stepType": "\/api\/3\/workflow_step_types\/b593663d-7d13-40ce-a3a3-96dece928770",
            "group": null,
            "uuid": "146c7208-6792-49d1-90a2-af9188da8404"
        },
        {
            "@type": "WorkflowStep",
            "name": "jinja vars",
            "description": null,
            "arguments": {
                "jinja_vars": "{{vars.steps.find_output_for_jinja[0].normalizedData}}",
                "jinja_template": "{{vars.steps.find_data_profile[0].script}}"
            },
            "status": null,
            "top": "660",
            "left": "1100",
            "stepType": "\/api\/3\/workflow_step_types\/04d0cf46-b6a8-42c4-8683-60a7eaa69e8f",
            "group": null,
            "uuid": "d0e6dc73-acdd-43a5-a81f-e9625343676e"
        },
        {
            "@type": "WorkflowStep",
            "name": "playbook or jinja",
            "description": null,
            "arguments": {
                "conditions": [
                    {
                        "option": "Default",
                        "default": true,
                        "step_iri": "\/api\/3\/workflow_steps\/39a66cb8-268a-413f-8675-7044efd1c797",
                        "step_name": "unknown custom type"
                    },
                    {
                        "step_iri": "\/api\/3\/workflow_steps\/a19db57e-d068-43bc-9413-5728b32241ce",
                        "condition": "{{ vars.data_profile_type|lower == \"playbook\" }}",
                        "step_name": "playbook vars"
                    },
                    {
                        "step_iri": "\/api\/3\/workflow_steps\/ca18d5bb-b2f2-4323-91fc-5ad12a1e19e7",
                        "condition": "{{ vars.data_profile_type|lower == \"jinja\" }}",
                        "step_name": "find output for jinja"
                    }
                ],
                "step_variables": []
            },
            "status": null,
            "top": "440",
            "left": "1160",
            "stepType": "\/api\/3\/workflow_step_types\/12254cf5-5db7-4b1a-8cb1-3af081924b28",
            "group": null,
            "uuid": "8e49dca1-7747-42a5-b190-af3c547ea8b3"
        },
        {
            "@type": "WorkflowStep",
            "name": "playbook vars",
            "description": null,
            "arguments": {
                "playbook_id": "{{vars.steps.find_data_profile[0].script}}"
            },
            "status": null,
            "top": "580",
            "left": "1360",
            "stepType": "\/api\/3\/workflow_step_types\/04d0cf46-b6a8-42c4-8683-60a7eaa69e8f",
            "group": null,
            "uuid": "a19db57e-d068-43bc-9413-5728b32241ce"
        },
        {
            "@type": "WorkflowStep",
            "name": "prepare normalized data",
            "description": null,
            "arguments": {
                "normalized_data": "{%- set data = {} -%}\n{%- if vars.normalized_data_orig not in ['',None]\n      and vars.normalized_data_orig | length > 0 -%}\n  {%- do data.update(vars.normalized_data_orig) -%}\n{%- endif -%}\n{%- do data.update({vars.data_key:vars.normalized_data_returned.output}) -%}\n{{data}}"
            },
            "status": null,
            "top": "220",
            "left": "40",
            "stepType": "\/api\/3\/workflow_step_types\/04d0cf46-b6a8-42c4-8683-60a7eaa69e8f",
            "group": null,
            "uuid": "6b8775fb-421b-4f24-9ada-48d2b7a41bad"
        },
        {
            "@type": "WorkflowStep",
            "name": "render jinja",
            "description": null,
            "arguments": {
                "arguments": {
                    "jinja_vars": "{{vars.jinja_vars}}",
                    "jinja_template": "{{vars.jinja_template}}"
                },
                "apply_async": false,
                "step_variables": {
                    "normalized_data_returned": "{{vars.steps.render_jinja}}"
                },
                "pass_parent_env": false,
                "pass_input_record": false,
                "workflowReference": "\/api\/3\/workflows\/7f7bd93a-d201-452e-8283-8bb583e3e85a"
            },
            "status": null,
            "top": "660",
            "left": "500",
            "stepType": "\/api\/3\/workflow_step_types\/74932bdc-b8b6-4d24-88c4-1a4dfbc524f3",
            "group": null,
            "uuid": "7ac31627-82ab-4ec4-9b3d-cf6e49cf330e"
        },
        {
            "@type": "WorkflowStep",
            "name": "setup env",
            "description": null,
            "arguments": {
                "data_key": "{%- if vars.input.params['normalize_type'] not in ['',None] -%}\n{{vars.input.params['normalize_type']}}\n{%- else -%}\ntext\n{%- endif -%}",
                "netshot_target_output_id": "{{vars.input.params['netshot_target_output_id']}}"
            },
            "status": null,
            "top": "40",
            "left": "380",
            "stepType": "\/api\/3\/workflow_step_types\/04d0cf46-b6a8-42c4-8683-60a7eaa69e8f",
            "group": null,
            "uuid": "7b96cbd4-f7cd-4c15-868a-64c21f8a56d8"
        },
        {
            "@type": "WorkflowStep",
            "name": "Start",
            "description": null,
            "arguments": {
                "__triggerLimit": true,
                "step_variables": {
                    "input": {
                        "params": []
                    }
                },
                "triggerOnSource": true,
                "triggerOnReplicate": false
            },
            "status": null,
            "top": "40",
            "left": "40",
            "stepType": "\/api\/3\/workflow_step_types\/b348f017-9a94-471f-87f8-ce88b6a7ad62",
            "group": null,
            "uuid": "19720cab-e24c-45f3-97a8-9813b23860b9"
        },
        {
            "@type": "WorkflowStep",
            "name": "text",
            "description": null,
            "arguments": {
                "arguments": {
                    "netshot_target_output_id": "{{vars.netshot_target_output_id}}"
                },
                "apply_async": false,
                "step_variables": {
                    "normalized_data_returned": "{{vars.steps.text}}"
                },
                "pass_parent_env": false,
                "pass_input_record": false,
                "workflowReference": "\/api\/3\/workflows\/6b747920-99da-4f32-ae40-3e80058eb420"
            },
            "status": null,
            "top": "120",
            "left": "500",
            "stepType": "\/api\/3\/workflow_step_types\/74932bdc-b8b6-4d24-88c4-1a4dfbc524f3",
            "group": null,
            "uuid": "fa1bdd51-ea09-4796-a0df-7d57b83ddf1d"
        },
        {
            "@type": "WorkflowStep",
            "name": "textlist",
            "description": null,
            "arguments": {
                "arguments": {
                    "netshot_target_output_id": "{{vars.netshot_target_output_id}}"
                },
                "apply_async": false,
                "step_variables": {
                    "normalized_data_returned": "{{vars.steps.textlist}}"
                },
                "pass_parent_env": false,
                "pass_input_record": false,
                "workflowReference": "\/api\/3\/workflows\/d8363c78-2969-4a98-9eaf-3a6fa83627a3"
            },
            "status": null,
            "top": "200",
            "left": "500",
            "stepType": "\/api\/3\/workflow_step_types\/74932bdc-b8b6-4d24-88c4-1a4dfbc524f3",
            "group": null,
            "uuid": "6b126187-32ab-4970-818b-c5574bfc2e02"
        },
        {
            "@type": "WorkflowStep",
            "name": "tojson",
            "description": null,
            "arguments": {
                "arguments": {
                    "netshot_target_output_id": "{{vars.netshot_target_output_id}}"
                },
                "apply_async": false,
                "step_variables": {
                    "normalized_data_returned": "{{vars.steps.tojson}}"
                },
                "pass_parent_env": false,
                "pass_input_record": false,
                "workflowReference": "\/api\/3\/workflows\/9ceb2d50-0507-448d-84cb-763f67581886"
            },
            "status": null,
            "top": "280",
            "left": "500",
            "stepType": "\/api\/3\/workflow_step_types\/74932bdc-b8b6-4d24-88c4-1a4dfbc524f3",
            "group": null,
            "uuid": "aee5c93c-2fcd-4ae3-8bc4-2c9900e45f7a"
        },
        {
            "@type": "WorkflowStep",
            "name": "unknown core datakey",
            "description": null,
            "arguments": {
                "output": "{{vars.data_key}}"
            },
            "status": null,
            "top": "360",
            "left": "820",
            "stepType": "\/api\/3\/workflow_step_types\/04d0cf46-b6a8-42c4-8683-60a7eaa69e8f",
            "group": null,
            "uuid": "f59d2ced-4569-453f-8a64-9ef731c272d0"
        },
        {
            "@type": "WorkflowStep",
            "name": "unknown custom type",
            "description": null,
            "arguments": {
                "output": ""
            },
            "status": null,
            "top": "460",
            "left": "820",
            "stepType": "\/api\/3\/workflow_step_types\/04d0cf46-b6a8-42c4-8683-60a7eaa69e8f",
            "group": null,
            "uuid": "39a66cb8-268a-413f-8675-7044efd1c797"
        },
        {
            "@type": "WorkflowStep",
            "name": "update record",
            "description": null,
            "arguments": {
                "resource": {
                    "normalizedData": "{{vars.normalized_data}}"
                },
                "operation": "Append",
                "collection": "{{vars.steps.find_output_record[0]['@id']}}",
                "__recommend": [],
                "collectionType": "\/api\/3\/netshot_target_outputs",
                "fieldOperation": {
                    "recordTags": "Append"
                },
                "step_variables": []
            },
            "status": null,
            "top": "320",
            "left": "40",
            "stepType": "\/api\/3\/workflow_step_types\/b593663d-7d13-40ce-a3a3-96dece928722",
            "group": null,
            "uuid": "0420147f-cf7c-43c3-80a5-395cb94c6ac2"
        }
    ],
    "routes": [
        {
            "@type": "WorkflowRoute",
            "name": "configblocks -> find_output_record",
            "targetStep": "\/api\/3\/workflow_steps\/146c7208-6792-49d1-90a2-af9188da8404",
            "sourceStep": "\/api\/3\/workflow_steps\/3163447e-e395-46c6-92ae-aef11c38e539",
            "label": null,
            "isExecuted": false,
            "group": null,
            "uuid": "63952f0a-aa3c-4893-a174-9fa92f4bcfa2"
        },
        {
            "@type": "WorkflowRoute",
            "name": "custom or core -> core normalize type",
            "targetStep": "\/api\/3\/workflow_steps\/77f13ee9-20d6-4153-93f7-3713c540f923",
            "sourceStep": "\/api\/3\/workflow_steps\/29c504af-ac85-44f2-9508-a976501281ac",
            "label": "Default",
            "isExecuted": false,
            "group": null,
            "uuid": "3b98ed07-2a33-4279-98d1-99d26462c199"
        },
        {
            "@type": "WorkflowRoute",
            "name": "custom or core -> data prerequisites",
            "targetStep": "\/api\/3\/workflow_steps\/374b8b47-fc59-40f3-ad55-bb031185b079",
            "sourceStep": "\/api\/3\/workflow_steps\/29c504af-ac85-44f2-9508-a976501281ac",
            "label": null,
            "isExecuted": false,
            "group": null,
            "uuid": "57ffcd54-485a-45e8-bfef-5dbc65d59fe7"
        },
        {
            "@type": "WorkflowRoute",
            "name": "custom playbook -> find_output_record",
            "targetStep": "\/api\/3\/workflow_steps\/146c7208-6792-49d1-90a2-af9188da8404",
            "sourceStep": "\/api\/3\/workflow_steps\/2eae8caf-a8ca-46ce-a78d-2cf57369cd81",
            "label": null,
            "isExecuted": false,
            "group": null,
            "uuid": "b536ec11-9c5e-4e30-ab1d-dc94520c4e8d"
        },
        {
            "@type": "WorkflowRoute",
            "name": "data prerequisites -> playbook or jinja",
            "targetStep": "\/api\/3\/workflow_steps\/8e49dca1-7747-42a5-b190-af3c547ea8b3",
            "sourceStep": "\/api\/3\/workflow_steps\/374b8b47-fc59-40f3-ad55-bb031185b079",
            "label": null,
            "isExecuted": false,
            "group": null,
            "uuid": "b542228f-ab0a-41c3-86f4-f62ff529ec16"
        },
        {
            "@type": "WorkflowRoute",
            "name": "data profile vars -> custom or core",
            "targetStep": "\/api\/3\/workflow_steps\/29c504af-ac85-44f2-9508-a976501281ac",
            "sourceStep": "\/api\/3\/workflow_steps\/adc7fc70-74be-4946-a888-6362e8f487ba",
            "label": null,
            "isExecuted": false,
            "group": null,
            "uuid": "1f4208d6-bc4a-431d-b745-d470aa9ee838"
        },
        {
            "@type": "WorkflowRoute",
            "name": "find data profile -> data profile vars",
            "targetStep": "\/api\/3\/workflow_steps\/adc7fc70-74be-4946-a888-6362e8f487ba",
            "sourceStep": "\/api\/3\/workflow_steps\/a4e36f71-f85d-4933-8028-b902bccf84ef",
            "label": null,
            "isExecuted": false,
            "group": null,
            "uuid": "4c8ba358-cd45-444e-9464-4d5ce6581361"
        },
        {
            "@type": "WorkflowRoute",
            "name": "find output for jinja -> jinja vars",
            "targetStep": "\/api\/3\/workflow_steps\/d0e6dc73-acdd-43a5-a81f-e9625343676e",
            "sourceStep": "\/api\/3\/workflow_steps\/ca18d5bb-b2f2-4323-91fc-5ad12a1e19e7",
            "label": null,
            "isExecuted": false,
            "group": null,
            "uuid": "7b80c432-1ea5-4a3d-b9ac-da5377068b55"
        },
        {
            "@type": "WorkflowRoute",
            "name": "find_output_record -> prepare normalized data",
            "targetStep": "\/api\/3\/workflow_steps\/6b8775fb-421b-4f24-9ada-48d2b7a41bad",
            "sourceStep": "\/api\/3\/workflow_steps\/146c7208-6792-49d1-90a2-af9188da8404",
            "label": null,
            "isExecuted": false,
            "group": null,
            "uuid": "651069d6-744d-4236-82aa-7cc1f899b80b"
        },
        {
            "@type": "WorkflowRoute",
            "name": "jinja vars -> render jinja",
            "targetStep": "\/api\/3\/workflow_steps\/7ac31627-82ab-4ec4-9b3d-cf6e49cf330e",
            "sourceStep": "\/api\/3\/workflow_steps\/d0e6dc73-acdd-43a5-a81f-e9625343676e",
            "label": null,
            "isExecuted": false,
            "group": null,
            "uuid": "f9f452b5-6fa1-4e15-80cd-3c4025c98dc7"
        },
        {
            "@type": "WorkflowRoute",
            "name": "normalize type -> configblocks",
            "targetStep": "\/api\/3\/workflow_steps\/3163447e-e395-46c6-92ae-aef11c38e539",
            "sourceStep": "\/api\/3\/workflow_steps\/77f13ee9-20d6-4153-93f7-3713c540f923",
            "label": null,
            "isExecuted": false,
            "group": null,
            "uuid": "1a03eb6d-305f-417c-90a6-9b39a1921c15"
        },
        {
            "@type": "WorkflowRoute",
            "name": "normalize type -> Copy of textlist",
            "targetStep": "\/api\/3\/workflow_steps\/aee5c93c-2fcd-4ae3-8bc4-2c9900e45f7a",
            "sourceStep": "\/api\/3\/workflow_steps\/77f13ee9-20d6-4153-93f7-3713c540f923",
            "label": null,
            "isExecuted": false,
            "group": null,
            "uuid": "43bde042-f0af-43d1-8c7b-9d35c85ff500"
        },
        {
            "@type": "WorkflowRoute",
            "name": "normalize type -> text",
            "targetStep": "\/api\/3\/workflow_steps\/fa1bdd51-ea09-4796-a0df-7d57b83ddf1d",
            "sourceStep": "\/api\/3\/workflow_steps\/77f13ee9-20d6-4153-93f7-3713c540f923",
            "label": null,
            "isExecuted": false,
            "group": null,
            "uuid": "34392383-2284-4105-8637-88650b55cde6"
        },
        {
            "@type": "WorkflowRoute",
            "name": "normalize type -> textlist",
            "targetStep": "\/api\/3\/workflow_steps\/6b126187-32ab-4970-818b-c5574bfc2e02",
            "sourceStep": "\/api\/3\/workflow_steps\/77f13ee9-20d6-4153-93f7-3713c540f923",
            "label": "",
            "isExecuted": false,
            "group": null,
            "uuid": "338d58de-7392-47e5-88f3-269f15260c71"
        },
        {
            "@type": "WorkflowRoute",
            "name": "normalize type -> Unknown Type",
            "targetStep": "\/api\/3\/workflow_steps\/f59d2ced-4569-453f-8a64-9ef731c272d0",
            "sourceStep": "\/api\/3\/workflow_steps\/77f13ee9-20d6-4153-93f7-3713c540f923",
            "label": "Default",
            "isExecuted": false,
            "group": null,
            "uuid": "0024950e-2e45-4cb9-8633-3314854690ee"
        },
        {
            "@type": "WorkflowRoute",
            "name": "playbook or jinja -> find output for jinja",
            "targetStep": "\/api\/3\/workflow_steps\/ca18d5bb-b2f2-4323-91fc-5ad12a1e19e7",
            "sourceStep": "\/api\/3\/workflow_steps\/8e49dca1-7747-42a5-b190-af3c547ea8b3",
            "label": null,
            "isExecuted": false,
            "group": null,
            "uuid": "3e70d536-3db6-4f0a-a07e-2d2c7e574f99"
        },
        {
            "@type": "WorkflowRoute",
            "name": "playbook or jinja -> playbook vars",
            "targetStep": "\/api\/3\/workflow_steps\/a19db57e-d068-43bc-9413-5728b32241ce",
            "sourceStep": "\/api\/3\/workflow_steps\/8e49dca1-7747-42a5-b190-af3c547ea8b3",
            "label": null,
            "isExecuted": false,
            "group": null,
            "uuid": "e94b8673-b136-4c82-9ad2-bffc9cfddab0"
        },
        {
            "@type": "WorkflowRoute",
            "name": "Playbook or Jinja -> unknown custom type",
            "targetStep": "\/api\/3\/workflow_steps\/39a66cb8-268a-413f-8675-7044efd1c797",
            "sourceStep": "\/api\/3\/workflow_steps\/8e49dca1-7747-42a5-b190-af3c547ea8b3",
            "label": "Default",
            "isExecuted": false,
            "group": null,
            "uuid": "a19fd3d8-b17e-4266-8f19-6c7989b964da"
        },
        {
            "@type": "WorkflowRoute",
            "name": "playbook vars -> custom playbook",
            "targetStep": "\/api\/3\/workflow_steps\/2eae8caf-a8ca-46ce-a78d-2cf57369cd81",
            "sourceStep": "\/api\/3\/workflow_steps\/a19db57e-d068-43bc-9413-5728b32241ce",
            "label": null,
            "isExecuted": false,
            "group": null,
            "uuid": "4d01fc58-5986-47d5-8f75-930aeedd3428"
        },
        {
            "@type": "WorkflowRoute",
            "name": "prepare normalized data -> update record",
            "targetStep": "\/api\/3\/workflow_steps\/0420147f-cf7c-43c3-80a5-395cb94c6ac2",
            "sourceStep": "\/api\/3\/workflow_steps\/6b8775fb-421b-4f24-9ada-48d2b7a41bad",
            "label": null,
            "isExecuted": false,
            "group": null,
            "uuid": "20fb9bbb-1b7d-4d00-b80a-0087526f7b2e"
        },
        {
            "@type": "WorkflowRoute",
            "name": "render jinja -> find_output_record",
            "targetStep": "\/api\/3\/workflow_steps\/146c7208-6792-49d1-90a2-af9188da8404",
            "sourceStep": "\/api\/3\/workflow_steps\/7ac31627-82ab-4ec4-9b3d-cf6e49cf330e",
            "label": null,
            "isExecuted": false,
            "group": null,
            "uuid": "5f4d93d8-6a66-4319-975d-732a53f0de1a"
        },
        {
            "@type": "WorkflowRoute",
            "name": "setup env -> find data profile",
            "targetStep": "\/api\/3\/workflow_steps\/a4e36f71-f85d-4933-8028-b902bccf84ef",
            "sourceStep": "\/api\/3\/workflow_steps\/7b96cbd4-f7cd-4c15-868a-64c21f8a56d8",
            "label": null,
            "isExecuted": false,
            "group": null,
            "uuid": "1b9d962d-e965-4504-842f-fc8b751e0eb4"
        },
        {
            "@type": "WorkflowRoute",
            "name": "Start -> setup env",
            "targetStep": "\/api\/3\/workflow_steps\/7b96cbd4-f7cd-4c15-868a-64c21f8a56d8",
            "sourceStep": "\/api\/3\/workflow_steps\/19720cab-e24c-45f3-97a8-9813b23860b9",
            "label": null,
            "isExecuted": false,
            "group": null,
            "uuid": "e5947e7b-0fb9-4090-aa89-8f3e4778ed8d"
        },
        {
            "@type": "WorkflowRoute",
            "name": "text -> find_output_record",
            "targetStep": "\/api\/3\/workflow_steps\/146c7208-6792-49d1-90a2-af9188da8404",
            "sourceStep": "\/api\/3\/workflow_steps\/fa1bdd51-ea09-4796-a0df-7d57b83ddf1d",
            "label": null,
            "isExecuted": false,
            "group": null,
            "uuid": "14a75abe-a3dc-4032-a208-96fdbca9d911"
        },
        {
            "@type": "WorkflowRoute",
            "name": "textlist -> find_output_record",
            "targetStep": "\/api\/3\/workflow_steps\/146c7208-6792-49d1-90a2-af9188da8404",
            "sourceStep": "\/api\/3\/workflow_steps\/6b126187-32ab-4970-818b-c5574bfc2e02",
            "label": null,
            "isExecuted": false,
            "group": null,
            "uuid": "3556366a-5fdc-40e4-81b5-262f19dbdf47"
        },
        {
            "@type": "WorkflowRoute",
            "name": "tojson -> find_output_record",
            "targetStep": "\/api\/3\/workflow_steps\/146c7208-6792-49d1-90a2-af9188da8404",
            "sourceStep": "\/api\/3\/workflow_steps\/aee5c93c-2fcd-4ae3-8bc4-2c9900e45f7a",
            "label": null,
            "isExecuted": false,
            "group": null,
            "uuid": "232e8bd5-9397-4cea-b861-bec32f9ab13e"
        }
    ],
    "groups": [],
    "priority": "\/api\/3\/picklists\/2b563c61-ae2c-41c0-a85a-c9709585e3f2",
    "playbookOrigin": "\/api\/3\/picklists\/b6d710a9-a8ec-41ec-8817-fe9fa062fcdd",
    "isEditable": true,
    "uuid": "a45b5def-b7e1-4ac8-9ecd-8c23c419f0a3",
    "owners": [],
    "isPrivate": false,
    "deletedAt": null,
    "recordTags": [
        "netshot_target_output_id",
        "normalize_type"
    ]
}