{
    "@type": "Workflow",
    "triggerLimit": null,
    "name": "> normalize data - text",
    "aliasName": null,
    "tag": null,
    "description": "Normalize Data into simple text.",
    "isActive": true,
    "debug": false,
    "singleRecordExecution": false,
    "remoteExecutableFlag": false,
    "parameters": [
        "netshot_target_output_id"
    ],
    "synchronous": false,
    "collection": "\/api\/3\/workflow_collections\/47462724-61c5-401a-be3b-53b8154157f9",
    "versions": [],
    "triggerStep": "\/api\/3\/workflow_steps\/8445e058-785d-47d5-b701-5e563d2d841d",
    "steps": [
        {
            "@type": "WorkflowStep",
            "name": "find_output_record",
            "description": null,
            "arguments": {
                "query": {
                    "sort": [],
                    "limit": 30,
                    "logic": "AND",
                    "filters": [
                        {
                            "type": "primitive",
                            "field": "id",
                            "value": "{{vars.netshot_target_output_id}}",
                            "operator": "eq",
                            "_operator": "eq"
                        }
                    ],
                    "__selectFields": [
                        "name",
                        "id",
                        "sourceData"
                    ]
                },
                "module": "netshot_target_outputs?$limit=1",
                "checkboxFields": true,
                "step_variables": {
                    "record_data": "{{vars.steps.find_output_record[0]}}"
                }
            },
            "status": null,
            "top": "120",
            "left": "360",
            "stepType": "\/api\/3\/workflow_step_types\/b593663d-7d13-40ce-a3a3-96dece928770",
            "group": null,
            "uuid": "1487661c-946c-4ece-aef6-48a5837a7e2a"
        },
        {
            "@type": "WorkflowStep",
            "name": "return",
            "description": null,
            "arguments": {
                "output": "{%- set table = [] -%}\n{%- do table.append(vars.record_data.sourceData) -%}\n{{table}}"
            },
            "status": null,
            "top": "120",
            "left": "40",
            "stepType": "\/api\/3\/workflow_step_types\/04d0cf46-b6a8-42c4-8683-60a7eaa69e8f",
            "group": null,
            "uuid": "2b4ef83b-9615-4a9c-9644-2caccc410cd6"
        },
        {
            "@type": "WorkflowStep",
            "name": "setup env",
            "description": null,
            "arguments": {
                "netshot_target_output_id": "{{vars.input.params['netshot_target_output_id']}}"
            },
            "status": null,
            "top": "40",
            "left": "360",
            "stepType": "\/api\/3\/workflow_step_types\/04d0cf46-b6a8-42c4-8683-60a7eaa69e8f",
            "group": null,
            "uuid": "6a916432-6df9-4c69-89ae-f15fc2661157"
        },
        {
            "@type": "WorkflowStep",
            "name": "Start",
            "description": null,
            "arguments": {
                "__triggerLimit": true,
                "step_variables": {
                    "input": {
                        "params": []
                    }
                },
                "triggerOnSource": true,
                "triggerOnReplicate": false
            },
            "status": null,
            "top": "40",
            "left": "40",
            "stepType": "\/api\/3\/workflow_step_types\/b348f017-9a94-471f-87f8-ce88b6a7ad62",
            "group": null,
            "uuid": "8445e058-785d-47d5-b701-5e563d2d841d"
        }
    ],
    "routes": [
        {
            "@type": "WorkflowRoute",
            "name": "find_output_record -> return",
            "targetStep": "\/api\/3\/workflow_steps\/2b4ef83b-9615-4a9c-9644-2caccc410cd6",
            "sourceStep": "\/api\/3\/workflow_steps\/1487661c-946c-4ece-aef6-48a5837a7e2a",
            "label": null,
            "isExecuted": false,
            "group": null,
            "uuid": "97e5b551-ced0-49ea-98e6-f4f73ad42900"
        },
        {
            "@type": "WorkflowRoute",
            "name": "setup env -> find_output_record",
            "targetStep": "\/api\/3\/workflow_steps\/1487661c-946c-4ece-aef6-48a5837a7e2a",
            "sourceStep": "\/api\/3\/workflow_steps\/6a916432-6df9-4c69-89ae-f15fc2661157",
            "label": null,
            "isExecuted": false,
            "group": null,
            "uuid": "8a6804d4-2704-423e-816c-22ab67cbad26"
        },
        {
            "@type": "WorkflowRoute",
            "name": "Start -> setup env",
            "targetStep": "\/api\/3\/workflow_steps\/6a916432-6df9-4c69-89ae-f15fc2661157",
            "sourceStep": "\/api\/3\/workflow_steps\/8445e058-785d-47d5-b701-5e563d2d841d",
            "label": null,
            "isExecuted": false,
            "group": null,
            "uuid": "bfdbdfb0-8834-47ff-921c-8106e9c17b0d"
        }
    ],
    "groups": [],
    "priority": "\/api\/3\/picklists\/2b563c61-ae2c-41c0-a85a-c9709585e3f2",
    "playbookOrigin": "\/api\/3\/picklists\/b6d710a9-a8ec-41ec-8817-fe9fa062fcdd",
    "isEditable": true,
    "uuid": "6b747920-99da-4f32-ae40-3e80058eb420",
    "owners": [],
    "isPrivate": false,
    "deletedAt": null,
    "recordTags": [
        "Normalize Data"
    ]
}