{
    "@type": "Workflow",
    "triggerLimit": null,
    "name": "> normalize netshot target output by list",
    "aliasName": null,
    "tag": null,
    "description": "Normalize data of netshot target output record.",
    "isActive": true,
    "debug": false,
    "singleRecordExecution": false,
    "remoteExecutableFlag": false,
    "parameters": [
        "netshot_target_output_id_list",
        "normalize_data_type"
    ],
    "synchronous": false,
    "collection": "\/api\/3\/workflow_collections\/47462724-61c5-401a-be3b-53b8154157f9",
    "versions": [],
    "triggerStep": "\/api\/3\/workflow_steps\/bf98bf60-5e9a-4a0c-8818-ac08e8a506f0",
    "steps": [
        {
            "@type": "WorkflowStep",
            "name": "normalize data",
            "description": null,
            "arguments": {
                "for_each": {
                    "item": "{{vars.netshot_target_output_id_list}}",
                    "__bulk": false,
                    "parallel": true,
                    "condition": ""
                },
                "arguments": {
                    "normalize_type": "{{vars.normalize_data_type}}",
                    "netshot_target_output_id": "{{vars.item}}"
                },
                "apply_async": false,
                "step_variables": [],
                "pass_parent_env": false,
                "pass_input_record": false,
                "workflowReference": "\/api\/3\/workflows\/a45b5def-b7e1-4ac8-9ecd-8c23c419f0a3"
            },
            "status": null,
            "top": "40",
            "left": "720",
            "stepType": "\/api\/3\/workflow_step_types\/74932bdc-b8b6-4d24-88c4-1a4dfbc524f3",
            "group": null,
            "uuid": "475f9180-b1cc-44f8-9054-4650f72470d4"
        },
        {
            "@type": "WorkflowStep",
            "name": "setup env",
            "description": null,
            "arguments": {
                "normalize_data_type": "{{vars.input.params['normalize_data_type']}}",
                "netshot_target_output_id_list": "{{vars.input.params['netshot_target_output_id_list']}}"
            },
            "status": null,
            "top": "40",
            "left": "380",
            "stepType": "\/api\/3\/workflow_step_types\/04d0cf46-b6a8-42c4-8683-60a7eaa69e8f",
            "group": null,
            "uuid": "cb12e0ad-64d4-4684-902b-6ca1d654e94e"
        },
        {
            "@type": "WorkflowStep",
            "name": "Start",
            "description": null,
            "arguments": {
                "__triggerLimit": true,
                "step_variables": {
                    "input": {
                        "params": []
                    }
                },
                "triggerOnSource": true,
                "triggerOnReplicate": false
            },
            "status": null,
            "top": "40",
            "left": "40",
            "stepType": "\/api\/3\/workflow_step_types\/b348f017-9a94-471f-87f8-ce88b6a7ad62",
            "group": null,
            "uuid": "bf98bf60-5e9a-4a0c-8818-ac08e8a506f0"
        }
    ],
    "routes": [
        {
            "@type": "WorkflowRoute",
            "name": "setup env -> normalize data",
            "targetStep": "\/api\/3\/workflow_steps\/475f9180-b1cc-44f8-9054-4650f72470d4",
            "sourceStep": "\/api\/3\/workflow_steps\/cb12e0ad-64d4-4684-902b-6ca1d654e94e",
            "label": null,
            "isExecuted": false,
            "group": null,
            "uuid": "9660114a-417f-48a6-a5a9-bb1e1bff3c35"
        },
        {
            "@type": "WorkflowRoute",
            "name": "Start -> setup env",
            "targetStep": "\/api\/3\/workflow_steps\/cb12e0ad-64d4-4684-902b-6ca1d654e94e",
            "sourceStep": "\/api\/3\/workflow_steps\/bf98bf60-5e9a-4a0c-8818-ac08e8a506f0",
            "label": null,
            "isExecuted": false,
            "group": null,
            "uuid": "cf98ab1e-99b3-4153-80b5-afad734225c4"
        }
    ],
    "groups": [],
    "priority": "\/api\/3\/picklists\/2b563c61-ae2c-41c0-a85a-c9709585e3f2",
    "playbookOrigin": "\/api\/3\/picklists\/b6d710a9-a8ec-41ec-8817-fe9fa062fcdd",
    "isEditable": true,
    "uuid": "de54fb72-2032-4e5f-8d42-2698f035adbd",
    "owners": [],
    "isPrivate": false,
    "deletedAt": null,
    "recordTags": [
        "netshot_target_output_id_list",
        "normalize_data_type"
    ]
}