{
    "@type": "Workflow",
    "triggerLimit": null,
    "name": "> output report - diff2json text",
    "aliasName": null,
    "tag": null,
    "description": null,
    "isActive": true,
    "debug": false,
    "singleRecordExecution": false,
    "remoteExecutableFlag": false,
    "parameters": [
        "netshot_target_output_id1",
        "netshot_target_output_id2"
    ],
    "synchronous": false,
    "collection": "\/api\/3\/workflow_collections\/47462724-61c5-401a-be3b-53b8154157f9",
    "versions": [],
    "triggerStep": "\/api\/3\/workflow_steps\/9b64f004-3e73-4e4e-b4aa-93702724362d",
    "steps": [
        {
            "@type": "WorkflowStep",
            "name": "diff2json",
            "description": null,
            "arguments": {
                "config": "c9ed51c2-098a-4673-965c-18ba75e72773",
                "params": {
                    "python_function": "import difflib\r\nimport json\r\n\r\n\r\ndef sdiff_json(text1, text2):\r\n    \"\"\"\r\n    Compares two text sections and returns a structured JSON with diff lines and summary statistics.\r\n    Uses `|` for modified lines, `<` for removed, and `>` for added.\r\n    Returns a dict with 'lines' containing the diff and 'summary' containing statistics.\r\n    \"\"\"\r\n\r\n    # Split text into lines\r\n    lines1 = text1.splitlines()\r\n    lines2 = text2.splitlines()\r\n\r\n    # Initialize counters for summary\r\n    total_changes = 0\r\n    lines_added = 0\r\n    lines_removed = 0\r\n    lines_changed = 0\r\n\r\n    # Compute the difference\r\n    diff = list(difflib.ndiff(lines1, lines2))\r\n\r\n    # Prepare JSON structure\r\n    result = []\r\n    left_buffer = None  # Store removed lines to detect modifications\r\n\r\n    for line in diff:\r\n        tag = line[0]  # First character indicates the type of change\r\n        content = line[2:]  # Actual content\r\n\r\n        if tag == ' ':  # Unchanged line\r\n            if left_buffer:  # Flush removed lines if no addition followed\r\n                for l in left_buffer:\r\n                    result.append({\r\n                        \"original\": l,\r\n                        \"symbol\": \"<\",\r\n                        \"modified\": \"\"\r\n                    })\r\n                    lines_removed += 1\r\n                    total_changes += 1\r\n                left_buffer = None  # Reset buffer\r\n\r\n            result.append({\r\n                \"original\": content,\r\n                \"symbol\": \" \",\r\n                \"modified\": content\r\n            })\r\n\r\n        elif tag == '-':  # Removed line (store it for potential modification)\r\n            left_buffer = [content]\r\n\r\n        elif tag == '+':  # Added line\r\n            if left_buffer:  # If a removed line exists, it's a modification\r\n                result.append({\r\n                    \"original\": left_buffer.pop(0),\r\n                    \"symbol\": \"|\",\r\n                    \"modified\": content\r\n                })\r\n                lines_changed += 1\r\n                total_changes += 1\r\n                left_buffer = None  # Reset buffer\r\n            else:  # Pure addition\r\n                result.append({\r\n                    \"original\": \"\",\r\n                    \"symbol\": \">\",\r\n                    \"modified\": content\r\n                })\r\n                lines_added += 1\r\n                total_changes += 1\r\n\r\n    # If any remaining removed lines exist, add them\r\n    if left_buffer:\r\n        for l in left_buffer:\r\n            result.append({\r\n                \"original\": l,\r\n                \"symbol\": \"<\",\r\n                \"modified\": \"\"\r\n            })\r\n            lines_removed += 1\r\n            total_changes += 1\r\n\r\n    # Create the final output structure\r\n    output = {\r\n        \"lines\": result,\r\n        \"summary\": {\r\n            \"total_lines\": len(result),\r\n            \"total_changes\": total_changes,\r\n            \"lines_added\": lines_added,\r\n            \"lines_removed\": lines_removed,\r\n            \"lines_changed\": lines_changed\r\n        }\r\n    }\r\n\r\n    return json.dumps(output, indent=4)\r\n\r\n\r\n#\r\n##Main\r\n#\r\ntext1 = \"\"\"{{vars.output1_data}}\"\"\"\r\ntext2 = \"\"\"{{vars.output2_data}}\"\"\"\r\n\r\n# Generate JSON diff output\r\njson_output = sdiff_json(text1, text2)\r\nprint(json_output)\r\n"
                },
                "version": "2.1.3",
                "connector": "code-snippet",
                "operation": "python_inline_code_editor",
                "operationTitle": "Execute Python Code",
                "step_variables": []
            },
            "status": null,
            "top": "340",
            "left": "720",
            "stepType": "\/api\/3\/workflow_step_types\/1fdd14cc-d6b4-4335-a3af-ab49c8ed2fd8",
            "group": null,
            "uuid": "ebdea56e-8185-4bd5-9a8f-7e76fff6d5dc"
        },
        {
            "@type": "WorkflowStep",
            "name": "find output1",
            "description": null,
            "arguments": {
                "query": {
                    "sort": [],
                    "limit": 30,
                    "logic": "AND",
                    "filters": [
                        {
                            "type": "primitive",
                            "field": "id",
                            "value": "{{vars.netshot_target_output_id1}}",
                            "operator": "eq",
                            "_operator": "eq"
                        }
                    ],
                    "__selectFields": [
                        "name",
                        "normalizedData"
                    ]
                },
                "module": "netshot_target_outputs?$limit=1",
                "checkboxFields": true,
                "step_variables": []
            },
            "status": null,
            "top": "40",
            "left": "720",
            "stepType": "\/api\/3\/workflow_step_types\/b593663d-7d13-40ce-a3a3-96dece928770",
            "group": null,
            "uuid": "77b3edc0-f942-4779-9fd4-e3e953695839"
        },
        {
            "@type": "WorkflowStep",
            "name": "find output2",
            "description": null,
            "arguments": {
                "query": {
                    "sort": [],
                    "limit": 30,
                    "logic": "AND",
                    "filters": [
                        {
                            "type": "primitive",
                            "field": "id",
                            "value": "{{vars.netshot_target_output_id2}}",
                            "operator": "eq",
                            "_operator": "eq"
                        }
                    ],
                    "__selectFields": [
                        "name",
                        "normalizedData"
                    ]
                },
                "module": "netshot_target_outputs?$limit=1",
                "checkboxFields": true,
                "step_variables": []
            },
            "status": null,
            "top": "140",
            "left": "720",
            "stepType": "\/api\/3\/workflow_step_types\/b593663d-7d13-40ce-a3a3-96dece928770",
            "group": null,
            "uuid": "ef86e084-9cbc-4a4c-b0f3-613004fd17fe"
        },
        {
            "@type": "WorkflowStep",
            "name": "prep text",
            "description": null,
            "arguments": {
                "output1_data": "{{vars.steps.find_output1[0].normalizedData.text[0]}}",
                "output2_data": "{{vars.steps.find_output2[0].normalizedData.text[0]}}"
            },
            "status": null,
            "top": "240",
            "left": "720",
            "stepType": "\/api\/3\/workflow_step_types\/04d0cf46-b6a8-42c4-8683-60a7eaa69e8f",
            "group": null,
            "uuid": "14505b3b-4703-4cfa-b142-0898695535d7"
        },
        {
            "@type": "WorkflowStep",
            "name": "return",
            "description": null,
            "arguments": {
                "output": "{{vars.steps.diff2json.data['code_output']}}"
            },
            "status": null,
            "top": "120",
            "left": "40",
            "stepType": "\/api\/3\/workflow_step_types\/04d0cf46-b6a8-42c4-8683-60a7eaa69e8f",
            "group": null,
            "uuid": "0a702f02-52d9-4aff-b195-3525331689c0"
        },
        {
            "@type": "WorkflowStep",
            "name": "setup env",
            "description": null,
            "arguments": {
                "netshot_target_output_id1": "{{vars.input.params['netshot_target_output_id1']}}",
                "netshot_target_output_id2": "{{vars.input.params['netshot_target_output_id2']}}"
            },
            "status": null,
            "top": "40",
            "left": "380",
            "stepType": "\/api\/3\/workflow_step_types\/04d0cf46-b6a8-42c4-8683-60a7eaa69e8f",
            "group": null,
            "uuid": "b35b1d1b-379d-418a-b26b-234841093e63"
        },
        {
            "@type": "WorkflowStep",
            "name": "Start",
            "description": null,
            "arguments": {
                "__triggerLimit": true,
                "step_variables": {
                    "input": {
                        "params": []
                    }
                },
                "triggerOnSource": true,
                "triggerOnReplicate": false
            },
            "status": null,
            "top": "40",
            "left": "40",
            "stepType": "\/api\/3\/workflow_step_types\/b348f017-9a94-471f-87f8-ce88b6a7ad62",
            "group": null,
            "uuid": "9b64f004-3e73-4e4e-b4aa-93702724362d"
        }
    ],
    "routes": [
        {
            "@type": "WorkflowRoute",
            "name": "diff2json -> return",
            "targetStep": "\/api\/3\/workflow_steps\/0a702f02-52d9-4aff-b195-3525331689c0",
            "sourceStep": "\/api\/3\/workflow_steps\/ebdea56e-8185-4bd5-9a8f-7e76fff6d5dc",
            "label": null,
            "isExecuted": false,
            "group": null,
            "uuid": "4f6171c8-f111-456c-914f-f26c571b9dac"
        },
        {
            "@type": "WorkflowRoute",
            "name": "find output1 -> find output2",
            "targetStep": "\/api\/3\/workflow_steps\/ef86e084-9cbc-4a4c-b0f3-613004fd17fe",
            "sourceStep": "\/api\/3\/workflow_steps\/77b3edc0-f942-4779-9fd4-e3e953695839",
            "label": null,
            "isExecuted": false,
            "group": null,
            "uuid": "031467e2-569b-4fc6-a0ae-6e14f1b9382a"
        },
        {
            "@type": "WorkflowRoute",
            "name": "find output2 -> prep text",
            "targetStep": "\/api\/3\/workflow_steps\/14505b3b-4703-4cfa-b142-0898695535d7",
            "sourceStep": "\/api\/3\/workflow_steps\/ef86e084-9cbc-4a4c-b0f3-613004fd17fe",
            "label": null,
            "isExecuted": false,
            "group": null,
            "uuid": "d2680ede-0e31-4849-ab8d-d14106b03c0b"
        },
        {
            "@type": "WorkflowRoute",
            "name": "prep text -> diff",
            "targetStep": "\/api\/3\/workflow_steps\/ebdea56e-8185-4bd5-9a8f-7e76fff6d5dc",
            "sourceStep": "\/api\/3\/workflow_steps\/14505b3b-4703-4cfa-b142-0898695535d7",
            "label": null,
            "isExecuted": false,
            "group": null,
            "uuid": "63fc450e-925c-4db7-82d6-26986122881f"
        },
        {
            "@type": "WorkflowRoute",
            "name": "setup env -> find output1",
            "targetStep": "\/api\/3\/workflow_steps\/77b3edc0-f942-4779-9fd4-e3e953695839",
            "sourceStep": "\/api\/3\/workflow_steps\/b35b1d1b-379d-418a-b26b-234841093e63",
            "label": null,
            "isExecuted": false,
            "group": null,
            "uuid": "cd261f33-f45d-42ed-9fd3-0c51315b4324"
        },
        {
            "@type": "WorkflowRoute",
            "name": "Start -> setup env",
            "targetStep": "\/api\/3\/workflow_steps\/b35b1d1b-379d-418a-b26b-234841093e63",
            "sourceStep": "\/api\/3\/workflow_steps\/9b64f004-3e73-4e4e-b4aa-93702724362d",
            "label": null,
            "isExecuted": false,
            "group": null,
            "uuid": "46193b81-4ff9-4abb-8398-39185f3f8e0c"
        }
    ],
    "groups": [],
    "priority": "\/api\/3\/picklists\/2b563c61-ae2c-41c0-a85a-c9709585e3f2",
    "playbookOrigin": "\/api\/3\/picklists\/b6d710a9-a8ec-41ec-8817-fe9fa062fcdd",
    "isEditable": true,
    "uuid": "1aaa9580-6694-4680-b025-25cdf0487be0",
    "owners": [],
    "isPrivate": false,
    "deletedAt": null,
    "recordTags": []
}