{
    "@type": "Workflow",
    "triggerLimit": null,
    "name": "> output report - regex2json text",
    "aliasName": null,
    "tag": null,
    "description": null,
    "isActive": true,
    "debug": false,
    "singleRecordExecution": false,
    "remoteExecutableFlag": false,
    "parameters": [
        "netshot_target_output_id",
        "netshot_target_template_id"
    ],
    "synchronous": false,
    "collection": "\/api\/3\/workflow_collections\/47462724-61c5-401a-be3b-53b8154157f9",
    "versions": [],
    "triggerStep": "\/api\/3\/workflow_steps\/48ff3124-4417-4581-9983-f8496f0dea70",
    "steps": [
        {
            "@type": "WorkflowStep",
            "name": "diff mode",
            "description": null,
            "arguments": {
                "conditions": [
                    {
                        "default": true,
                        "step_iri": "\/api\/3\/workflow_steps\/b3895b7e-1026-48c6-953f-a9726b9f6c01",
                        "step_name": "unknown mode"
                    },
                    {
                        "step_iri": "\/api\/3\/workflow_steps\/93d36b15-c116-4f08-a5de-8a4fb7558c9b",
                        "condition": "{{ \"match\" in vars.regex_mode|lower }}",
                        "step_name": "regex2json_match"
                    },
                    {
                        "step_iri": "\/api\/3\/workflow_steps\/cf632db8-4fb8-46a1-aa3c-222c9611e446",
                        "condition": "{{ \"require\" in vars.regex_mode|lower }}",
                        "step_name": "regex2json_required"
                    },
                    {
                        "step_iri": "\/api\/3\/workflow_steps\/f3ccd20f-37f2-41d7-b37a-6de230a8fe2d",
                        "condition": "{{ \"forbid\" in vars.regex_mode|lower }}",
                        "step_name": "regex2json_forbidden"
                    }
                ],
                "step_variables": []
            },
            "status": null,
            "top": "300",
            "left": "1200",
            "stepType": "\/api\/3\/workflow_step_types\/12254cf5-5db7-4b1a-8cb1-3af081924b28",
            "group": null,
            "uuid": "495fadfd-eb85-4953-8922-3d8bee83f02f"
        },
        {
            "@type": "WorkflowStep",
            "name": "find output",
            "description": null,
            "arguments": {
                "query": {
                    "sort": [],
                    "limit": 30,
                    "logic": "AND",
                    "filters": [
                        {
                            "type": "primitive",
                            "field": "id",
                            "value": "{{vars.netshot_target_output_id}}",
                            "operator": "eq",
                            "_operator": "eq"
                        }
                    ],
                    "__selectFields": [
                        "name",
                        "normalizedData"
                    ]
                },
                "module": "netshot_target_outputs?$limit=1",
                "checkboxFields": true,
                "step_variables": {
                    "find_output_data_test": "{{vars.steps.find_output}}"
                }
            },
            "status": null,
            "top": "40",
            "left": "720",
            "stepType": "\/api\/3\/workflow_step_types\/b593663d-7d13-40ce-a3a3-96dece928770",
            "group": null,
            "uuid": "d18e4fbd-14e1-4aac-9078-b619ae5ba162"
        },
        {
            "@type": "WorkflowStep",
            "name": "find record vars",
            "description": null,
            "arguments": {
                "data_key": "{{vars.steps.find_template[0].normalizedDataKey}}",
                "data_scope": "{{vars.steps.find_template[0].normalizedDataScope}}"
            },
            "status": null,
            "top": "180",
            "left": "1020",
            "stepType": "\/api\/3\/workflow_step_types\/04d0cf46-b6a8-42c4-8683-60a7eaa69e8f",
            "group": null,
            "uuid": "03cd3e82-f8af-4b32-9b98-cddefc335312"
        },
        {
            "@type": "WorkflowStep",
            "name": "find template",
            "description": null,
            "arguments": {
                "query": {
                    "sort": [],
                    "limit": 30,
                    "logic": "AND",
                    "filters": [
                        {
                            "type": "primitive",
                            "field": "id",
                            "value": "{{vars.netshot_target_template_id}}",
                            "operator": "eq",
                            "_operator": "eq"
                        }
                    ],
                    "__selectFields": [
                        "name",
                        "type",
                        "script",
                        "regexMode",
                        "normalizedDataKey",
                        "normalizedDataScope"
                    ]
                },
                "module": "netshot_output_report_profiles?$limit=1",
                "checkboxFields": true,
                "step_variables": {
                    "find_template_data_test": "{{vars.steps.find_template}}"
                }
            },
            "status": null,
            "top": "140",
            "left": "720",
            "stepType": "\/api\/3\/workflow_step_types\/b593663d-7d13-40ce-a3a3-96dece928770",
            "group": null,
            "uuid": "4a39fade-333b-4625-8c2b-001dcd743b5e"
        },
        {
            "@type": "WorkflowStep",
            "name": "prep text",
            "description": null,
            "arguments": {
                "regex_mode": "{{vars.steps.find_template[0].regexMode.itemValue}}",
                "output_data": "{%- set scoped_data = {} -%}\n{%- if vars.data_scope not in ['',None,Null] -%}\n  {%- set scoped_data = vars.steps.find_output[0].normalizedData[vars.data_key] | json_query('{}'.format(vars.data_scope)) -%}\n{%- else -%}\n  {%- set scoped_data = vars.steps.find_output[0].normalizedData[vars.data_key] -%}\n{%- endif -%}\n{%- if scoped_data is sequence and scoped_data | length == 1 -%}\n{{scoped_data[0]}}\n{%- else -%}\n{{scoped_data}}\n{%- endif -%}",
                "template_data": "{{vars.steps.find_template[0].script}}"
            },
            "status": null,
            "top": "260",
            "left": "720",
            "stepType": "\/api\/3\/workflow_step_types\/04d0cf46-b6a8-42c4-8683-60a7eaa69e8f",
            "group": null,
            "uuid": "8b5e9106-16b1-4ad3-8599-75573f787ca4"
        },
        {
            "@type": "WorkflowStep",
            "name": "regex2json_forbidden",
            "description": null,
            "arguments": {
                "config": "c9ed51c2-098a-4673-965c-18ba75e72773",
                "params": {
                    "python_function": "import re\r\nimport json\r\nfrom typing import List, Dict, Union\r\n\r\n\r\ndef find_patterns_in_text(raw_text: str, template_text: str) -> Dict[str, List[Dict[str, Union[str, int, bool]]]]:\r\n    \"\"\"\r\n    Find regex patterns from a template in the raw text.\r\n    Reports exceptions when patterns that should NOT exist are found.\r\n\r\n    Args:\r\n        raw_text (str): The text to search in\r\n        template_text (str): The template containing regex patterns that should NOT exist\r\n\r\n    Returns:\r\n        Dict: JSON structure containing pattern details and exceptions\r\n    \"\"\"\r\n    # Split the template into lines\r\n    template_lines = template_text.splitlines()\r\n\r\n    results = {\r\n        \"lines\": [],\r\n        \"summary\": {\r\n            \"total_lines\": 0,\r\n            \"exceptions_found\": 0\r\n        }\r\n    }\r\n\r\n    # Filter out empty lines from template\r\n    template_lines = [line.strip() for line in template_lines if line.strip()]\r\n    results[\"summary\"][\"total_lines\"] = len(template_lines)\r\n\r\n    # Check each template pattern\r\n    for idx, template_line in enumerate(template_lines):\r\n        pattern_info = {\r\n            \"line_number\": idx + 1,\r\n            \"content\": template_line,\r\n            \"has_exception\": False,\r\n            \"details\": \"\"\r\n        }\r\n\r\n        try:\r\n            # Search for the pattern anywhere in the text\r\n            matches = re.search(template_line, raw_text)\r\n\r\n            if matches:\r\n                # Exception when a pattern that should NOT exist IS found\r\n                pattern_info[\"has_exception\"] = True\r\n                pattern_info[\"details\"] = \"forbidden pattern found in text\"\r\n                pattern_info[\"match\"] = matches.group(0)\r\n                pattern_info[\"match_position\"] = matches.span()\r\n                results[\"summary\"][\"exceptions_found\"] += 1\r\n            else:\r\n                pattern_info[\"details\"] = \"forbidden pattern not found (good)\"\r\n\r\n        except re.error as e:\r\n            # Handle invalid regex\r\n            pattern_info[\"has_exception\"] = True\r\n            pattern_info[\"details\"] = f\"invalid regex pattern: {str(e)}\"\r\n            results[\"summary\"][\"exceptions_found\"] += 1\r\n\r\n        results[\"lines\"].append(pattern_info)\r\n\r\n    return results\r\n\r\n\r\n# template and raw text\r\ntemplate = \"\"\"{{vars.template_data}}\"\"\"\r\nraw = \"\"\"{{vars.output_data}}\"\"\"\r\n\r\nresult = find_patterns_in_text(raw, template)\r\nprint(json.dumps(result, indent=2))"
                },
                "version": "2.1.3",
                "connector": "code-snippet",
                "operation": "python_inline_code_editor",
                "operationTitle": "Execute Python Code",
                "step_variables": {
                    "regex2json_data": "{{vars.steps.regex2json_forbidden}}"
                }
            },
            "status": null,
            "top": "500",
            "left": "700",
            "stepType": "\/api\/3\/workflow_step_types\/1fdd14cc-d6b4-4335-a3af-ab49c8ed2fd8",
            "group": null,
            "uuid": "f3ccd20f-37f2-41d7-b37a-6de230a8fe2d"
        },
        {
            "@type": "WorkflowStep",
            "name": "regex2json_match",
            "description": null,
            "arguments": {
                "config": "c9ed51c2-098a-4673-965c-18ba75e72773",
                "params": {
                    "python_function": "import re\r\nimport json\r\nfrom typing import List, Dict, Union\r\n\r\n\r\ndef compare_template_json(raw_text: str, template_text: str) -> Dict[str, List[Dict[str, Union[str, int, bool]]]]:\r\n    \"\"\"\r\n    Compare raw text against a template containing regex patterns.\r\n    Returns a JSON structure with detailed line information.\r\n\r\n    Args:\r\n        raw_text (str): The text to check\r\n        template_text (str): The template containing regex patterns\r\n\r\n    Returns:\r\n        Dict: JSON structure containing line details and exceptions\r\n    \"\"\"\r\n    # Split both texts into lines\r\n    raw_lines = raw_text.splitlines()\r\n    template_lines = template_text.splitlines()\r\n\r\n    results = {\r\n        \"lines\": [],\r\n        \"summary\": {\r\n            \"total_lines\": len(raw_lines),\r\n            \"exceptions_found\": 0\r\n        }\r\n    }\r\n\r\n    # Track line numbers for both texts\r\n    raw_idx = 0\r\n    template_idx = 0\r\n\r\n    while raw_idx < len(raw_lines):\r\n        raw_line = raw_lines[raw_idx].strip()\r\n\r\n        line_info = {\r\n            \"line_number\": raw_idx + 1,\r\n            \"content\": raw_line,\r\n            \"has_exception\": False,\r\n            \"details\": \"\"\r\n        }\r\n\r\n        # Skip empty lines but still record them\r\n        if not raw_line:\r\n            line_info[\"details\"] = \"empty line\"\r\n            results[\"lines\"].append(line_info)\r\n            raw_idx += 1\r\n            continue\r\n\r\n        if template_idx >= len(template_lines):\r\n            # If we've run out of template lines\r\n            line_info[\"has_exception\"] = True\r\n            line_info[\"details\"] = \"no matching template line\"\r\n            results[\"summary\"][\"exceptions_found\"] += 1\r\n            results[\"lines\"].append(line_info)\r\n            raw_idx += 1\r\n            continue\r\n\r\n        template_line = template_lines[template_idx].strip()\r\n\r\n        # Skip empty template lines\r\n        if not template_line:\r\n            template_idx += 1\r\n            continue\r\n\r\n        try:\r\n            # Try to match the raw line against the template pattern\r\n            if not re.match(f\"^{template_line}$\", raw_line):\r\n                line_info[\"has_exception\"] = True\r\n                line_info[\"details\"] = f\"expected pattern: {template_line}\"\r\n                results[\"summary\"][\"exceptions_found\"] += 1\r\n            else:\r\n                line_info[\"details\"] = \"matches template\"\r\n\r\n        except re.error:\r\n            # If the template line isn't a valid regex, do exact matching\r\n            if template_line != raw_line:\r\n                line_info[\"has_exception\"] = True\r\n                line_info[\"details\"] = f\"exact match failed: {template_line}\"\r\n                results[\"summary\"][\"exceptions_found\"] += 1\r\n            else:\r\n                line_info[\"details\"] = \"exact match success\"\r\n\r\n        results[\"lines\"].append(line_info)\r\n        raw_idx += 1\r\n        template_idx += 1\r\n\r\n    return results\r\n\r\n\r\n# Your example template and raw text here\r\ntemplate = \"\"\"{{vars.template_data}}\"\"\"\r\nraw = \"\"\"{{vars.output_data}}\"\"\"\r\n\r\nresult = compare_template_json(raw, template)\r\nprint(json.dumps(result, indent=2))\r\n"
                },
                "version": "2.1.3",
                "connector": "code-snippet",
                "operation": "python_inline_code_editor",
                "operationTitle": "Execute Python Code",
                "step_variables": {
                    "regex2json_data": "{{vars.steps.regex2json_match}}"
                }
            },
            "status": null,
            "top": "340",
            "left": "800",
            "stepType": "\/api\/3\/workflow_step_types\/1fdd14cc-d6b4-4335-a3af-ab49c8ed2fd8",
            "group": null,
            "uuid": "93d36b15-c116-4f08-a5de-8a4fb7558c9b"
        },
        {
            "@type": "WorkflowStep",
            "name": "regex2json_required",
            "description": null,
            "arguments": {
                "config": "c9ed51c2-098a-4673-965c-18ba75e72773",
                "params": {
                    "python_function": "import re\r\nimport json\r\nfrom typing import List, Dict, Union\r\n\r\n\r\ndef find_patterns_in_text(raw_text: str, template_text: str) -> Dict[str, List[Dict[str, Union[str, int, bool]]]]:\r\n    \"\"\"\r\n    Find regex patterns from a template in the raw text.\r\n    Returns a JSON structure with details of whether each pattern was found.\r\n\r\n    Args:\r\n        raw_text (str): The text to search in\r\n        template_text (str): The template containing regex patterns\r\n\r\n    Returns:\r\n        Dict: JSON structure containing pattern details and exceptions\r\n    \"\"\"\r\n    # Split the template into lines\r\n    template_lines = template_text.splitlines()\r\n\r\n\r\n    results = {\r\n        \"lines\": [],\r\n        \"summary\": {\r\n            \"total_lines\": 0,\r\n            \"exceptions_found\": 0\r\n        }\r\n    }\r\n\r\n    # Filter out empty lines from template\r\n    template_lines = [line.strip() for line in template_lines if line.strip()]\r\n    results[\"summary\"][\"total_lines\"] = len(template_lines)\r\n\r\n    # Check each template pattern\r\n    for idx, template_line in enumerate(template_lines):\r\n        pattern_info = {\r\n            \"line_number\": idx + 1,\r\n            \"content\": template_line,\r\n            \"has_exception\": False,\r\n            \"details\": \"\"\r\n        }\r\n\r\n        try:\r\n            # Search for the pattern anywhere in the text\r\n            matches = re.search(template_line, raw_text)\r\n\r\n            if not matches:\r\n                pattern_info[\"has_exception\"] = True\r\n                pattern_info[\"details\"] = \"pattern not found in text\"\r\n                results[\"summary\"][\"exceptions_found\"] += 1\r\n            else:\r\n                pattern_info[\"details\"] = \"pattern found in text\"\r\n                pattern_info[\"match\"] = matches.group(0)\r\n\r\n        except re.error as e:\r\n            # Handle invalid regex\r\n            pattern_info[\"has_exception\"] = True\r\n            pattern_info[\"details\"] = f\"invalid regex pattern: {str(e)}\"\r\n            results[\"summary\"][\"exceptions_found\"] += 1\r\n\r\n        results[\"lines\"].append(pattern_info)\r\n\r\n    return results\r\n\r\n\r\n# template and raw text\r\ntemplate = \"\"\"{{vars.template_data}}\"\"\"\r\nraw = \"\"\"{{vars.output_data}}\"\"\"\r\n\r\nresult = find_patterns_in_text(raw, template)\r\nprint(json.dumps(result, indent=2))"
                },
                "version": "2.1.3",
                "connector": "code-snippet",
                "operation": "python_inline_code_editor",
                "operationTitle": "Execute Python Code",
                "step_variables": {
                    "regex2json_data": "{{vars.steps.regex2json_required}}"
                }
            },
            "status": null,
            "top": "420",
            "left": "740",
            "stepType": "\/api\/3\/workflow_step_types\/1fdd14cc-d6b4-4335-a3af-ab49c8ed2fd8",
            "group": null,
            "uuid": "cf632db8-4fb8-46a1-aa3c-222c9611e446"
        },
        {
            "@type": "WorkflowStep",
            "name": "return",
            "description": null,
            "arguments": {
                "output": "{{vars.regex2json_data.data['code_output']}}"
            },
            "status": null,
            "top": "120",
            "left": "40",
            "stepType": "\/api\/3\/workflow_step_types\/04d0cf46-b6a8-42c4-8683-60a7eaa69e8f",
            "group": null,
            "uuid": "faa31e0e-a6d1-4979-89bd-d4b20b620842"
        },
        {
            "@type": "WorkflowStep",
            "name": "setup env",
            "description": null,
            "arguments": {
                "netshot_target_output_id": "{{vars.input.params['netshot_target_output_id']}}",
                "netshot_target_template_id": "{{vars.input.params['netshot_target_template_id']}}"
            },
            "status": null,
            "top": "40",
            "left": "380",
            "stepType": "\/api\/3\/workflow_step_types\/04d0cf46-b6a8-42c4-8683-60a7eaa69e8f",
            "group": null,
            "uuid": "84fa22c6-5c51-4f2a-97b2-5e8755937707"
        },
        {
            "@type": "WorkflowStep",
            "name": "Start",
            "description": null,
            "arguments": {
                "__triggerLimit": true,
                "step_variables": {
                    "input": {
                        "params": []
                    }
                },
                "triggerOnSource": true,
                "triggerOnReplicate": false
            },
            "status": null,
            "top": "40",
            "left": "40",
            "stepType": "\/api\/3\/workflow_step_types\/b348f017-9a94-471f-87f8-ce88b6a7ad62",
            "group": null,
            "uuid": "48ff3124-4417-4581-9983-f8496f0dea70"
        },
        {
            "@type": "WorkflowStep",
            "name": "unknown mode",
            "description": null,
            "arguments": [],
            "status": null,
            "top": "60",
            "left": "1380",
            "stepType": "\/api\/3\/workflow_step_types\/04d0cf46-b6a8-42c4-8683-60a7eaa69e8f",
            "group": null,
            "uuid": "b3895b7e-1026-48c6-953f-a9726b9f6c01"
        }
    ],
    "routes": [
        {
            "@type": "WorkflowRoute",
            "name": "diff2json -> return",
            "targetStep": "\/api\/3\/workflow_steps\/faa31e0e-a6d1-4979-89bd-d4b20b620842",
            "sourceStep": "\/api\/3\/workflow_steps\/93d36b15-c116-4f08-a5de-8a4fb7558c9b",
            "label": null,
            "isExecuted": false,
            "group": null,
            "uuid": "4d98a21f-dae1-4c82-b0be-e1a59ca86169"
        },
        {
            "@type": "WorkflowRoute",
            "name": "diff mode -> regex2json_exclude",
            "targetStep": "\/api\/3\/workflow_steps\/f3ccd20f-37f2-41d7-b37a-6de230a8fe2d",
            "sourceStep": "\/api\/3\/workflow_steps\/495fadfd-eb85-4953-8922-3d8bee83f02f",
            "label": null,
            "isExecuted": false,
            "group": null,
            "uuid": "e016470f-7e2b-41dc-9c80-8cddfe7738fe"
        },
        {
            "@type": "WorkflowRoute",
            "name": "diff mode -> regex2json_include",
            "targetStep": "\/api\/3\/workflow_steps\/cf632db8-4fb8-46a1-aa3c-222c9611e446",
            "sourceStep": "\/api\/3\/workflow_steps\/495fadfd-eb85-4953-8922-3d8bee83f02f",
            "label": null,
            "isExecuted": false,
            "group": null,
            "uuid": "9a23439d-5ac4-4bde-9873-0c8fcf2d67b9"
        },
        {
            "@type": "WorkflowRoute",
            "name": "diff mode -> regex2json_match",
            "targetStep": "\/api\/3\/workflow_steps\/93d36b15-c116-4f08-a5de-8a4fb7558c9b",
            "sourceStep": "\/api\/3\/workflow_steps\/495fadfd-eb85-4953-8922-3d8bee83f02f",
            "label": null,
            "isExecuted": false,
            "group": null,
            "uuid": "00f222c8-4a01-49cd-850f-d2e60f3ad92c"
        },
        {
            "@type": "WorkflowRoute",
            "name": "diff mode -> unknown mode",
            "targetStep": "\/api\/3\/workflow_steps\/b3895b7e-1026-48c6-953f-a9726b9f6c01",
            "sourceStep": "\/api\/3\/workflow_steps\/495fadfd-eb85-4953-8922-3d8bee83f02f",
            "label": null,
            "isExecuted": false,
            "group": null,
            "uuid": "a14836ab-6646-42ef-b246-4f3d32a72e4b"
        },
        {
            "@type": "WorkflowRoute",
            "name": "find output1 -> find output2",
            "targetStep": "\/api\/3\/workflow_steps\/4a39fade-333b-4625-8c2b-001dcd743b5e",
            "sourceStep": "\/api\/3\/workflow_steps\/d18e4fbd-14e1-4aac-9078-b619ae5ba162",
            "label": null,
            "isExecuted": false,
            "group": null,
            "uuid": "a545401e-1864-4f7b-8e69-23e22ddab98e"
        },
        {
            "@type": "WorkflowRoute",
            "name": "find record vars -> prep text",
            "targetStep": "\/api\/3\/workflow_steps\/8b5e9106-16b1-4ad3-8599-75573f787ca4",
            "sourceStep": "\/api\/3\/workflow_steps\/03cd3e82-f8af-4b32-9b98-cddefc335312",
            "label": null,
            "isExecuted": false,
            "group": null,
            "uuid": "0f5dbf5d-b95f-474c-bae2-1b6c33161139"
        },
        {
            "@type": "WorkflowRoute",
            "name": "find template -> find record vars",
            "targetStep": "\/api\/3\/workflow_steps\/03cd3e82-f8af-4b32-9b98-cddefc335312",
            "sourceStep": "\/api\/3\/workflow_steps\/4a39fade-333b-4625-8c2b-001dcd743b5e",
            "label": null,
            "isExecuted": false,
            "group": null,
            "uuid": "f5ad3f34-aa7b-4a69-8568-983ec80e0433"
        },
        {
            "@type": "WorkflowRoute",
            "name": "prep text -> diff mode",
            "targetStep": "\/api\/3\/workflow_steps\/495fadfd-eb85-4953-8922-3d8bee83f02f",
            "sourceStep": "\/api\/3\/workflow_steps\/8b5e9106-16b1-4ad3-8599-75573f787ca4",
            "label": null,
            "isExecuted": false,
            "group": null,
            "uuid": "c89352af-4d4c-409e-bd0a-872f83f6d8f3"
        },
        {
            "@type": "WorkflowRoute",
            "name": "regex2json_forbidden -> return",
            "targetStep": "\/api\/3\/workflow_steps\/faa31e0e-a6d1-4979-89bd-d4b20b620842",
            "sourceStep": "\/api\/3\/workflow_steps\/f3ccd20f-37f2-41d7-b37a-6de230a8fe2d",
            "label": null,
            "isExecuted": false,
            "group": null,
            "uuid": "4cd02fde-5722-46aa-9190-7e3dfa3f476a"
        },
        {
            "@type": "WorkflowRoute",
            "name": "regex2json_required -> return",
            "targetStep": "\/api\/3\/workflow_steps\/faa31e0e-a6d1-4979-89bd-d4b20b620842",
            "sourceStep": "\/api\/3\/workflow_steps\/cf632db8-4fb8-46a1-aa3c-222c9611e446",
            "label": null,
            "isExecuted": false,
            "group": null,
            "uuid": "935513d6-9e1e-45a7-8b20-a1347cd08aad"
        },
        {
            "@type": "WorkflowRoute",
            "name": "setup env -> find output1",
            "targetStep": "\/api\/3\/workflow_steps\/d18e4fbd-14e1-4aac-9078-b619ae5ba162",
            "sourceStep": "\/api\/3\/workflow_steps\/84fa22c6-5c51-4f2a-97b2-5e8755937707",
            "label": null,
            "isExecuted": false,
            "group": null,
            "uuid": "524566b7-7f23-4a3d-bf3e-12ea0d574b50"
        },
        {
            "@type": "WorkflowRoute",
            "name": "Start -> setup env",
            "targetStep": "\/api\/3\/workflow_steps\/84fa22c6-5c51-4f2a-97b2-5e8755937707",
            "sourceStep": "\/api\/3\/workflow_steps\/48ff3124-4417-4581-9983-f8496f0dea70",
            "label": null,
            "isExecuted": false,
            "group": null,
            "uuid": "71dfc902-c81f-46b6-a2b2-48c500b9e9f3"
        }
    ],
    "groups": [],
    "priority": "\/api\/3\/picklists\/2b563c61-ae2c-41c0-a85a-c9709585e3f2",
    "playbookOrigin": "\/api\/3\/picklists\/b6d710a9-a8ec-41ec-8817-fe9fa062fcdd",
    "isEditable": true,
    "uuid": "c5d76ff6-82d9-43a2-abcb-09a1fca4ee7d",
    "owners": [],
    "isPrivate": false,
    "deletedAt": null,
    "recordTags": []
}