{
    "@type": "Workflow",
    "triggerLimit": null,
    "name": "> output report - regex2json json",
    "aliasName": null,
    "tag": null,
    "description": null,
    "isActive": true,
    "debug": false,
    "singleRecordExecution": false,
    "remoteExecutableFlag": false,
    "parameters": [
        "netshot_target_output_id",
        "netshot_target_template_id"
    ],
    "synchronous": false,
    "collection": "\/api\/3\/workflow_collections\/47462724-61c5-401a-be3b-53b8154157f9",
    "versions": [],
    "triggerStep": "\/api\/3\/workflow_steps\/2fcd1969-034c-49e0-b665-345231b24eab",
    "steps": [
        {
            "@type": "WorkflowStep",
            "name": "find output",
            "description": null,
            "arguments": {
                "query": {
                    "sort": [],
                    "limit": 30,
                    "logic": "AND",
                    "filters": [
                        {
                            "type": "primitive",
                            "field": "id",
                            "value": "{{vars.netshot_target_output_id}}",
                            "operator": "eq",
                            "_operator": "eq"
                        }
                    ],
                    "__selectFields": [
                        "name",
                        "normalizedData"
                    ]
                },
                "module": "netshot_target_outputs?$limit=1",
                "checkboxFields": true,
                "step_variables": {
                    "find_output_data_test": "{{vars.steps.find_output}}"
                }
            },
            "status": null,
            "top": "40",
            "left": "720",
            "stepType": "\/api\/3\/workflow_step_types\/b593663d-7d13-40ce-a3a3-96dece928770",
            "group": null,
            "uuid": "4afb2333-2cb2-45ac-a930-b5ea8ee22901"
        },
        {
            "@type": "WorkflowStep",
            "name": "find record vars",
            "description": null,
            "arguments": {
                "data_key": "{{vars.steps.find_template[0].normalizedDataKey}}",
                "data_scope": "{{vars.steps.find_template[0].normalizedDataScope}}"
            },
            "status": null,
            "top": "180",
            "left": "1040",
            "stepType": "\/api\/3\/workflow_step_types\/04d0cf46-b6a8-42c4-8683-60a7eaa69e8f",
            "group": null,
            "uuid": "803b3fc6-e8fc-43b2-bee9-168bf36d5bc3"
        },
        {
            "@type": "WorkflowStep",
            "name": "find template",
            "description": null,
            "arguments": {
                "query": {
                    "sort": [],
                    "limit": 30,
                    "logic": "AND",
                    "filters": [
                        {
                            "type": "primitive",
                            "field": "id",
                            "value": "{{vars.netshot_target_template_id}}",
                            "operator": "eq",
                            "_operator": "eq"
                        }
                    ],
                    "__selectFields": [
                        "name",
                        "type",
                        "script",
                        "regexMode",
                        "normalizedDataKey",
                        "normalizedDataScope"
                    ]
                },
                "module": "netshot_output_report_profiles?$limit=1",
                "checkboxFields": true,
                "step_variables": {
                    "find_template_data_test": "{{vars.steps.find_template}}"
                }
            },
            "status": null,
            "top": "120",
            "left": "720",
            "stepType": "\/api\/3\/workflow_step_types\/b593663d-7d13-40ce-a3a3-96dece928770",
            "group": null,
            "uuid": "6544fbd8-f54f-4c23-9107-69332584ac02"
        },
        {
            "@type": "WorkflowStep",
            "name": "prep text",
            "description": null,
            "arguments": {
                "regex_mode": "{{vars.steps.find_template[0].regexMode.itemValue}}",
                "output_data": "{%- set scoped_data = vars.steps.find_output[0].normalizedData[vars.data_key] -%}\n{%- if vars.data_scope not in ['',None] -%}\n  {%- set scoped_data = scoped_data | json_query('{}'.format(vars.data_scope)) -%}\n{%- endif -%}\n{%- if scoped_data is sequence and scoped_data | length == 1 -%}\n{{scoped_data[0]}}\n{%- else -%}\n{{scoped_data}}\n{%- endif -%}",
                "template_data": "{{vars.steps.find_template[0].script}}"
            },
            "status": null,
            "top": "240",
            "left": "720",
            "stepType": "\/api\/3\/workflow_step_types\/04d0cf46-b6a8-42c4-8683-60a7eaa69e8f",
            "group": null,
            "uuid": "ed6bdbc6-0b24-4fc2-9050-352caa013b3b"
        },
        {
            "@type": "WorkflowStep",
            "name": "regex2json_match",
            "description": null,
            "arguments": {
                "when": "{{vars.output_data not in ['',None,Null] and vars.template_data not in ['',None,Null]}}",
                "config": "c9ed51c2-098a-4673-965c-18ba75e72773",
                "params": {
                    "python_function": "import json\r\nimport re\r\nfrom typing import Dict, Any, List, Tuple\r\n\r\ndef match_json_with_regex_template(json_source: Dict, json_template: Dict) -> Dict:\r\n    \"\"\"\r\n    Check if a JSON source matches a template that contains regex patterns in values.\r\n    Keys must match exactly, but values can be matched with regex patterns.\r\n\r\n    Args:\r\n        json_source: The source JSON data to check against\r\n        json_template: The template containing regex patterns for values\r\n\r\n    Returns:\r\n        A JSON report containing details of the comparison\r\n    \"\"\"\r\n    report = {\r\n        \"lines\": [],\r\n        \"summary\": {\r\n            \"total_lines\": 0,\r\n            \"exceptions_found\": 0\r\n        }\r\n    }\r\n\r\n    def _match_object(source: Dict, template: Dict, path: str = \"\"):\r\n        \"\"\"Recursively match nested objects and add results to the report.\"\"\"\r\n        for key, expected_value in template.items():\r\n            # Key must exist exactly in the source\r\n            if key not in source:\r\n                line_report = {\r\n                    \"path\": f\"{path}.{key}\" if path else key,\r\n                    \"content\": None,\r\n                    \"match\": str(expected_value),\r\n                    \"details\": f\"Key '{key}' not found at path '{path}'\",\r\n                    \"line_number\": report[\"summary\"][\"total_lines\"] + 1,\r\n                    \"has_exception\": True\r\n                }\r\n                report[\"lines\"].append(line_report)\r\n                report[\"summary\"][\"total_lines\"] += 1\r\n                report[\"summary\"][\"exceptions_found\"] += 1\r\n                continue\r\n\r\n            actual_value = source[key]\r\n            current_path = f\"{path}.{key}\" if path else key\r\n\r\n            # Match the value based on its type\r\n            _match_value(actual_value, expected_value, current_path)\r\n\r\n    def _match_value(source_value: Any, template_value: Any, path: str):\r\n        \"\"\"Match a single value against a template value which may be a regex.\"\"\"\r\n        report[\"summary\"][\"total_lines\"] += 1\r\n        line_number = report[\"summary\"][\"total_lines\"]\r\n\r\n        # Handle dictionaries recursively\r\n        if isinstance(template_value, dict):\r\n            if isinstance(source_value, dict):\r\n                _match_object(source_value, template_value, path)\r\n                return\r\n            else:\r\n                details = f\"Expected dictionary at path '{path}' but found {type(source_value).__name__}\"\r\n                has_exception = True\r\n\r\n        # Handle lists\r\n        elif isinstance(template_value, list):\r\n            if isinstance(source_value, list):\r\n                # Check if lists have same length\r\n                if len(template_value) != len(source_value):\r\n                    details = f\"List length mismatch at path '{path}'\"\r\n                    has_exception = True\r\n                else:\r\n                    # Process each item in the list\r\n                    for i, (s_item, t_item) in enumerate(zip(source_value, template_value)):\r\n                        _match_value(s_item, t_item, f\"{path}[{i}]\")\r\n                    return\r\n            else:\r\n                details = f\"Expected list at path '{path}' but found {type(source_value).__name__}\"\r\n                has_exception = True\r\n\r\n        # Handle string values with regex\r\n        elif isinstance(template_value, str) and isinstance(source_value, str):\r\n            try:\r\n                if re.fullmatch(template_value, source_value):\r\n                    details = \"Pattern matched successfully\"\r\n                    has_exception = False\r\n                else:\r\n                    details = f\"Value '{source_value}' doesn't match pattern '{template_value}'\"\r\n                    has_exception = True\r\n            except re.error as e:\r\n                # If the pattern is not a valid regex, do exact string comparison\r\n                if template_value == source_value:\r\n                    details = \"Exact match (invalid regex treated as literal)\"\r\n                    has_exception = False\r\n                else:\r\n                    details = f\"Invalid regex pattern '{template_value}': {str(e)}, and values don't match exactly\"\r\n                    has_exception = True\r\n\r\n        # Simple equality check for other types\r\n        elif template_value == source_value:\r\n            details = \"Values match exactly\"\r\n            has_exception = False\r\n        else:\r\n            details = f\"Value '{source_value}' doesn't match '{template_value}'\"\r\n            has_exception = True\r\n\r\n        # Add the result to the report\r\n        line_report = {\r\n            \"path\": path,\r\n            \"content\": path + \" : \" + str(source_value) if source_value is not None else None,\r\n            \"match\": str(template_value),\r\n            \"details\": details,\r\n            \"line_number\": line_number,\r\n            \"has_exception\": has_exception\r\n        }\r\n        report[\"lines\"].append(line_report)\r\n\r\n        if has_exception:\r\n            report[\"summary\"][\"exceptions_found\"] += 1\r\n\r\n    # Start the matching process\r\n    _match_object(json_source, json_template)\r\n\r\n    return report\r\n\r\n\r\n# Example template with regex in values\r\njson_template_str = \"\"\"{{vars.template_data|tojson|safe}}\"\"\"\r\njson_source_str = \"\"\"{{vars.output_data|tojson|safe}}\"\"\"\r\n\r\njson_source = json.loads(json_source_str)\r\njson_template = json.loads(json_template_str)\r\n\r\nreport = match_json_with_regex_template(json_source, json_template)\r\n\r\n# Print the JSON report\r\nprint(json.dumps(report, indent=2))"
                },
                "version": "2.1.3",
                "connector": "code-snippet",
                "operation": "python_inline_code_editor",
                "operationTitle": "Execute Python Code",
                "step_variables": {
                    "regex2json_data": "{{vars.steps.regex2json_match.data}}"
                }
            },
            "status": null,
            "top": "340",
            "left": "720",
            "stepType": "\/api\/3\/workflow_step_types\/1fdd14cc-d6b4-4335-a3af-ab49c8ed2fd8",
            "group": null,
            "uuid": "957160d2-f0b8-4368-a796-2eeed80f356a"
        },
        {
            "@type": "WorkflowStep",
            "name": "return",
            "description": null,
            "arguments": {
                "output": "{%- if vars.steps.regex2json_match.data is defined -%}\n{{vars.steps.regex2json_match.data['code_output']}}\n{%- else -%}\n{\"error\":true}\n{%- endif -%}"
            },
            "status": null,
            "top": "120",
            "left": "40",
            "stepType": "\/api\/3\/workflow_step_types\/04d0cf46-b6a8-42c4-8683-60a7eaa69e8f",
            "group": null,
            "uuid": "f0a42af9-7c4a-477a-8a3e-4ba68550bcf2"
        },
        {
            "@type": "WorkflowStep",
            "name": "setup env",
            "description": null,
            "arguments": {
                "netshot_target_output_id": "{{vars.input.params['netshot_target_output_id']}}",
                "netshot_target_template_id": "{{vars.input.params['netshot_target_template_id']}}"
            },
            "status": null,
            "top": "40",
            "left": "380",
            "stepType": "\/api\/3\/workflow_step_types\/04d0cf46-b6a8-42c4-8683-60a7eaa69e8f",
            "group": null,
            "uuid": "34ef6215-0dbc-4ee0-8761-60763cbc8088"
        },
        {
            "@type": "WorkflowStep",
            "name": "Start",
            "description": null,
            "arguments": {
                "__triggerLimit": true,
                "step_variables": {
                    "input": {
                        "params": []
                    }
                },
                "triggerOnSource": true,
                "triggerOnReplicate": false
            },
            "status": null,
            "top": "40",
            "left": "40",
            "stepType": "\/api\/3\/workflow_step_types\/b348f017-9a94-471f-87f8-ce88b6a7ad62",
            "group": null,
            "uuid": "2fcd1969-034c-49e0-b665-345231b24eab"
        }
    ],
    "routes": [
        {
            "@type": "WorkflowRoute",
            "name": "diff2json -> return",
            "targetStep": "\/api\/3\/workflow_steps\/f0a42af9-7c4a-477a-8a3e-4ba68550bcf2",
            "sourceStep": "\/api\/3\/workflow_steps\/957160d2-f0b8-4368-a796-2eeed80f356a",
            "label": null,
            "isExecuted": false,
            "group": null,
            "uuid": "a67e474a-08bd-4ee1-91f8-62837d2bd0dd"
        },
        {
            "@type": "WorkflowRoute",
            "name": "find output1 -> find output2",
            "targetStep": "\/api\/3\/workflow_steps\/6544fbd8-f54f-4c23-9107-69332584ac02",
            "sourceStep": "\/api\/3\/workflow_steps\/4afb2333-2cb2-45ac-a930-b5ea8ee22901",
            "label": null,
            "isExecuted": false,
            "group": null,
            "uuid": "5ee67f8a-6582-4e16-abf4-e489d390b8f5"
        },
        {
            "@type": "WorkflowRoute",
            "name": "find record vars -> prep text",
            "targetStep": "\/api\/3\/workflow_steps\/ed6bdbc6-0b24-4fc2-9050-352caa013b3b",
            "sourceStep": "\/api\/3\/workflow_steps\/803b3fc6-e8fc-43b2-bee9-168bf36d5bc3",
            "label": null,
            "isExecuted": false,
            "group": null,
            "uuid": "992f3a3e-4cec-48e8-bbec-b688e8b05a14"
        },
        {
            "@type": "WorkflowRoute",
            "name": "find template -> find record vars",
            "targetStep": "\/api\/3\/workflow_steps\/803b3fc6-e8fc-43b2-bee9-168bf36d5bc3",
            "sourceStep": "\/api\/3\/workflow_steps\/6544fbd8-f54f-4c23-9107-69332584ac02",
            "label": null,
            "isExecuted": false,
            "group": null,
            "uuid": "46ce36ea-db78-41b5-846c-b01d11271721"
        },
        {
            "@type": "WorkflowRoute",
            "name": "prep text -> regex2json_match",
            "targetStep": "\/api\/3\/workflow_steps\/957160d2-f0b8-4368-a796-2eeed80f356a",
            "sourceStep": "\/api\/3\/workflow_steps\/ed6bdbc6-0b24-4fc2-9050-352caa013b3b",
            "label": null,
            "isExecuted": false,
            "group": null,
            "uuid": "7a3e0df4-89da-4499-ab6e-055b7f81e77d"
        },
        {
            "@type": "WorkflowRoute",
            "name": "setup env -> find output1",
            "targetStep": "\/api\/3\/workflow_steps\/4afb2333-2cb2-45ac-a930-b5ea8ee22901",
            "sourceStep": "\/api\/3\/workflow_steps\/34ef6215-0dbc-4ee0-8761-60763cbc8088",
            "label": null,
            "isExecuted": false,
            "group": null,
            "uuid": "8823eabe-341e-4d49-a1a0-95863efa89d0"
        },
        {
            "@type": "WorkflowRoute",
            "name": "Start -> setup env",
            "targetStep": "\/api\/3\/workflow_steps\/34ef6215-0dbc-4ee0-8761-60763cbc8088",
            "sourceStep": "\/api\/3\/workflow_steps\/2fcd1969-034c-49e0-b665-345231b24eab",
            "label": null,
            "isExecuted": false,
            "group": null,
            "uuid": "adf2f600-a975-4604-9612-e84fe124863b"
        }
    ],
    "groups": [],
    "priority": "\/api\/3\/picklists\/2b563c61-ae2c-41c0-a85a-c9709585e3f2",
    "playbookOrigin": "\/api\/3\/picklists\/b6d710a9-a8ec-41ec-8817-fe9fa062fcdd",
    "isEditable": true,
    "uuid": "5b1998e3-0bd4-47a5-b7ee-023da26cffc9",
    "owners": [],
    "isPrivate": false,
    "deletedAt": null,
    "recordTags": []
}