{
    "@type": "Workflow",
    "triggerLimit": null,
    "name": "netshot target - return jinja vars",
    "aliasName": null,
    "tag": null,
    "description": "Using a target record ID return variables to be used in jinja templates",
    "isActive": true,
    "debug": false,
    "singleRecordExecution": false,
    "remoteExecutableFlag": false,
    "parameters": [
        "target_id"
    ],
    "synchronous": false,
    "collection": "\/api\/3\/workflow_collections\/47462724-61c5-401a-be3b-53b8154157f9",
    "versions": [],
    "triggerStep": "\/api\/3\/workflow_steps\/289a8d12-31a8-43ed-9467-6d75fc1c2be6",
    "steps": [
        {
            "@type": "WorkflowStep",
            "name": "create record vars",
            "description": null,
            "arguments": {
                "name": "{{vars.steps.find_record[0].name}}",
                "type": "{{vars.steps.find_record[0].type.itemValue}}",
                "domain": "{{vars.steps.find_record[0].netshotDomains.name}}",
                "device_ip": "{{vars.steps.find_record[0].deviceIP}}",
                "device_apikey": "{{vars.steps.find_record[0].deviceAPIKey}}",
                "device_password": "{{vars.steps.find_record[0].devicePassword}}",
                "device_username": "{{vars.steps.find_record[0].deviceUsername}}"
            },
            "status": null,
            "top": "320",
            "left": "700",
            "stepType": "\/api\/3\/workflow_step_types\/04d0cf46-b6a8-42c4-8683-60a7eaa69e8f",
            "group": null,
            "uuid": "6fdd26de-c2ba-4013-a315-e31c6e9577b8"
        },
        {
            "@type": "WorkflowStep",
            "name": "create vars",
            "description": null,
            "arguments": {
                "record_vars": "{%- set vmap = {} -%}\n{%- for v in vars.var_list -%}\n{%- do vmap.update ({v:vars[v]}) -%}\n{%- endfor -%}\n{{vmap}}\n"
            },
            "status": null,
            "top": "320",
            "left": "360",
            "stepType": "\/api\/3\/workflow_step_types\/04d0cf46-b6a8-42c4-8683-60a7eaa69e8f",
            "group": null,
            "uuid": "4a8d9551-f5be-4457-a2de-fb179b3c6e0d"
        },
        {
            "@type": "WorkflowStep",
            "name": "find record",
            "description": null,
            "arguments": {
                "query": {
                    "sort": [],
                    "limit": 30,
                    "logic": "AND",
                    "filters": [
                        {
                            "type": "primitive",
                            "field": "id",
                            "value": "{{vars.record_id}}",
                            "operator": "eq",
                            "_operator": "eq"
                        }
                    ],
                    "__selectFields": [
                        "name",
                        "netshotDomains",
                        "type",
                        "deviceIP",
                        "deviceUsername",
                        "devicePassword",
                        "deviceAPIKey"
                    ]
                },
                "module": "netshot_targets?$limit=1",
                "checkboxFields": true,
                "step_variables": []
            },
            "status": null,
            "top": "40",
            "left": "700",
            "stepType": "\/api\/3\/workflow_step_types\/b593663d-7d13-40ce-a3a3-96dece928770",
            "group": null,
            "uuid": "60ed937c-4abb-46f1-a70c-ed99667cde5b"
        },
        {
            "@type": "WorkflowStep",
            "name": "return",
            "description": null,
            "arguments": {
                "output": "{{vars.record_vars}}"
            },
            "status": null,
            "top": "120",
            "left": "40",
            "stepType": "\/api\/3\/workflow_step_types\/04d0cf46-b6a8-42c4-8683-60a7eaa69e8f",
            "group": null,
            "uuid": "4467bf06-c23d-4972-9da0-2c5a4f8a900f"
        },
        {
            "@type": "WorkflowStep",
            "name": "setup env",
            "description": null,
            "arguments": {
                "var_list": "[\n  \"domain\",\n  \"name\",\n  \"type\",\n  \"device_ip\",\n  \"device_username\",\n  \"device_password\",\n  \"device_apikey\"\n]",
                "record_id": "{{vars.input.params['target_id']}}"
            },
            "status": null,
            "top": "40",
            "left": "380",
            "stepType": "\/api\/3\/workflow_step_types\/04d0cf46-b6a8-42c4-8683-60a7eaa69e8f",
            "group": null,
            "uuid": "007e2d1d-4b11-47d6-b7f4-aef73c685a3f"
        },
        {
            "@type": "WorkflowStep",
            "name": "Start",
            "description": null,
            "arguments": {
                "__triggerLimit": true,
                "step_variables": {
                    "input": {
                        "params": []
                    }
                },
                "triggerOnSource": true,
                "triggerOnReplicate": false
            },
            "status": null,
            "top": "40",
            "left": "40",
            "stepType": "\/api\/3\/workflow_step_types\/b348f017-9a94-471f-87f8-ce88b6a7ad62",
            "group": null,
            "uuid": "289a8d12-31a8-43ed-9467-6d75fc1c2be6"
        }
    ],
    "routes": [
        {
            "@type": "WorkflowRoute",
            "name": "create record vars -> create vars",
            "targetStep": "\/api\/3\/workflow_steps\/4a8d9551-f5be-4457-a2de-fb179b3c6e0d",
            "sourceStep": "\/api\/3\/workflow_steps\/6fdd26de-c2ba-4013-a315-e31c6e9577b8",
            "label": null,
            "isExecuted": false,
            "group": null,
            "uuid": "9c2aa5af-8f46-42cd-924a-574bbc935458"
        },
        {
            "@type": "WorkflowRoute",
            "name": "create vars -> return",
            "targetStep": "\/api\/3\/workflow_steps\/4467bf06-c23d-4972-9da0-2c5a4f8a900f",
            "sourceStep": "\/api\/3\/workflow_steps\/4a8d9551-f5be-4457-a2de-fb179b3c6e0d",
            "label": null,
            "isExecuted": false,
            "group": null,
            "uuid": "6125e2af-9903-45c5-b9e0-aa165f73bb7c"
        },
        {
            "@type": "WorkflowRoute",
            "name": "find record -> create record vars",
            "targetStep": "\/api\/3\/workflow_steps\/6fdd26de-c2ba-4013-a315-e31c6e9577b8",
            "sourceStep": "\/api\/3\/workflow_steps\/60ed937c-4abb-46f1-a70c-ed99667cde5b",
            "label": null,
            "isExecuted": false,
            "group": null,
            "uuid": "8d7c368e-a4fe-4c5a-9085-a25c25cc1c14"
        },
        {
            "@type": "WorkflowRoute",
            "name": "setup env -> find record",
            "targetStep": "\/api\/3\/workflow_steps\/60ed937c-4abb-46f1-a70c-ed99667cde5b",
            "sourceStep": "\/api\/3\/workflow_steps\/007e2d1d-4b11-47d6-b7f4-aef73c685a3f",
            "label": null,
            "isExecuted": false,
            "group": null,
            "uuid": "50d77633-7d2c-4e79-b7dc-3116a48a313d"
        },
        {
            "@type": "WorkflowRoute",
            "name": "Start -> setup env",
            "targetStep": "\/api\/3\/workflow_steps\/007e2d1d-4b11-47d6-b7f4-aef73c685a3f",
            "sourceStep": "\/api\/3\/workflow_steps\/289a8d12-31a8-43ed-9467-6d75fc1c2be6",
            "label": null,
            "isExecuted": false,
            "group": null,
            "uuid": "5b1f90df-b864-4d84-97c1-46d7e73d7aa0"
        }
    ],
    "groups": [
        {
            "@type": "WorkflowGroup",
            "name": "Modify Variables",
            "description": "- Update the var_list with the keys you want in setup env.\n- Update each variable from var_list inside create record vars.\n- The return is automatically updated in created vars.",
            "type": "note",
            "isCollapsed": false,
            "hasTriggerStep": false,
            "hideInLogs": false,
            "metadata": [],
            "reusable": false,
            "top": "140",
            "left": "360",
            "height": "116",
            "width": "448",
            "uuid": "9ef87d4e-bdf7-4f39-a0eb-fbc72fed3869",
            "recordTags": []
        }
    ],
    "priority": "\/api\/3\/picklists\/2b563c61-ae2c-41c0-a85a-c9709585e3f2",
    "playbookOrigin": "\/api\/3\/picklists\/b6d710a9-a8ec-41ec-8817-fe9fa062fcdd",
    "isEditable": true,
    "uuid": "d8a5ef7f-2342-466b-b230-00c8ef0f3bb6",
    "owners": [],
    "isPrivate": false,
    "deletedAt": null,
    "recordTags": []
}