{
    "@type": "Workflow",
    "triggerLimit": null,
    "name": "normalize data - textlist",
    "aliasName": null,
    "tag": null,
    "description": "Normalize data into a simply list per newline.",
    "isActive": true,
    "debug": false,
    "singleRecordExecution": false,
    "remoteExecutableFlag": false,
    "parameters": [
        "netshot_target_output_id"
    ],
    "synchronous": false,
    "collection": "\/api\/3\/workflow_collections\/47462724-61c5-401a-be3b-53b8154157f9",
    "versions": [],
    "triggerStep": "\/api\/3\/workflow_steps\/c22f8e5e-3318-46ef-854b-7a131103e174",
    "steps": [
        {
            "@type": "WorkflowStep",
            "name": "find_output_record",
            "description": null,
            "arguments": {
                "query": {
                    "sort": [],
                    "limit": 30,
                    "logic": "AND",
                    "filters": [
                        {
                            "type": "primitive",
                            "field": "id",
                            "value": "{{vars.netshot_target_output_id}}",
                            "operator": "eq",
                            "_operator": "eq"
                        }
                    ],
                    "__selectFields": [
                        "name",
                        "id",
                        "sourceData"
                    ]
                },
                "module": "netshot_target_outputs?$limit=1",
                "checkboxFields": true,
                "step_variables": {
                    "record_data": "{{vars.steps.find_output_record[0]}}"
                }
            },
            "status": null,
            "top": "140",
            "left": "340",
            "stepType": "\/api\/3\/workflow_step_types\/b593663d-7d13-40ce-a3a3-96dece928770",
            "group": null,
            "uuid": "89362189-1171-4da3-abbc-193c6bd59c2a"
        },
        {
            "@type": "WorkflowStep",
            "name": "return",
            "description": null,
            "arguments": {
                "output": "{%- set data = [] -%}\n{%- for d in vars.record_data.sourceData.split(\"\\n\") -%}\n{%- do data.append(d) -%}\n{%- endfor -%}\n{{data}}"
            },
            "status": null,
            "top": "140",
            "left": "40",
            "stepType": "\/api\/3\/workflow_step_types\/04d0cf46-b6a8-42c4-8683-60a7eaa69e8f",
            "group": null,
            "uuid": "23c26807-cf82-4f4a-8162-af4d210fb996"
        },
        {
            "@type": "WorkflowStep",
            "name": "setup env",
            "description": null,
            "arguments": {
                "netshot_target_output_id": "{{vars.input.params['netshot_target_output_id']}}"
            },
            "status": null,
            "top": "40",
            "left": "340",
            "stepType": "\/api\/3\/workflow_step_types\/04d0cf46-b6a8-42c4-8683-60a7eaa69e8f",
            "group": null,
            "uuid": "486ac8ff-7aa1-43d4-bfd0-cd14d7d4e3ab"
        },
        {
            "@type": "WorkflowStep",
            "name": "Start",
            "description": null,
            "arguments": {
                "__triggerLimit": true,
                "step_variables": {
                    "input": {
                        "params": []
                    }
                },
                "triggerOnSource": true,
                "triggerOnReplicate": false
            },
            "status": null,
            "top": "40",
            "left": "40",
            "stepType": "\/api\/3\/workflow_step_types\/b348f017-9a94-471f-87f8-ce88b6a7ad62",
            "group": null,
            "uuid": "c22f8e5e-3318-46ef-854b-7a131103e174"
        }
    ],
    "routes": [
        {
            "@type": "WorkflowRoute",
            "name": "find_output_record -> return",
            "targetStep": "\/api\/3\/workflow_steps\/23c26807-cf82-4f4a-8162-af4d210fb996",
            "sourceStep": "\/api\/3\/workflow_steps\/89362189-1171-4da3-abbc-193c6bd59c2a",
            "label": null,
            "isExecuted": false,
            "group": null,
            "uuid": "e7b03514-f636-4a1b-a90d-5e9b5d210f2e"
        },
        {
            "@type": "WorkflowRoute",
            "name": "setup env -> find_output_record",
            "targetStep": "\/api\/3\/workflow_steps\/89362189-1171-4da3-abbc-193c6bd59c2a",
            "sourceStep": "\/api\/3\/workflow_steps\/486ac8ff-7aa1-43d4-bfd0-cd14d7d4e3ab",
            "label": null,
            "isExecuted": false,
            "group": null,
            "uuid": "00f12c35-82ee-4e5a-8d42-e469573e5e18"
        },
        {
            "@type": "WorkflowRoute",
            "name": "Start -> setup env",
            "targetStep": "\/api\/3\/workflow_steps\/486ac8ff-7aa1-43d4-bfd0-cd14d7d4e3ab",
            "sourceStep": "\/api\/3\/workflow_steps\/c22f8e5e-3318-46ef-854b-7a131103e174",
            "label": null,
            "isExecuted": false,
            "group": null,
            "uuid": "ff41a671-86a0-452a-9998-ec3788e9bbd9"
        }
    ],
    "groups": [],
    "priority": "\/api\/3\/picklists\/2b563c61-ae2c-41c0-a85a-c9709585e3f2",
    "playbookOrigin": "\/api\/3\/picklists\/b6d710a9-a8ec-41ec-8817-fe9fa062fcdd",
    "isEditable": true,
    "uuid": "d8363c78-2969-4a98-9eaf-3a6fa83627a3",
    "owners": [],
    "isPrivate": false,
    "deletedAt": null,
    "recordTags": [
        "Normalize Data"
    ]
}