{
    "@type": "Workflow",
    "triggerLimit": null,
    "name": "normalize data - configblocks",
    "aliasName": null,
    "tag": null,
    "description": "Normalize Data into configuration blocks of text.",
    "isActive": true,
    "debug": false,
    "singleRecordExecution": false,
    "remoteExecutableFlag": false,
    "parameters": [
        "netshot_target_output_id"
    ],
    "synchronous": false,
    "collection": "\/api\/3\/workflow_collections\/47462724-61c5-401a-be3b-53b8154157f9",
    "versions": [],
    "triggerStep": "\/api\/3\/workflow_steps\/e0ee21ed-7d63-4dd8-9973-6ed830c7be98",
    "steps": [
        {
            "@type": "WorkflowStep",
            "name": "configblocks",
            "description": null,
            "arguments": {
                "config": "c9ed51c2-098a-4673-965c-18ba75e72773",
                "params": {
                    "python_function": "import json\r\nimport re\r\n\r\n\r\ndef parse_config(config_text):\r\n    \"\"\"\r\n    Parse device configuration text and convert it to JSON structure.\r\n\r\n    Args:\r\n        config_text (str): The device configuration text\r\n\r\n    Returns:\r\n        dict: JSON structure with base and config_block sections\r\n    \"\"\"\r\n    lines = config_text.strip().split('\\n')\r\n    result = {\r\n        \"base\": [],\r\n        \"config_block\": {}\r\n    }\r\n\r\n    current_block = None\r\n    block_content = []\r\n\r\n    for line in lines:\r\n        # Check if the line has leading spaces\r\n        stripped_line = line.lstrip()\r\n        indentation = len(line) - len(stripped_line)\r\n\r\n        # Base level line (no indentation)\r\n        if indentation == 0:\r\n            # If we were in a block, finalize it\r\n            if current_block is not None:\r\n                # Include the end line in the block content if it exists\r\n                if line.strip() == \"end\":\r\n                    block_content.append(\"end\")\r\n\r\n                # Join block content into a single string\r\n                result[\"config_block\"][current_block] = \"\\n\".join(block_content)\r\n                current_block = None\r\n                block_content = []\r\n\r\n                # Skip adding \"end\" to the base section\r\n                if line.strip() == \"end\":\r\n                    continue\r\n\r\n            # If line starts with \"config\", it's a new block\r\n            if line.startswith(\"config\"):\r\n                current_block = line.replace(\" \", \"_\")\r\n                block_content = [line]\r\n                result[\"base\"].append({\"line\": line, \"type\": \"config_block\", \"config_block_key\": current_block})\r\n            else:\r\n                # Other base level lines (excluding \"end\")\r\n                result[\"base\"].append({\"line\": line, \"type\": \"string\"})\r\n\r\n        # Indented line (part of a block)\r\n        else:\r\n            if current_block is not None:\r\n                # Preserve the original line with leading spaces\r\n                block_content.append(line)\r\n\r\n    # Handle the last block if exists\r\n    if current_block is not None:\r\n        result[\"config_block\"][current_block] = \"\\n\".join(block_content)\r\n\r\n    return result\r\n\r\n\r\nconfig = \"\"\"{{vars.steps.find_output_record[0].sourceData}}\"\"\"\r\n\r\n# Parse the configuration\r\njson_data = parse_config(config)\r\n\r\n# Print the resulting JSON in a formatted way\r\nprint(json.dumps(json_data, indent=4))"
                },
                "version": "2.1.3",
                "connector": "code-snippet",
                "operation": "python_inline_code_editor",
                "operationTitle": "Execute Python Code",
                "step_variables": []
            },
            "status": null,
            "top": "260",
            "left": "360",
            "stepType": "\/api\/3\/workflow_step_types\/1fdd14cc-d6b4-4335-a3af-ab49c8ed2fd8",
            "group": null,
            "uuid": "efce0aca-65b7-4c1e-a8e7-8d403e0a4041"
        },
        {
            "@type": "WorkflowStep",
            "name": "find_output_record",
            "description": null,
            "arguments": {
                "query": {
                    "sort": [],
                    "limit": 30,
                    "logic": "AND",
                    "filters": [
                        {
                            "type": "primitive",
                            "field": "id",
                            "value": "{{vars.netshot_target_output_id}}",
                            "operator": "eq",
                            "_operator": "eq"
                        }
                    ],
                    "__selectFields": [
                        "name",
                        "id",
                        "sourceData"
                    ]
                },
                "module": "netshot_target_outputs?$limit=1",
                "checkboxFields": true,
                "step_variables": {
                    "record_data": "{{vars.steps.find_output_record[0]}}"
                }
            },
            "status": null,
            "top": "140",
            "left": "360",
            "stepType": "\/api\/3\/workflow_step_types\/b593663d-7d13-40ce-a3a3-96dece928770",
            "group": null,
            "uuid": "05fe7835-249d-4b9f-a701-f37e56cf154a"
        },
        {
            "@type": "WorkflowStep",
            "name": "return",
            "description": null,
            "arguments": {
                "output": "{{vars.steps.configblocks.data['code_output']}}"
            },
            "status": null,
            "top": "140",
            "left": "40",
            "stepType": "\/api\/3\/workflow_step_types\/04d0cf46-b6a8-42c4-8683-60a7eaa69e8f",
            "group": null,
            "uuid": "151efb3f-918f-44bd-935a-fba8f2de716c"
        },
        {
            "@type": "WorkflowStep",
            "name": "setup env",
            "description": null,
            "arguments": {
                "netshot_target_output_id": "{{vars.input.params['netshot_target_output_id']}}"
            },
            "status": null,
            "top": "40",
            "left": "360",
            "stepType": "\/api\/3\/workflow_step_types\/04d0cf46-b6a8-42c4-8683-60a7eaa69e8f",
            "group": null,
            "uuid": "18686ac8-9813-4568-afd5-fe17ea27018a"
        },
        {
            "@type": "WorkflowStep",
            "name": "Start",
            "description": null,
            "arguments": {
                "__triggerLimit": true,
                "step_variables": {
                    "input": {
                        "params": []
                    }
                },
                "triggerOnSource": true,
                "triggerOnReplicate": false
            },
            "status": null,
            "top": "40",
            "left": "40",
            "stepType": "\/api\/3\/workflow_step_types\/b348f017-9a94-471f-87f8-ce88b6a7ad62",
            "group": null,
            "uuid": "e0ee21ed-7d63-4dd8-9973-6ed830c7be98"
        }
    ],
    "routes": [
        {
            "@type": "WorkflowRoute",
            "name": "configblocks -> return",
            "targetStep": "\/api\/3\/workflow_steps\/151efb3f-918f-44bd-935a-fba8f2de716c",
            "sourceStep": "\/api\/3\/workflow_steps\/efce0aca-65b7-4c1e-a8e7-8d403e0a4041",
            "label": null,
            "isExecuted": false,
            "group": null,
            "uuid": "2f5701fd-b762-4346-90b8-e3d3fe27706a"
        },
        {
            "@type": "WorkflowRoute",
            "name": "find_output_record -> configblocks",
            "targetStep": "\/api\/3\/workflow_steps\/efce0aca-65b7-4c1e-a8e7-8d403e0a4041",
            "sourceStep": "\/api\/3\/workflow_steps\/05fe7835-249d-4b9f-a701-f37e56cf154a",
            "label": null,
            "isExecuted": false,
            "group": null,
            "uuid": "2408a812-9001-4e07-b7a6-864eba75c894"
        },
        {
            "@type": "WorkflowRoute",
            "name": "setup env -> find_output_record",
            "targetStep": "\/api\/3\/workflow_steps\/05fe7835-249d-4b9f-a701-f37e56cf154a",
            "sourceStep": "\/api\/3\/workflow_steps\/18686ac8-9813-4568-afd5-fe17ea27018a",
            "label": null,
            "isExecuted": false,
            "group": null,
            "uuid": "9980ab84-32cf-42d3-aeaf-214cd4ba1ff5"
        },
        {
            "@type": "WorkflowRoute",
            "name": "Start -> setup env",
            "targetStep": "\/api\/3\/workflow_steps\/18686ac8-9813-4568-afd5-fe17ea27018a",
            "sourceStep": "\/api\/3\/workflow_steps\/e0ee21ed-7d63-4dd8-9973-6ed830c7be98",
            "label": null,
            "isExecuted": false,
            "group": null,
            "uuid": "9868edf5-e309-4af1-8a15-03e1849e7652"
        }
    ],
    "groups": [],
    "priority": "\/api\/3\/picklists\/2b563c61-ae2c-41c0-a85a-c9709585e3f2",
    "playbookOrigin": "\/api\/3\/picklists\/b6d710a9-a8ec-41ec-8817-fe9fa062fcdd",
    "isEditable": true,
    "uuid": "766d0aa0-1673-4477-b1df-bd0f81de1938",
    "owners": [],
    "isPrivate": false,
    "deletedAt": null,
    "recordTags": [
        "Normalize Data"
    ]
}