{
    "@type": "Workflow",
    "triggerLimit": null,
    "name": "normalize data - tojson",
    "aliasName": null,
    "tag": null,
    "description": "Normalize data from a JSON string into a JSON dictionary.",
    "isActive": true,
    "debug": false,
    "singleRecordExecution": false,
    "remoteExecutableFlag": false,
    "parameters": [
        "netshot_target_output_id"
    ],
    "synchronous": false,
    "collection": "\/api\/3\/workflow_collections\/47462724-61c5-401a-be3b-53b8154157f9",
    "versions": [],
    "triggerStep": "\/api\/3\/workflow_steps\/8445cb6b-560d-4b18-9670-c418742adc3a",
    "steps": [
        {
            "@type": "WorkflowStep",
            "name": "find_output_record",
            "description": null,
            "arguments": {
                "query": {
                    "sort": [],
                    "limit": 30,
                    "logic": "AND",
                    "filters": [
                        {
                            "type": "primitive",
                            "field": "id",
                            "value": "{{vars.netshot_target_output_id}}",
                            "operator": "eq",
                            "_operator": "eq"
                        }
                    ],
                    "__selectFields": [
                        "name",
                        "id",
                        "sourceData"
                    ]
                },
                "module": "netshot_target_outputs?$limit=1",
                "checkboxFields": true,
                "step_variables": {
                    "record_data": "{{vars.steps.find_output_record[0]}}"
                }
            },
            "status": null,
            "top": "120",
            "left": "340",
            "stepType": "\/api\/3\/workflow_step_types\/b593663d-7d13-40ce-a3a3-96dece928770",
            "group": null,
            "uuid": "40138715-0131-4da1-a615-a7675716ffea"
        },
        {
            "@type": "WorkflowStep",
            "name": "return",
            "description": null,
            "arguments": {
                "output": "{{vars.steps.find_output_record[0].sourceData|toDict}}"
            },
            "status": null,
            "top": "120",
            "left": "40",
            "stepType": "\/api\/3\/workflow_step_types\/04d0cf46-b6a8-42c4-8683-60a7eaa69e8f",
            "group": null,
            "uuid": "8101834d-092c-4ca2-af2c-42d890fdf3b2"
        },
        {
            "@type": "WorkflowStep",
            "name": "setup env",
            "description": null,
            "arguments": {
                "netshot_target_output_id": "{{vars.input.params['netshot_target_output_id']}}"
            },
            "status": null,
            "top": "40",
            "left": "340",
            "stepType": "\/api\/3\/workflow_step_types\/04d0cf46-b6a8-42c4-8683-60a7eaa69e8f",
            "group": null,
            "uuid": "7dcf4dd4-df72-4909-98a5-257140b98cd8"
        },
        {
            "@type": "WorkflowStep",
            "name": "Start",
            "description": null,
            "arguments": {
                "__triggerLimit": true,
                "step_variables": {
                    "input": {
                        "params": []
                    }
                },
                "triggerOnSource": true,
                "triggerOnReplicate": false
            },
            "status": null,
            "top": "40",
            "left": "40",
            "stepType": "\/api\/3\/workflow_step_types\/b348f017-9a94-471f-87f8-ce88b6a7ad62",
            "group": null,
            "uuid": "8445cb6b-560d-4b18-9670-c418742adc3a"
        }
    ],
    "routes": [
        {
            "@type": "WorkflowRoute",
            "name": "find_output_record -> return",
            "targetStep": "\/api\/3\/workflow_steps\/8101834d-092c-4ca2-af2c-42d890fdf3b2",
            "sourceStep": "\/api\/3\/workflow_steps\/40138715-0131-4da1-a615-a7675716ffea",
            "label": null,
            "isExecuted": false,
            "group": null,
            "uuid": "b6706179-1b79-41ce-8e05-b070bf08f6de"
        },
        {
            "@type": "WorkflowRoute",
            "name": "setup env -> find_output_record",
            "targetStep": "\/api\/3\/workflow_steps\/40138715-0131-4da1-a615-a7675716ffea",
            "sourceStep": "\/api\/3\/workflow_steps\/7dcf4dd4-df72-4909-98a5-257140b98cd8",
            "label": null,
            "isExecuted": false,
            "group": null,
            "uuid": "1d31bf20-f81c-4b82-be8f-f97d7a9abfc2"
        },
        {
            "@type": "WorkflowRoute",
            "name": "Start -> setup env",
            "targetStep": "\/api\/3\/workflow_steps\/7dcf4dd4-df72-4909-98a5-257140b98cd8",
            "sourceStep": "\/api\/3\/workflow_steps\/8445cb6b-560d-4b18-9670-c418742adc3a",
            "label": null,
            "isExecuted": false,
            "group": null,
            "uuid": "01a98c3f-1276-48f4-a105-d31b33a459f5"
        }
    ],
    "groups": [],
    "priority": "\/api\/3\/picklists\/2b563c61-ae2c-41c0-a85a-c9709585e3f2",
    "playbookOrigin": "\/api\/3\/picklists\/b6d710a9-a8ec-41ec-8817-fe9fa062fcdd",
    "isEditable": true,
    "uuid": "9ceb2d50-0507-448d-84cb-763f67581886",
    "owners": [],
    "isPrivate": false,
    "deletedAt": null,
    "recordTags": [
        "Normalize Data"
    ]
}