[
    {
        "@type": "NetshotOutputGroup",
        "name": "FMG 7.2",
        "description": "FortiManager",
        "netshotTargets": [],
        "netshotDomains": [],
        "netshotTargetOutputProfiles": [
            "\/api\/3\/netshot_target_output_profiles\/756028c5-b094-48a4-982e-e1c9a29bbeac",
            "\/api\/3\/netshot_target_output_profiles\/953073b7-6f52-438c-961f-657e98b2ba2d",
            "\/api\/3\/netshot_target_output_profiles\/42a66ca2-96a3-4653-a9a0-df5007c06eae",
            "\/api\/3\/netshot_target_output_profiles\/f4a6ba7b-b888-41f3-afb8-580bf14871f5"
        ],
        "netshotOutputReportProfiles": [
            "\/api\/3\/netshot_output_report_profiles\/d197c262-4b5f-46bc-8153-7527e6c71ee2",
            "\/api\/3\/netshot_output_report_profiles\/d4910353-a34b-4587-a23a-0da90a92fed6",
            "\/api\/3\/netshot_output_report_profiles\/cfc6099f-2a05-4ede-92d6-77651b9204bf",
            "\/api\/3\/netshot_output_report_profiles\/6b12d68f-29b8-41fb-82e0-80bd32ebe9d5",
            "\/api\/3\/netshot_output_report_profiles\/1b190f6f-6018-478c-9653-aabd4a607494",
            "\/api\/3\/netshot_output_report_profiles\/e91e9365-1abc-48ee-9306-6d3a062f0054"
        ],
        "uuid": "fa5b2cbc-4137-421d-bbbf-5e07d9d2d8cd",
        "createUser": "\/api\/3\/people\/3451141c-bac6-467c-8d72-85e0fab569ce",
        "createDate": 1744309502.308181,
        "modifyUser": "\/api\/3\/people\/3451141c-bac6-467c-8d72-85e0fab569ce",
        "modifyDate": 1744380405.28856,
        "recordTags": [
            "FMG"
        ]
    },
    {
        "@type": "NetshotOutputGroup",
        "name": "FMG 7.4",
        "description": "FortiManager",
        "netshotTargets": [],
        "netshotDomains": [],
        "netshotTargetOutputProfiles": [
            "\/api\/3\/netshot_target_output_profiles\/756028c5-b094-48a4-982e-e1c9a29bbeac",
            "\/api\/3\/netshot_target_output_profiles\/953073b7-6f52-438c-961f-657e98b2ba2d",
            "\/api\/3\/netshot_target_output_profiles\/42a66ca2-96a3-4653-a9a0-df5007c06eae",
            "\/api\/3\/netshot_target_output_profiles\/f4a6ba7b-b888-41f3-afb8-580bf14871f5"
        ],
        "netshotOutputReportProfiles": [
            "\/api\/3\/netshot_output_report_profiles\/d197c262-4b5f-46bc-8153-7527e6c71ee2",
            "\/api\/3\/netshot_output_report_profiles\/d4910353-a34b-4587-a23a-0da90a92fed6",
            "\/api\/3\/netshot_output_report_profiles\/cfc6099f-2a05-4ede-92d6-77651b9204bf",
            "\/api\/3\/netshot_output_report_profiles\/6b12d68f-29b8-41fb-82e0-80bd32ebe9d5",
            "\/api\/3\/netshot_output_report_profiles\/1b190f6f-6018-478c-9653-aabd4a607494",
            "\/api\/3\/netshot_output_report_profiles\/72cecc88-e0c2-4226-91af-bba1d4cd8419"
        ],
        "uuid": "a1671074-e155-4370-bd00-66bc2b611150",
        "createUser": "\/api\/3\/people\/3451141c-bac6-467c-8d72-85e0fab569ce",
        "createDate": 1744309631.702148,
        "modifyUser": "\/api\/3\/people\/3451141c-bac6-467c-8d72-85e0fab569ce",
        "modifyDate": 1744380307.634262,
        "recordTags": [
            "FMG"
        ]
    },
    {
        "@type": "NetshotOutputGroup",
        "name": "FMG 7.6",
        "description": "FortiManager",
        "netshotTargets": [
            "\/api\/3\/netshot_targets\/80fcb457-4683-4dd8-b4ea-6c82ce56937c"
        ],
        "netshotDomains": [
            "\/api\/3\/netshot_domains\/9d908807-86a9-4d51-b63f-a89e90647643"
        ],
        "netshotTargetOutputProfiles": [
            "\/api\/3\/netshot_target_output_profiles\/756028c5-b094-48a4-982e-e1c9a29bbeac",
            "\/api\/3\/netshot_target_output_profiles\/953073b7-6f52-438c-961f-657e98b2ba2d",
            "\/api\/3\/netshot_target_output_profiles\/42a66ca2-96a3-4653-a9a0-df5007c06eae",
            "\/api\/3\/netshot_target_output_profiles\/f4a6ba7b-b888-41f3-afb8-580bf14871f5"
        ],
        "netshotOutputReportProfiles": [
            "\/api\/3\/netshot_output_report_profiles\/24b7dd0a-102f-4b1f-9f3d-bae1cc8e21b3",
            "\/api\/3\/netshot_output_report_profiles\/c03507ea-8f74-4c3c-b0e3-ef1e64aa402f",
            "\/api\/3\/netshot_output_report_profiles\/d197c262-4b5f-46bc-8153-7527e6c71ee2",
            "\/api\/3\/netshot_output_report_profiles\/d4910353-a34b-4587-a23a-0da90a92fed6",
            "\/api\/3\/netshot_output_report_profiles\/cfc6099f-2a05-4ede-92d6-77651b9204bf",
            "\/api\/3\/netshot_output_report_profiles\/6b12d68f-29b8-41fb-82e0-80bd32ebe9d5",
            "\/api\/3\/netshot_output_report_profiles\/1b190f6f-6018-478c-9653-aabd4a607494"
        ],
        "uuid": "89839208-127b-47d5-b538-976788543ff9",
        "createUser": "\/api\/3\/people\/3451141c-bac6-467c-8d72-85e0fab569ce",
        "createDate": 1744312032.368171,
        "modifyUser": "\/api\/3\/people\/3451141c-bac6-467c-8d72-85e0fab569ce",
        "modifyDate": 1744380310.805624,
        "recordTags": [
            "FMG"
        ]
    },
    {
        "@type": "NetshotOutputGroup",
        "name": "FOS 7.2",
        "description": "FortiGate",
        "netshotTargets": [],
        "netshotDomains": [],
        "netshotTargetOutputProfiles": [
            "\/api\/3\/netshot_target_output_profiles\/32872a8e-41cf-4207-b507-4f97c35c0fea",
            "\/api\/3\/netshot_target_output_profiles\/756028c5-b094-48a4-982e-e1c9a29bbeac",
            "\/api\/3\/netshot_target_output_profiles\/953073b7-6f52-438c-961f-657e98b2ba2d",
            "\/api\/3\/netshot_target_output_profiles\/eea66c19-9b1b-4758-b18d-adde0c125f11",
            "\/api\/3\/netshot_target_output_profiles\/e158bbc2-ac44-435d-b0a2-32fbcd5be1da"
        ],
        "netshotOutputReportProfiles": [
            "\/api\/3\/netshot_output_report_profiles\/d197c262-4b5f-46bc-8153-7527e6c71ee2",
            "\/api\/3\/netshot_output_report_profiles\/868bba3e-bf46-429a-897d-dd8fab86c852",
            "\/api\/3\/netshot_output_report_profiles\/0fc8ad3e-5711-4eef-bb0c-d74bf0c4d353",
            "\/api\/3\/netshot_output_report_profiles\/d4910353-a34b-4587-a23a-0da90a92fed6",
            "\/api\/3\/netshot_output_report_profiles\/cfc6099f-2a05-4ede-92d6-77651b9204bf",
            "\/api\/3\/netshot_output_report_profiles\/b06da7a9-a184-4e4f-9d66-de18a939d4fb"
        ],
        "uuid": "cb4abec6-4b8a-4bbf-b6e1-542774094be4",
        "createUser": "\/api\/3\/people\/3451141c-bac6-467c-8d72-85e0fab569ce",
        "createDate": 1744380184.408551,
        "modifyUser": "\/api\/3\/people\/3451141c-bac6-467c-8d72-85e0fab569ce",
        "modifyDate": 1744380316.516964,
        "recordTags": [
            "FOS"
        ]
    },
    {
        "@type": "NetshotOutputGroup",
        "name": "FOS 7.4",
        "description": "FortiGate",
        "netshotTargets": [],
        "netshotDomains": [],
        "netshotTargetOutputProfiles": [
            "\/api\/3\/netshot_target_output_profiles\/32872a8e-41cf-4207-b507-4f97c35c0fea",
            "\/api\/3\/netshot_target_output_profiles\/756028c5-b094-48a4-982e-e1c9a29bbeac",
            "\/api\/3\/netshot_target_output_profiles\/953073b7-6f52-438c-961f-657e98b2ba2d",
            "\/api\/3\/netshot_target_output_profiles\/eea66c19-9b1b-4758-b18d-adde0c125f11",
            "\/api\/3\/netshot_target_output_profiles\/e158bbc2-ac44-435d-b0a2-32fbcd5be1da"
        ],
        "netshotOutputReportProfiles": [
            "\/api\/3\/netshot_output_report_profiles\/d197c262-4b5f-46bc-8153-7527e6c71ee2",
            "\/api\/3\/netshot_output_report_profiles\/868bba3e-bf46-429a-897d-dd8fab86c852",
            "\/api\/3\/netshot_output_report_profiles\/0fc8ad3e-5711-4eef-bb0c-d74bf0c4d353",
            "\/api\/3\/netshot_output_report_profiles\/d4910353-a34b-4587-a23a-0da90a92fed6",
            "\/api\/3\/netshot_output_report_profiles\/cfc6099f-2a05-4ede-92d6-77651b9204bf",
            "\/api\/3\/netshot_output_report_profiles\/12e57035-c868-4974-a97e-de867c29dce3"
        ],
        "uuid": "780ee8ac-cdb1-4fdb-b60a-6cbd5e8115ac",
        "createUser": "\/api\/3\/people\/3451141c-bac6-467c-8d72-85e0fab569ce",
        "createDate": 1744380215.832669,
        "modifyUser": "\/api\/3\/people\/3451141c-bac6-467c-8d72-85e0fab569ce",
        "modifyDate": 1744380319.785721,
        "recordTags": [
            "FOS"
        ]
    },
    {
        "@type": "NetshotOutputGroup",
        "name": "FOS 7.6",
        "description": "FortiGate",
        "netshotTargets": [
            "\/api\/3\/netshot_targets\/038e67d5-2d15-4290-bc3c-00895cb49184",
            "\/api\/3\/netshot_targets\/6ffed084-5041-49d9-8242-bfac29cc6774"
        ],
        "netshotDomains": [
            "\/api\/3\/netshot_domains\/9d908807-86a9-4d51-b63f-a89e90647643"
        ],
        "netshotTargetOutputProfiles": [
            "\/api\/3\/netshot_target_output_profiles\/32872a8e-41cf-4207-b507-4f97c35c0fea",
            "\/api\/3\/netshot_target_output_profiles\/756028c5-b094-48a4-982e-e1c9a29bbeac",
            "\/api\/3\/netshot_target_output_profiles\/953073b7-6f52-438c-961f-657e98b2ba2d",
            "\/api\/3\/netshot_target_output_profiles\/eea66c19-9b1b-4758-b18d-adde0c125f11",
            "\/api\/3\/netshot_target_output_profiles\/e158bbc2-ac44-435d-b0a2-32fbcd5be1da"
        ],
        "netshotOutputReportProfiles": [
            "\/api\/3\/netshot_output_report_profiles\/2f4bce96-a3c6-4fc7-a10b-61eefdcc42e9",
            "\/api\/3\/netshot_output_report_profiles\/d197c262-4b5f-46bc-8153-7527e6c71ee2",
            "\/api\/3\/netshot_output_report_profiles\/868bba3e-bf46-429a-897d-dd8fab86c852",
            "\/api\/3\/netshot_output_report_profiles\/0fc8ad3e-5711-4eef-bb0c-d74bf0c4d353",
            "\/api\/3\/netshot_output_report_profiles\/d4910353-a34b-4587-a23a-0da90a92fed6",
            "\/api\/3\/netshot_output_report_profiles\/cfc6099f-2a05-4ede-92d6-77651b9204bf"
        ],
        "uuid": "d1db8e6d-5f4d-4936-8077-672090ad2ab3",
        "createUser": "\/api\/3\/people\/3451141c-bac6-467c-8d72-85e0fab569ce",
        "createDate": 1744380243.379086,
        "modifyUser": "\/api\/3\/people\/3451141c-bac6-467c-8d72-85e0fab569ce",
        "modifyDate": 1744380322.689921,
        "recordTags": [
            "FOS"
        ]
    },
    {
        "@type": "NetshotOutputGroup",
        "name": "Hello World Playbook",
        "description": "Runs the `Hello World` **playbook** tests. ",
        "netshotTargets": [],
        "netshotDomains": [],
        "netshotTargetOutputProfiles": [
            "\/api\/3\/netshot_target_output_profiles\/13f3393e-dc7e-4967-852c-3f9a1405c049",
            "\/api\/3\/netshot_target_output_profiles\/5482abc1-52cf-4591-ad7d-8f1e983af7c7"
        ],
        "netshotOutputReportProfiles": [],
        "uuid": "5c37b347-8b09-44ab-9cfb-a948d19b55dd",
        "createUser": "\/api\/3\/people\/3451141c-bac6-467c-8d72-85e0fab569ce",
        "createDate": 1744900581.386672,
        "modifyUser": "\/api\/3\/people\/3451141c-bac6-467c-8d72-85e0fab569ce",
        "modifyDate": 1744900601.512564,
        "recordTags": []
    }
]