{
    "@type": "Workflow",
    "triggerLimit": null,
    "name": "Domain Targets - Add Output via Linked Output Profiles",
    "aliasName": null,
    "tag": null,
    "description": null,
    "isActive": true,
    "debug": false,
    "singleRecordExecution": false,
    "remoteExecutableFlag": false,
    "parameters": [],
    "synchronous": false,
    "collection": "\/api\/3\/workflow_collections\/678ed3a6-ac0a-42a6-b96a-20fa792566b2",
    "versions": [],
    "triggerStep": "\/api\/3\/workflow_steps\/3a524e62-5587-4b58-a5ab-9d8948cb0475",
    "steps": [
        {
            "@type": "WorkflowStep",
            "name": "find targets",
            "description": null,
            "arguments": {
                "query": {
                    "sort": [],
                    "limit": 30,
                    "logic": "AND",
                    "filters": [
                        {
                            "type": "object",
                            "field": "netshotDomains",
                            "value": "{{vars.domain_record_fqid}}",
                            "_value": {
                                "@id": "{{vars.domain_record_fqid}}",
                                "display": "",
                                "itemValue": ""
                            },
                            "operator": "eq"
                        }
                    ],
                    "__selectFields": [
                        "id",
                        "deviceIP",
                        "deviceUsername",
                        "devicePassword"
                    ]
                },
                "module": "netshot_targets?$limit=5000",
                "checkboxFields": true,
                "step_variables": []
            },
            "status": null,
            "top": "40",
            "left": "680",
            "stepType": "\/api\/3\/workflow_step_types\/b593663d-7d13-40ce-a3a3-96dece928770",
            "group": null,
            "uuid": "4151310f-4bf2-475c-ba9f-ddce93c5475b"
        },
        {
            "@type": "WorkflowStep",
            "name": "run linked profiles",
            "description": null,
            "arguments": {
                "for_each": {
                    "item": "{{vars.steps.find_targets}}",
                    "__bulk": false,
                    "parallel": true,
                    "condition": ""
                },
                "arguments": {
                    "target_ip": "{{vars.item.deviceIP}}",
                    "target_password": "{{vars.item.devicePassword}}",
                    "target_username": "{{vars.item.deviceUsername}}",
                    "target_record_id": "{{vars.item.id}}"
                },
                "apply_async": false,
                "step_variables": [],
                "pass_parent_env": false,
                "pass_input_record": false,
                "workflowReference": "\/api\/3\/workflows\/cb239966-fe53-4da3-86b2-608b5e451ad8"
            },
            "status": null,
            "top": "160",
            "left": "680",
            "stepType": "\/api\/3\/workflow_step_types\/74932bdc-b8b6-4d24-88c4-1a4dfbc524f3",
            "group": null,
            "uuid": "b673d83f-4114-4317-8903-428d022f811b"
        },
        {
            "@type": "WorkflowStep",
            "name": "setup env",
            "description": null,
            "arguments": {
                "domain_record_id": "{{vars.input.records[0].id}}",
                "domain_record_fqid": "{{vars.input.records[0]['@id']}}"
            },
            "status": null,
            "top": "40",
            "left": "360",
            "stepType": "\/api\/3\/workflow_step_types\/04d0cf46-b6a8-42c4-8683-60a7eaa69e8f",
            "group": null,
            "uuid": "bca7ead4-baab-405e-8104-228b77e4f9e9"
        },
        {
            "@type": "WorkflowStep",
            "name": "Start",
            "description": null,
            "arguments": {
                "route": "6d74c6cb-7c96-4d80-b7d2-571031e39608",
                "title": "Add Target Output from Profiles",
                "resources": [
                    "netshot_domains"
                ],
                "__triggerLimit": true,
                "inputVariables": [],
                "step_variables": {
                    "input": {
                        "params": [],
                        "records": "{{vars.input.records}}"
                    }
                },
                "triggerOnSource": true,
                "displayConditions": {
                    "netshot_domains": {
                        "sort": [],
                        "limit": 30,
                        "logic": "AND",
                        "filters": []
                    }
                },
                "executeButtonText": "Execute",
                "noRecordExecution": false,
                "showToasterMessage": {
                    "visible": false,
                    "messageVisible": true
                },
                "triggerOnReplicate": false,
                "singleRecordExecution": false
            },
            "status": null,
            "top": "40",
            "left": "40",
            "stepType": "\/api\/3\/workflow_step_types\/f414d039-bb0d-4e59-9c39-a8f1e880b18a",
            "group": null,
            "uuid": "3a524e62-5587-4b58-a5ab-9d8948cb0475"
        }
    ],
    "routes": [
        {
            "@type": "WorkflowRoute",
            "name": "find targets -> run linked profiles",
            "targetStep": "\/api\/3\/workflow_steps\/b673d83f-4114-4317-8903-428d022f811b",
            "sourceStep": "\/api\/3\/workflow_steps\/4151310f-4bf2-475c-ba9f-ddce93c5475b",
            "label": null,
            "isExecuted": false,
            "group": null,
            "uuid": "8742db83-4140-4794-9f9f-e7877d76392d"
        },
        {
            "@type": "WorkflowRoute",
            "name": "setup env -> find targets",
            "targetStep": "\/api\/3\/workflow_steps\/4151310f-4bf2-475c-ba9f-ddce93c5475b",
            "sourceStep": "\/api\/3\/workflow_steps\/bca7ead4-baab-405e-8104-228b77e4f9e9",
            "label": null,
            "isExecuted": false,
            "group": null,
            "uuid": "0970206c-b379-46b4-ac18-54aee72d19ee"
        },
        {
            "@type": "WorkflowRoute",
            "name": "Start -> setup env",
            "targetStep": "\/api\/3\/workflow_steps\/bca7ead4-baab-405e-8104-228b77e4f9e9",
            "sourceStep": "\/api\/3\/workflow_steps\/3a524e62-5587-4b58-a5ab-9d8948cb0475",
            "label": null,
            "isExecuted": false,
            "group": null,
            "uuid": "8ff511f7-df80-46cc-9f77-efb472e142c1"
        }
    ],
    "groups": [],
    "priority": "\/api\/3\/picklists\/2b563c61-ae2c-41c0-a85a-c9709585e3f2",
    "playbookOrigin": "\/api\/3\/picklists\/b6d710a9-a8ec-41ec-8817-fe9fa062fcdd",
    "isEditable": true,
    "uuid": "71705837-dbb5-4183-a2c7-2ee96065a5ad",
    "owners": [],
    "isPrivate": false,
    "deletedAt": null,
    "recordTags": []
}