{
    "@type": "Workflow",
    "triggerLimit": null,
    "name": "Domain Targets - Create Report from Latest Outputs and Profiles",
    "aliasName": null,
    "tag": null,
    "description": null,
    "isActive": true,
    "debug": false,
    "singleRecordExecution": false,
    "remoteExecutableFlag": false,
    "parameters": [],
    "synchronous": false,
    "collection": "\/api\/3\/workflow_collections\/678ed3a6-ac0a-42a6-b96a-20fa792566b2",
    "versions": [],
    "triggerStep": "\/api\/3\/workflow_steps\/0cbb7ac0-e073-45af-8f03-d1c8565d3fcc",
    "steps": [
        {
            "@type": "WorkflowStep",
            "name": "find targets",
            "description": null,
            "arguments": {
                "query": {
                    "sort": [],
                    "limit": 30,
                    "logic": "AND",
                    "filters": [
                        {
                            "type": "object",
                            "field": "netshotDomains",
                            "value": "{{vars.domain_record_fqid}}",
                            "_value": {
                                "@id": "{{vars.domain_record_fqid}}",
                                "display": "",
                                "itemValue": ""
                            },
                            "operator": "eq"
                        }
                    ],
                    "__selectFields": [
                        "id",
                        "deviceIP",
                        "deviceUsername",
                        "devicePassword"
                    ]
                },
                "module": "netshot_targets?$limit=5000",
                "checkboxFields": true,
                "step_variables": []
            },
            "status": null,
            "top": "40",
            "left": "680",
            "stepType": "\/api\/3\/workflow_step_types\/b593663d-7d13-40ce-a3a3-96dece928770",
            "group": null,
            "uuid": "e8b2d364-ba25-48d5-b2a1-a00892f1e314"
        },
        {
            "@type": "WorkflowStep",
            "name": "run reports on latest data",
            "description": null,
            "arguments": {
                "for_each": {
                    "item": "{{vars.steps.find_targets}}",
                    "__bulk": false,
                    "parallel": true,
                    "condition": ""
                },
                "arguments": {
                    "target_record_id": "{{vars.item.id}}"
                },
                "apply_async": false,
                "step_variables": [],
                "pass_parent_env": false,
                "pass_input_record": false,
                "workflowReference": "\/api\/3\/workflows\/f3762520-c72e-450f-b6ff-a8b4446b7219"
            },
            "status": null,
            "top": "160",
            "left": "680",
            "stepType": "\/api\/3\/workflow_step_types\/74932bdc-b8b6-4d24-88c4-1a4dfbc524f3",
            "group": null,
            "uuid": "bf24fd43-48d7-4bf3-a5b4-d6c2d85dc1dd"
        },
        {
            "@type": "WorkflowStep",
            "name": "setup env",
            "description": null,
            "arguments": {
                "domain_record_id": "{{vars.input.records[0].id}}",
                "domain_record_fqid": "{{vars.input.records[0]['@id']}}"
            },
            "status": null,
            "top": "40",
            "left": "360",
            "stepType": "\/api\/3\/workflow_step_types\/04d0cf46-b6a8-42c4-8683-60a7eaa69e8f",
            "group": null,
            "uuid": "f9943862-01a1-4f3f-8739-6ad9f232a09f"
        },
        {
            "@type": "WorkflowStep",
            "name": "Start",
            "description": null,
            "arguments": {
                "route": "ca829f61-fdac-48d2-84f7-d05177cdf738",
                "title": "Create Target Reports from Latest Outputs",
                "resources": [
                    "netshot_domains"
                ],
                "__triggerLimit": true,
                "inputVariables": [],
                "step_variables": {
                    "input": {
                        "params": [],
                        "records": "{{vars.input.records}}"
                    }
                },
                "triggerOnSource": true,
                "displayConditions": {
                    "netshot_domains": {
                        "sort": [],
                        "limit": 30,
                        "logic": "AND",
                        "filters": []
                    }
                },
                "executeButtonText": "Execute",
                "noRecordExecution": false,
                "showToasterMessage": {
                    "visible": false,
                    "messageVisible": true
                },
                "triggerOnReplicate": false,
                "singleRecordExecution": false
            },
            "status": null,
            "top": "40",
            "left": "40",
            "stepType": "\/api\/3\/workflow_step_types\/f414d039-bb0d-4e59-9c39-a8f1e880b18a",
            "group": null,
            "uuid": "0cbb7ac0-e073-45af-8f03-d1c8565d3fcc"
        }
    ],
    "routes": [
        {
            "@type": "WorkflowRoute",
            "name": "find targets -> run linked profiles",
            "targetStep": "\/api\/3\/workflow_steps\/bf24fd43-48d7-4bf3-a5b4-d6c2d85dc1dd",
            "sourceStep": "\/api\/3\/workflow_steps\/e8b2d364-ba25-48d5-b2a1-a00892f1e314",
            "label": null,
            "isExecuted": false,
            "group": null,
            "uuid": "e0eba099-bd5f-427f-8590-58c5cdd3385c"
        },
        {
            "@type": "WorkflowRoute",
            "name": "setup env -> find targets",
            "targetStep": "\/api\/3\/workflow_steps\/e8b2d364-ba25-48d5-b2a1-a00892f1e314",
            "sourceStep": "\/api\/3\/workflow_steps\/f9943862-01a1-4f3f-8739-6ad9f232a09f",
            "label": null,
            "isExecuted": false,
            "group": null,
            "uuid": "25c89a8b-8729-4814-b2e4-54a63d6dc82c"
        },
        {
            "@type": "WorkflowRoute",
            "name": "Start -> setup env",
            "targetStep": "\/api\/3\/workflow_steps\/f9943862-01a1-4f3f-8739-6ad9f232a09f",
            "sourceStep": "\/api\/3\/workflow_steps\/0cbb7ac0-e073-45af-8f03-d1c8565d3fcc",
            "label": null,
            "isExecuted": false,
            "group": null,
            "uuid": "83f062cb-51a3-4a4f-8507-a926b4568d33"
        }
    ],
    "groups": [],
    "priority": "\/api\/3\/picklists\/2b563c61-ae2c-41c0-a85a-c9709585e3f2",
    "playbookOrigin": "\/api\/3\/picklists\/b6d710a9-a8ec-41ec-8817-fe9fa062fcdd",
    "isEditable": true,
    "uuid": "4166ce28-d039-46cf-b7a9-fb7cbe7d5d6c",
    "owners": [],
    "isPrivate": false,
    "deletedAt": null,
    "recordTags": []
}