{
    "@type": "Workflow",
    "triggerLimit": null,
    "name": "Domain - Import Profiles from Group to Domain",
    "aliasName": null,
    "tag": null,
    "description": null,
    "isActive": true,
    "debug": false,
    "singleRecordExecution": false,
    "remoteExecutableFlag": false,
    "parameters": [],
    "synchronous": false,
    "collection": "\/api\/3\/workflow_collections\/678ed3a6-ac0a-42a6-b96a-20fa792566b2",
    "versions": [],
    "triggerStep": "\/api\/3\/workflow_steps\/fe3e8ff3-a8b2-4d8e-a931-53c8b6366e1d",
    "steps": [
        {
            "@type": "WorkflowStep",
            "name": "import profiles",
            "description": null,
            "arguments": {
                "arguments": {
                    "domain_record_id": "{{vars.input.records[0].id}}"
                },
                "apply_async": false,
                "step_variables": [],
                "pass_parent_env": false,
                "pass_input_record": false,
                "workflowReference": "\/api\/3\/workflows\/0170e57b-f447-4c3f-b363-98fecb816e24"
            },
            "status": null,
            "top": "140",
            "left": "360",
            "stepType": "\/api\/3\/workflow_step_types\/74932bdc-b8b6-4d24-88c4-1a4dfbc524f3",
            "group": null,
            "uuid": "a80af0f3-3f11-42b0-8485-5ba1bcccda4f"
        },
        {
            "@type": "WorkflowStep",
            "name": "setup env",
            "description": null,
            "arguments": [],
            "status": null,
            "top": "40",
            "left": "360",
            "stepType": "\/api\/3\/workflow_step_types\/04d0cf46-b6a8-42c4-8683-60a7eaa69e8f",
            "group": null,
            "uuid": "b090263a-8a6c-472b-a757-8ca54ef3a329"
        },
        {
            "@type": "WorkflowStep",
            "name": "Start",
            "description": null,
            "arguments": {
                "route": "2e6f4342-5488-4d75-8ec9-b5d0eab59750",
                "title": "Import Profiles from Group to Domain",
                "resources": [
                    "netshot_domains"
                ],
                "__triggerLimit": true,
                "inputVariables": [],
                "step_variables": {
                    "input": {
                        "params": [],
                        "records": "{{vars.input.records}}"
                    }
                },
                "triggerOnSource": true,
                "displayConditions": {
                    "netshot_domains": {
                        "sort": [],
                        "limit": 30,
                        "logic": "AND",
                        "filters": []
                    },
                    "netshot_targets": {
                        "sort": [],
                        "limit": 30,
                        "logic": "AND",
                        "filters": []
                    }
                },
                "executeButtonText": "Execute",
                "noRecordExecution": false,
                "showToasterMessage": {
                    "visible": false,
                    "messageVisible": true
                },
                "triggerOnReplicate": false,
                "singleRecordExecution": true
            },
            "status": null,
            "top": "40",
            "left": "40",
            "stepType": "\/api\/3\/workflow_step_types\/f414d039-bb0d-4e59-9c39-a8f1e880b18a",
            "group": null,
            "uuid": "fe3e8ff3-a8b2-4d8e-a931-53c8b6366e1d"
        }
    ],
    "routes": [
        {
            "@type": "WorkflowRoute",
            "name": "setup env -> import profiles",
            "targetStep": "\/api\/3\/workflow_steps\/a80af0f3-3f11-42b0-8485-5ba1bcccda4f",
            "sourceStep": "\/api\/3\/workflow_steps\/b090263a-8a6c-472b-a757-8ca54ef3a329",
            "label": null,
            "isExecuted": false,
            "group": null,
            "uuid": "559c569e-115a-46b0-9b04-6e23afe56d44"
        },
        {
            "@type": "WorkflowRoute",
            "name": "Start -> setup env",
            "targetStep": "\/api\/3\/workflow_steps\/b090263a-8a6c-472b-a757-8ca54ef3a329",
            "sourceStep": "\/api\/3\/workflow_steps\/fe3e8ff3-a8b2-4d8e-a931-53c8b6366e1d",
            "label": null,
            "isExecuted": false,
            "group": null,
            "uuid": "b2e7ed14-e8d9-41e8-8e3a-37db46805210"
        }
    ],
    "groups": [],
    "priority": "\/api\/3\/picklists\/2b563c61-ae2c-41c0-a85a-c9709585e3f2",
    "playbookOrigin": "\/api\/3\/picklists\/b6d710a9-a8ec-41ec-8817-fe9fa062fcdd",
    "isEditable": true,
    "uuid": "301c637a-a474-4926-9e28-535326e87f66",
    "owners": [],
    "isPrivate": false,
    "deletedAt": null,
    "recordTags": []
}