{
    "@type": "Workflow",
    "triggerLimit": null,
    "name": "Domain Targets - Run Full Netshot Linked Data and Reports",
    "aliasName": null,
    "tag": null,
    "description": "Perform full Netshot by getting data and running reports on linked profiles to the target.",
    "isActive": true,
    "debug": false,
    "singleRecordExecution": false,
    "remoteExecutableFlag": false,
    "parameters": [],
    "synchronous": false,
    "collection": "\/api\/3\/workflow_collections\/678ed3a6-ac0a-42a6-b96a-20fa792566b2",
    "versions": [],
    "triggerStep": "\/api\/3\/workflow_steps\/b863d47d-665b-46c6-9835-d0371de8c9fe",
    "steps": [
        {
            "@type": "WorkflowStep",
            "name": "clear targets",
            "description": null,
            "arguments": {
                "for_each": {
                    "item": "{{vars.targetidx}}",
                    "__bulk": false,
                    "parallel": true,
                    "condition": ""
                },
                "arguments": {
                    "target_record_id": "{{vars.item.id}}"
                },
                "apply_async": false,
                "step_variables": [],
                "pass_parent_env": false,
                "pass_input_record": false,
                "workflowReference": "\/api\/3\/workflows\/7ca368b5-6ede-4644-a163-d301a81ace11"
            },
            "status": null,
            "top": "500",
            "left": "360",
            "stepType": "\/api\/3\/workflow_step_types\/74932bdc-b8b6-4d24-88c4-1a4dfbc524f3",
            "group": null,
            "uuid": "348c26c4-175f-4955-92c2-76b8612ed9dc"
        },
        {
            "@type": "WorkflowStep",
            "name": "create domain",
            "description": null,
            "arguments": {
                "domain_record_id": "{{vars.input.records[0].id}}",
                "domain_record_fqid": "{{vars.input.records[0]['@id']}}"
            },
            "status": null,
            "top": "216",
            "left": "651",
            "stepType": "\/api\/3\/workflow_step_types\/04d0cf46-b6a8-42c4-8683-60a7eaa69e8f",
            "group": "\/api\/3\/workflow_groups\/b74054b6-cc14-45a9-ae73-fd889678716a",
            "uuid": "b00bd63a-5dba-417e-8b1e-5e21ee641b28"
        },
        {
            "@type": "WorkflowStep",
            "name": "create domain targets",
            "description": null,
            "arguments": {
                "target_ids": "{{vars.steps.find_targets_for_domain|json_query('[].id')}}"
            },
            "status": null,
            "top": "296",
            "left": "991",
            "stepType": "\/api\/3\/workflow_step_types\/04d0cf46-b6a8-42c4-8683-60a7eaa69e8f",
            "group": "\/api\/3\/workflow_groups\/b74054b6-cc14-45a9-ae73-fd889678716a",
            "uuid": "d453c4e3-2561-4859-8199-293a4f1508cb"
        },
        {
            "@type": "WorkflowStep",
            "name": "create target",
            "description": null,
            "arguments": {
                "target_ids": "[{{vars.input.records[0].id}}]"
            },
            "status": null,
            "top": "300",
            "left": "320",
            "stepType": "\/api\/3\/workflow_step_types\/04d0cf46-b6a8-42c4-8683-60a7eaa69e8f",
            "group": "\/api\/3\/workflow_groups\/b74054b6-cc14-45a9-ae73-fd889678716a",
            "uuid": "daa0749c-2186-4c47-adda-e4ecfd633c54"
        },
        {
            "@type": "WorkflowStep",
            "name": "create targets idx",
            "description": null,
            "arguments": {
                "targetidx": "{%- if vars.netshot_type == 'NetshotDomain' -%}\n{{vars.steps.find_targets_for_domain}}\n{%- else -%}\n{{vars.input.records}}\n{%- endif -%}"
            },
            "status": null,
            "top": "360",
            "left": "660",
            "stepType": "\/api\/3\/workflow_step_types\/04d0cf46-b6a8-42c4-8683-60a7eaa69e8f",
            "group": "\/api\/3\/workflow_groups\/b74054b6-cc14-45a9-ae73-fd889678716a",
            "uuid": "43ce878c-e5bf-442d-9e5e-c7ce6ad4ded6"
        },
        {
            "@type": "WorkflowStep",
            "name": "find targets for domain",
            "description": null,
            "arguments": {
                "query": {
                    "sort": [],
                    "limit": 30,
                    "logic": "AND",
                    "filters": [
                        {
                            "type": "object",
                            "field": "netshotDomains",
                            "value": "{{vars.domain_record_fqid}}",
                            "_value": {
                                "@id": "{{vars.domain_record_fqid}}",
                                "display": "",
                                "itemValue": ""
                            },
                            "operator": "eq"
                        }
                    ],
                    "__selectFields": [
                        "id",
                        "deviceIP",
                        "deviceUsername",
                        "devicePassword"
                    ]
                },
                "module": "netshot_targets?$limit=5000",
                "checkboxFields": true,
                "step_variables": []
            },
            "status": null,
            "top": "156",
            "left": "991",
            "stepType": "\/api\/3\/workflow_step_types\/b593663d-7d13-40ce-a3a3-96dece928770",
            "group": "\/api\/3\/workflow_groups\/b74054b6-cc14-45a9-ae73-fd889678716a",
            "uuid": "aaa87bed-f976-45c4-99f5-d0e56a353994"
        },
        {
            "@type": "WorkflowStep",
            "name": "import profiles from domain",
            "description": null,
            "arguments": {
                "for_each": {
                    "item": "{{vars.targetidx}}",
                    "__bulk": false,
                    "parallel": true,
                    "condition": ""
                },
                "arguments": {
                    "target_record_id": "{{vars.item.id}}"
                },
                "apply_async": false,
                "step_variables": [],
                "pass_parent_env": false,
                "pass_input_record": false,
                "workflowReference": "\/api\/3\/workflows\/312c9af0-5333-46d4-b4c6-d23e7ef79155"
            },
            "status": null,
            "top": "600",
            "left": "360",
            "stepType": "\/api\/3\/workflow_step_types\/74932bdc-b8b6-4d24-88c4-1a4dfbc524f3",
            "group": null,
            "uuid": "068cd2ef-6856-4eef-ae84-277791557850"
        },
        {
            "@type": "WorkflowStep",
            "name": "netshot type",
            "description": null,
            "arguments": {
                "conditions": [
                    {
                        "default": true,
                        "step_iri": "\/api\/3\/workflow_steps\/1f4de2e3-a691-4704-86d6-45a4b1d825f9",
                        "step_name": "unknown netshot type"
                    },
                    {
                        "option": "Domain",
                        "step_iri": "\/api\/3\/workflow_steps\/b00bd63a-5dba-417e-8b1e-5e21ee641b28",
                        "condition": "{{ \"domain\" in vars.netshot_type|lower }}",
                        "step_name": "create domain"
                    },
                    {
                        "option": "Target",
                        "step_iri": "\/api\/3\/workflow_steps\/daa0749c-2186-4c47-adda-e4ecfd633c54",
                        "condition": "{{ \"target\" in vars.netshot_type|lower }}",
                        "step_name": "create target"
                    }
                ],
                "step_variables": []
            },
            "status": null,
            "top": "96",
            "left": "651",
            "stepType": "\/api\/3\/workflow_step_types\/12254cf5-5db7-4b1a-8cb1-3af081924b28",
            "group": "\/api\/3\/workflow_groups\/b74054b6-cc14-45a9-ae73-fd889678716a",
            "uuid": "cd0ff196-f044-4c78-b068-81fa707eeaba"
        },
        {
            "@type": "WorkflowStep",
            "name": "run linked profiles",
            "description": null,
            "arguments": {
                "for_each": {
                    "item": "{{vars.targetidx}}",
                    "__bulk": false,
                    "parallel": true,
                    "condition": ""
                },
                "arguments": {
                    "target_ip": "{{vars.item.deviceIP}}",
                    "target_password": "{{vars.item.devicePassword}}",
                    "target_username": "{{vars.item.deviceUsername}}",
                    "target_record_id": "{{vars.item.id}}"
                },
                "apply_async": false,
                "step_variables": [],
                "pass_parent_env": false,
                "pass_input_record": false,
                "workflowReference": "\/api\/3\/workflows\/cb239966-fe53-4da3-86b2-608b5e451ad8"
            },
            "status": null,
            "top": "600",
            "left": "1180",
            "stepType": "\/api\/3\/workflow_step_types\/74932bdc-b8b6-4d24-88c4-1a4dfbc524f3",
            "group": null,
            "uuid": "7b489fe9-9f36-400b-890e-98c77c7613f2"
        },
        {
            "@type": "WorkflowStep",
            "name": "setup env",
            "description": null,
            "arguments": {
                "netshot_type": "{{vars.input.records[0]['@type']}}"
            },
            "status": null,
            "top": "56",
            "left": "331",
            "stepType": "\/api\/3\/workflow_step_types\/04d0cf46-b6a8-42c4-8683-60a7eaa69e8f",
            "group": "\/api\/3\/workflow_groups\/b74054b6-cc14-45a9-ae73-fd889678716a",
            "uuid": "0ee055cc-b6ec-4382-8ead-19a9460a6408"
        },
        {
            "@type": "WorkflowStep",
            "name": "Start",
            "description": "Get data and run reports on a target.",
            "arguments": {
                "route": "7a474f74-20cc-479a-9257-2d47d273ad34",
                "title": "Run Netshot",
                "resources": [
                    "netshot_domains",
                    "netshot_targets"
                ],
                "__triggerLimit": true,
                "inputVariables": [],
                "step_variables": {
                    "input": {
                        "params": [],
                        "records": "{{vars.input.records}}"
                    }
                },
                "triggerOnSource": true,
                "displayConditions": {
                    "netshot_domains": {
                        "sort": [],
                        "limit": 30,
                        "logic": "AND",
                        "filters": []
                    },
                    "netshot_targets": {
                        "sort": [],
                        "limit": 30,
                        "logic": "AND",
                        "filters": []
                    }
                },
                "executeButtonText": "Execute",
                "noRecordExecution": false,
                "showToasterMessage": {
                    "visible": false,
                    "messageVisible": true
                },
                "triggerOnReplicate": false,
                "singleRecordExecution": true
            },
            "status": null,
            "top": "60",
            "left": "40",
            "stepType": "\/api\/3\/workflow_step_types\/f414d039-bb0d-4e59-9c39-a8f1e880b18a",
            "group": "\/api\/3\/workflow_groups\/b74054b6-cc14-45a9-ae73-fd889678716a",
            "uuid": "b863d47d-665b-46c6-9835-d0371de8c9fe"
        },
        {
            "@type": "WorkflowStep",
            "name": "unknown netshot type",
            "description": null,
            "arguments": [],
            "status": null,
            "top": "60",
            "left": "960",
            "stepType": "\/api\/3\/workflow_step_types\/04d0cf46-b6a8-42c4-8683-60a7eaa69e8f",
            "group": "\/api\/3\/workflow_groups\/b74054b6-cc14-45a9-ae73-fd889678716a",
            "uuid": "1f4de2e3-a691-4704-86d6-45a4b1d825f9"
        }
    ],
    "routes": [
        {
            "@type": "WorkflowRoute",
            "name": "clear targets -> import profiles from domain",
            "targetStep": "\/api\/3\/workflow_steps\/068cd2ef-6856-4eef-ae84-277791557850",
            "sourceStep": "\/api\/3\/workflow_steps\/348c26c4-175f-4955-92c2-76b8612ed9dc",
            "label": null,
            "isExecuted": false,
            "group": null,
            "uuid": "95739c2a-16ab-4ca1-8ab7-452e3d054911"
        },
        {
            "@type": "WorkflowRoute",
            "name": "create domain -> find targets for domain",
            "targetStep": "\/api\/3\/workflow_steps\/aaa87bed-f976-45c4-99f5-d0e56a353994",
            "sourceStep": "\/api\/3\/workflow_steps\/b00bd63a-5dba-417e-8b1e-5e21ee641b28",
            "label": null,
            "isExecuted": false,
            "group": null,
            "uuid": "31c39cc5-2c4a-492a-ab08-429a5897271c"
        },
        {
            "@type": "WorkflowRoute",
            "name": "create domain targets -> create targets var",
            "targetStep": "\/api\/3\/workflow_steps\/43ce878c-e5bf-442d-9e5e-c7ce6ad4ded6",
            "sourceStep": "\/api\/3\/workflow_steps\/d453c4e3-2561-4859-8199-293a4f1508cb",
            "label": null,
            "isExecuted": false,
            "group": null,
            "uuid": "0208afe9-3161-4aaa-953b-5ce8fe6962bd"
        },
        {
            "@type": "WorkflowRoute",
            "name": "create target -> create targets var",
            "targetStep": "\/api\/3\/workflow_steps\/43ce878c-e5bf-442d-9e5e-c7ce6ad4ded6",
            "sourceStep": "\/api\/3\/workflow_steps\/daa0749c-2186-4c47-adda-e4ecfd633c54",
            "label": null,
            "isExecuted": false,
            "group": null,
            "uuid": "4d3f37e6-3871-4843-b550-b3debf2b377d"
        },
        {
            "@type": "WorkflowRoute",
            "name": "create targets idx -> clear targets",
            "targetStep": "\/api\/3\/workflow_steps\/348c26c4-175f-4955-92c2-76b8612ed9dc",
            "sourceStep": "\/api\/3\/workflow_steps\/43ce878c-e5bf-442d-9e5e-c7ce6ad4ded6",
            "label": null,
            "isExecuted": false,
            "group": null,
            "uuid": "1f99b189-4ae2-49af-9634-790d8d63e265"
        },
        {
            "@type": "WorkflowRoute",
            "name": "find targets for domain -> create domain targets",
            "targetStep": "\/api\/3\/workflow_steps\/d453c4e3-2561-4859-8199-293a4f1508cb",
            "sourceStep": "\/api\/3\/workflow_steps\/aaa87bed-f976-45c4-99f5-d0e56a353994",
            "label": null,
            "isExecuted": false,
            "group": null,
            "uuid": "1e6887c5-d58c-4447-98a3-6d2e8ed2ec2e"
        },
        {
            "@type": "WorkflowRoute",
            "name": "import profiles from domain -> run linked profiles",
            "targetStep": "\/api\/3\/workflow_steps\/7b489fe9-9f36-400b-890e-98c77c7613f2",
            "sourceStep": "\/api\/3\/workflow_steps\/068cd2ef-6856-4eef-ae84-277791557850",
            "label": null,
            "isExecuted": false,
            "group": null,
            "uuid": "10a7571c-466e-4b16-b085-25f26c6238d2"
        },
        {
            "@type": "WorkflowRoute",
            "name": "netshot type -> create domain env",
            "targetStep": "\/api\/3\/workflow_steps\/b00bd63a-5dba-417e-8b1e-5e21ee641b28",
            "sourceStep": "\/api\/3\/workflow_steps\/cd0ff196-f044-4c78-b068-81fa707eeaba",
            "label": "Domain",
            "isExecuted": false,
            "group": null,
            "uuid": "c6c328e3-a4b0-4e9f-ae29-2aab07fbfbb0"
        },
        {
            "@type": "WorkflowRoute",
            "name": "netshot type -> create target",
            "targetStep": "\/api\/3\/workflow_steps\/daa0749c-2186-4c47-adda-e4ecfd633c54",
            "sourceStep": "\/api\/3\/workflow_steps\/cd0ff196-f044-4c78-b068-81fa707eeaba",
            "label": "Target",
            "isExecuted": false,
            "group": null,
            "uuid": "1ca4ce15-d0b8-49cd-84fc-0f9a3407fbcd"
        },
        {
            "@type": "WorkflowRoute",
            "name": "netshot type -> unknown",
            "targetStep": "\/api\/3\/workflow_steps\/1f4de2e3-a691-4704-86d6-45a4b1d825f9",
            "sourceStep": "\/api\/3\/workflow_steps\/cd0ff196-f044-4c78-b068-81fa707eeaba",
            "label": null,
            "isExecuted": false,
            "group": null,
            "uuid": "1c4a6659-9220-4bdd-ab52-66f26c0ffe99"
        },
        {
            "@type": "WorkflowRoute",
            "name": "setup env -> netshot type",
            "targetStep": "\/api\/3\/workflow_steps\/cd0ff196-f044-4c78-b068-81fa707eeaba",
            "sourceStep": "\/api\/3\/workflow_steps\/0ee055cc-b6ec-4382-8ead-19a9460a6408",
            "label": null,
            "isExecuted": false,
            "group": null,
            "uuid": "a3237aba-9d10-466c-8baa-bad023c024ae"
        },
        {
            "@type": "WorkflowRoute",
            "name": "Start -> setup env",
            "targetStep": "\/api\/3\/workflow_steps\/0ee055cc-b6ec-4382-8ead-19a9460a6408",
            "sourceStep": "\/api\/3\/workflow_steps\/b863d47d-665b-46c6-9835-d0371de8c9fe",
            "label": null,
            "isExecuted": false,
            "group": null,
            "uuid": "87c8473d-0586-4490-ac9b-2f3bb91bb477"
        }
    ],
    "groups": [
        {
            "@type": "WorkflowGroup",
            "name": "Details",
            "description": "Create variable target_ids for a single target or a domain.",
            "type": "note",
            "isCollapsed": false,
            "hasTriggerStep": false,
            "hideInLogs": false,
            "metadata": [],
            "reusable": false,
            "top": "180",
            "left": "140",
            "height": "75",
            "width": "461",
            "uuid": "f963b364-d18e-4d20-a1b5-a8949a311379",
            "recordTags": []
        },
        {
            "@type": "WorkflowGroup",
            "name": "Domain or Target Button",
            "description": "A button for a Domain or Target Record",
            "type": "block",
            "isCollapsed": false,
            "hasTriggerStep": false,
            "hideInLogs": false,
            "metadata": [],
            "reusable": false,
            "top": "20",
            "left": "40",
            "height": "437",
            "width": "1288",
            "uuid": "b74054b6-cc14-45a9-ae73-fd889678716a",
            "recordTags": []
        },
        {
            "@type": "WorkflowGroup",
            "name": "Playbook Logic",
            "description": "- Clear existing target linked profiles and reset latest record flags\n- Import profiles linked to domain to the target\n- Run linked profiles on the target",
            "type": "note",
            "isCollapsed": false,
            "hasTriggerStep": false,
            "hideInLogs": false,
            "metadata": [],
            "reusable": false,
            "top": "480",
            "left": "660",
            "height": "119",
            "width": "491",
            "uuid": "3ffb3aa5-bddc-4426-9fd7-740caa2a827f",
            "recordTags": []
        }
    ],
    "priority": "\/api\/3\/picklists\/2b563c61-ae2c-41c0-a85a-c9709585e3f2",
    "playbookOrigin": "\/api\/3\/picklists\/b6d710a9-a8ec-41ec-8817-fe9fa062fcdd",
    "isEditable": true,
    "uuid": "5ba29c1d-f2cd-468e-8e2e-bab42d68bb2c",
    "owners": [],
    "isPrivate": false,
    "deletedAt": null,
    "recordTags": []
}