{
    "@type": "Workflow",
    "triggerLimit": null,
    "name": "Domain Targets - Purge All Netshot Data Records",
    "aliasName": null,
    "tag": null,
    "description": "Find and delete all associated data records.",
    "isActive": true,
    "debug": false,
    "singleRecordExecution": false,
    "remoteExecutableFlag": false,
    "parameters": [],
    "synchronous": false,
    "collection": "\/api\/3\/workflow_collections\/678ed3a6-ac0a-42a6-b96a-20fa792566b2",
    "versions": [],
    "triggerStep": "\/api\/3\/workflow_steps\/f285d279-8322-4d2e-84fd-c5f50f256853",
    "steps": [
        {
            "@type": "WorkflowStep",
            "name": "create domain",
            "description": null,
            "arguments": {
                "domain_record_id": "{{vars.input.records[0].id}}",
                "domain_record_fqid": "{{vars.input.records[0]['@id']}}"
            },
            "status": null,
            "top": "216",
            "left": "651",
            "stepType": "\/api\/3\/workflow_step_types\/04d0cf46-b6a8-42c4-8683-60a7eaa69e8f",
            "group": "\/api\/3\/workflow_groups\/de2050e4-84f9-4850-83a6-7bb6a1b14337",
            "uuid": "86edef29-7832-48c3-80b6-abaaefea841e"
        },
        {
            "@type": "WorkflowStep",
            "name": "create domain targets",
            "description": null,
            "arguments": {
                "target_ids": "{{vars.steps.find_targets_for_domain|json_query('[].id')}}"
            },
            "status": null,
            "top": "260",
            "left": "960",
            "stepType": "\/api\/3\/workflow_step_types\/04d0cf46-b6a8-42c4-8683-60a7eaa69e8f",
            "group": "\/api\/3\/workflow_groups\/de2050e4-84f9-4850-83a6-7bb6a1b14337",
            "uuid": "54848701-c53b-4acd-a770-f5dfa00fcdc2"
        },
        {
            "@type": "WorkflowStep",
            "name": "create target",
            "description": null,
            "arguments": {
                "target_ids": "[{{vars.input.records[0].id}}]"
            },
            "status": null,
            "top": "260",
            "left": "320",
            "stepType": "\/api\/3\/workflow_step_types\/04d0cf46-b6a8-42c4-8683-60a7eaa69e8f",
            "group": "\/api\/3\/workflow_groups\/de2050e4-84f9-4850-83a6-7bb6a1b14337",
            "uuid": "6ad895d5-120f-47ee-872f-6edf7fb7318e"
        },
        {
            "@type": "WorkflowStep",
            "name": "final target_ids",
            "description": null,
            "arguments": {
                "target_ids": "{{vars.target_ids}}",
                "target_idx": "{%- if vars.netshot_type == 'NetshotDomain' -%}\n{{vars.steps.find_targets_for_domain}}\n{%- else -%}\n{{vars.input.records}}\n{%- endif -%}"
            },
            "status": null,
            "top": "340",
            "left": "640",
            "stepType": "\/api\/3\/workflow_step_types\/04d0cf46-b6a8-42c4-8683-60a7eaa69e8f",
            "group": "\/api\/3\/workflow_groups\/de2050e4-84f9-4850-83a6-7bb6a1b14337",
            "uuid": "9d72eb53-032b-4001-be81-9e8d95696e47"
        },
        {
            "@type": "WorkflowStep",
            "name": "find targets for domain",
            "description": null,
            "arguments": {
                "query": {
                    "sort": [],
                    "limit": 30,
                    "logic": "AND",
                    "filters": [
                        {
                            "type": "object",
                            "field": "netshotDomains",
                            "value": "{{vars.domain_record_fqid}}",
                            "_value": {
                                "@id": "{{vars.domain_record_fqid}}",
                                "display": "",
                                "itemValue": ""
                            },
                            "operator": "eq"
                        }
                    ],
                    "__selectFields": [
                        "id",
                        "deviceIP",
                        "deviceUsername",
                        "devicePassword"
                    ]
                },
                "module": "netshot_targets?$limit=5000",
                "checkboxFields": true,
                "step_variables": []
            },
            "status": null,
            "top": "140",
            "left": "960",
            "stepType": "\/api\/3\/workflow_step_types\/b593663d-7d13-40ce-a3a3-96dece928770",
            "group": "\/api\/3\/workflow_groups\/de2050e4-84f9-4850-83a6-7bb6a1b14337",
            "uuid": "c01854d4-791f-4e66-b199-b94a917a0bc5"
        },
        {
            "@type": "WorkflowStep",
            "name": "netshot type",
            "description": null,
            "arguments": {
                "conditions": [
                    {
                        "default": true,
                        "step_iri": "\/api\/3\/workflow_steps\/41e905ae-980f-4eef-8624-3e220e88f9ca",
                        "step_name": "unknown netshot type"
                    },
                    {
                        "option": "Domain",
                        "step_iri": "\/api\/3\/workflow_steps\/86edef29-7832-48c3-80b6-abaaefea841e",
                        "condition": "{{ \"domain\" in vars.netshot_type|lower }}",
                        "step_name": "create domain"
                    },
                    {
                        "option": "Target",
                        "step_iri": "\/api\/3\/workflow_steps\/6ad895d5-120f-47ee-872f-6edf7fb7318e",
                        "condition": "{{ \"target\" in vars.netshot_type|lower }}",
                        "step_name": "create target"
                    }
                ],
                "step_variables": []
            },
            "status": null,
            "top": "96",
            "left": "651",
            "stepType": "\/api\/3\/workflow_step_types\/12254cf5-5db7-4b1a-8cb1-3af081924b28",
            "group": "\/api\/3\/workflow_groups\/de2050e4-84f9-4850-83a6-7bb6a1b14337",
            "uuid": "99b3848b-0545-4396-9576-a97699bb172c"
        },
        {
            "@type": "WorkflowStep",
            "name": "purge target records",
            "description": null,
            "arguments": {
                "for_each": {
                    "item": "{{vars.target_ids}}",
                    "__bulk": false,
                    "parallel": true,
                    "condition": ""
                },
                "arguments": {
                    "target_record_id": "{{vars.item}}"
                },
                "apply_async": false,
                "step_variables": [],
                "pass_parent_env": false,
                "pass_input_record": false,
                "workflowReference": "\/api\/3\/workflows\/a52bd803-2b15-49c7-b507-4d2684cc9bf4"
            },
            "status": null,
            "top": "520",
            "left": "680",
            "stepType": "\/api\/3\/workflow_step_types\/74932bdc-b8b6-4d24-88c4-1a4dfbc524f3",
            "group": null,
            "uuid": "b191bbc2-c9cb-44a1-b5ff-30b857121532"
        },
        {
            "@type": "WorkflowStep",
            "name": "setup env",
            "description": null,
            "arguments": {
                "netshot_type": "{{vars.input.records[0]['@type']}}"
            },
            "status": null,
            "top": "56",
            "left": "331",
            "stepType": "\/api\/3\/workflow_step_types\/04d0cf46-b6a8-42c4-8683-60a7eaa69e8f",
            "group": "\/api\/3\/workflow_groups\/de2050e4-84f9-4850-83a6-7bb6a1b14337",
            "uuid": "07e65040-7e42-4547-8918-5c43631dd8b6"
        },
        {
            "@type": "WorkflowStep",
            "name": "Start",
            "description": "Purge Netshot Target Outputs and Output Reports.",
            "arguments": {
                "route": "af6ca5fe-595c-4e80-98dd-dbf24f0d51da",
                "title": "Purge All Data Records",
                "resources": [
                    "netshot_domains",
                    "netshot_targets"
                ],
                "__triggerLimit": true,
                "inputVariables": [],
                "step_variables": {
                    "input": {
                        "params": [],
                        "records": "{{vars.input.records}}"
                    }
                },
                "triggerOnSource": true,
                "displayConditions": {
                    "netshot_domains": {
                        "sort": [],
                        "limit": 30,
                        "logic": "AND",
                        "filters": []
                    },
                    "netshot_targets": {
                        "sort": [],
                        "limit": 30,
                        "logic": "AND",
                        "filters": []
                    }
                },
                "executeButtonText": "Execute",
                "noRecordExecution": false,
                "showToasterMessage": {
                    "visible": false,
                    "messageVisible": true
                },
                "triggerOnReplicate": false,
                "singleRecordExecution": true
            },
            "status": null,
            "top": "56",
            "left": "31",
            "stepType": "\/api\/3\/workflow_step_types\/f414d039-bb0d-4e59-9c39-a8f1e880b18a",
            "group": "\/api\/3\/workflow_groups\/de2050e4-84f9-4850-83a6-7bb6a1b14337",
            "uuid": "f285d279-8322-4d2e-84fd-c5f50f256853"
        },
        {
            "@type": "WorkflowStep",
            "name": "unknown netshot type",
            "description": null,
            "arguments": [],
            "status": null,
            "top": "60",
            "left": "960",
            "stepType": "\/api\/3\/workflow_step_types\/04d0cf46-b6a8-42c4-8683-60a7eaa69e8f",
            "group": "\/api\/3\/workflow_groups\/de2050e4-84f9-4850-83a6-7bb6a1b14337",
            "uuid": "41e905ae-980f-4eef-8624-3e220e88f9ca"
        }
    ],
    "routes": [
        {
            "@type": "WorkflowRoute",
            "name": "create domain -> find targets for domain",
            "targetStep": "\/api\/3\/workflow_steps\/c01854d4-791f-4e66-b199-b94a917a0bc5",
            "sourceStep": "\/api\/3\/workflow_steps\/86edef29-7832-48c3-80b6-abaaefea841e",
            "label": null,
            "isExecuted": false,
            "group": null,
            "uuid": "044256cd-7b42-4d6a-9553-892db509c99c"
        },
        {
            "@type": "WorkflowRoute",
            "name": "create domain targets -> create target_ids",
            "targetStep": "\/api\/3\/workflow_steps\/9d72eb53-032b-4001-be81-9e8d95696e47",
            "sourceStep": "\/api\/3\/workflow_steps\/54848701-c53b-4acd-a770-f5dfa00fcdc2",
            "label": null,
            "isExecuted": false,
            "group": null,
            "uuid": "215ff033-fc37-4f8c-921c-55f66263facb"
        },
        {
            "@type": "WorkflowRoute",
            "name": "create target -> create target_ids",
            "targetStep": "\/api\/3\/workflow_steps\/9d72eb53-032b-4001-be81-9e8d95696e47",
            "sourceStep": "\/api\/3\/workflow_steps\/6ad895d5-120f-47ee-872f-6edf7fb7318e",
            "label": null,
            "isExecuted": false,
            "group": null,
            "uuid": "e0c458aa-8f37-469a-aba6-e56582b635be"
        },
        {
            "@type": "WorkflowRoute",
            "name": "final target_ids -> purge target records",
            "targetStep": "\/api\/3\/workflow_steps\/b191bbc2-c9cb-44a1-b5ff-30b857121532",
            "sourceStep": "\/api\/3\/workflow_steps\/9d72eb53-032b-4001-be81-9e8d95696e47",
            "label": null,
            "isExecuted": false,
            "group": null,
            "uuid": "4ddfa5fb-a451-4e04-abab-902a4ac5ac8b"
        },
        {
            "@type": "WorkflowRoute",
            "name": "find targets for domain -> create domain targets",
            "targetStep": "\/api\/3\/workflow_steps\/54848701-c53b-4acd-a770-f5dfa00fcdc2",
            "sourceStep": "\/api\/3\/workflow_steps\/c01854d4-791f-4e66-b199-b94a917a0bc5",
            "label": null,
            "isExecuted": false,
            "group": null,
            "uuid": "06e10e0d-d3b9-4365-9754-1663dc504c68"
        },
        {
            "@type": "WorkflowRoute",
            "name": "netshot type -> create domain env",
            "targetStep": "\/api\/3\/workflow_steps\/86edef29-7832-48c3-80b6-abaaefea841e",
            "sourceStep": "\/api\/3\/workflow_steps\/99b3848b-0545-4396-9576-a97699bb172c",
            "label": "Domain",
            "isExecuted": false,
            "group": null,
            "uuid": "4f67c89f-0ce7-4fdc-982c-200fec6be925"
        },
        {
            "@type": "WorkflowRoute",
            "name": "netshot type -> create target",
            "targetStep": "\/api\/3\/workflow_steps\/6ad895d5-120f-47ee-872f-6edf7fb7318e",
            "sourceStep": "\/api\/3\/workflow_steps\/99b3848b-0545-4396-9576-a97699bb172c",
            "label": "Target",
            "isExecuted": false,
            "group": null,
            "uuid": "b9a1b1df-023d-4b53-9d39-4e02badc390c"
        },
        {
            "@type": "WorkflowRoute",
            "name": "netshot type -> unknown",
            "targetStep": "\/api\/3\/workflow_steps\/41e905ae-980f-4eef-8624-3e220e88f9ca",
            "sourceStep": "\/api\/3\/workflow_steps\/99b3848b-0545-4396-9576-a97699bb172c",
            "label": null,
            "isExecuted": false,
            "group": null,
            "uuid": "8d3014ca-78c0-4c13-9c97-db771e97e4eb"
        },
        {
            "@type": "WorkflowRoute",
            "name": "setup env -> netshot type",
            "targetStep": "\/api\/3\/workflow_steps\/99b3848b-0545-4396-9576-a97699bb172c",
            "sourceStep": "\/api\/3\/workflow_steps\/07e65040-7e42-4547-8918-5c43631dd8b6",
            "label": null,
            "isExecuted": false,
            "group": null,
            "uuid": "bb5cc7db-fb88-4ab7-9194-9644ed09c005"
        },
        {
            "@type": "WorkflowRoute",
            "name": "Start -> setup env",
            "targetStep": "\/api\/3\/workflow_steps\/07e65040-7e42-4547-8918-5c43631dd8b6",
            "sourceStep": "\/api\/3\/workflow_steps\/f285d279-8322-4d2e-84fd-c5f50f256853",
            "label": null,
            "isExecuted": false,
            "group": null,
            "uuid": "e14ec9da-82aa-4a1c-822d-bc476976996e"
        }
    ],
    "groups": [
        {
            "@type": "WorkflowGroup",
            "name": "Details",
            "description": "Create variable target_ids and target_idx for a single target or a domain to process.",
            "type": "note",
            "isCollapsed": false,
            "hasTriggerStep": false,
            "hideInLogs": false,
            "metadata": [],
            "reusable": false,
            "top": "160",
            "left": "120",
            "height": "96",
            "width": "481",
            "uuid": "9a64c5c2-f73f-4aea-9de9-73a7a722371e",
            "recordTags": []
        },
        {
            "@type": "WorkflowGroup",
            "name": "Domain or Target Button",
            "description": "A button for a Domain or Target Record",
            "type": "block",
            "isCollapsed": false,
            "hasTriggerStep": false,
            "hideInLogs": false,
            "metadata": [],
            "reusable": false,
            "top": "20",
            "left": "40",
            "height": "437",
            "width": "1288",
            "uuid": "de2050e4-84f9-4850-83a6-7bb6a1b14337",
            "recordTags": []
        }
    ],
    "priority": "\/api\/3\/picklists\/2b563c61-ae2c-41c0-a85a-c9709585e3f2",
    "playbookOrigin": "\/api\/3\/picklists\/b6d710a9-a8ec-41ec-8817-fe9fa062fcdd",
    "isEditable": true,
    "uuid": "704109cc-6152-4966-9e21-6545b4e1cbf9",
    "owners": [],
    "isPrivate": false,
    "deletedAt": null,
    "recordTags": []
}