{
    "@type": "Workflow",
    "triggerLimit": null,
    "name": "Domain Targets - Import Profiles from Domain to Target",
    "aliasName": null,
    "tag": null,
    "description": null,
    "isActive": true,
    "debug": false,
    "singleRecordExecution": false,
    "remoteExecutableFlag": false,
    "parameters": [],
    "synchronous": false,
    "collection": "\/api\/3\/workflow_collections\/678ed3a6-ac0a-42a6-b96a-20fa792566b2",
    "versions": [],
    "triggerStep": "\/api\/3\/workflow_steps\/c1f0a407-be53-4534-a4ad-85e1a8c77b01",
    "steps": [
        {
            "@type": "WorkflowStep",
            "name": "create domain",
            "description": null,
            "arguments": {
                "domain_record_id": "{{vars.input.records[0].id}}",
                "domain_record_fqid": "{{vars.input.records[0]['@id']}}"
            },
            "status": null,
            "top": "200",
            "left": "660",
            "stepType": "\/api\/3\/workflow_step_types\/04d0cf46-b6a8-42c4-8683-60a7eaa69e8f",
            "group": null,
            "uuid": "0211d86f-bc20-45a8-b657-281c058ce0b7"
        },
        {
            "@type": "WorkflowStep",
            "name": "create domain targets",
            "description": null,
            "arguments": {
                "target_ids": "{{vars.steps.find_targets_for_domain|json_query('[].id')}}"
            },
            "status": null,
            "top": "300",
            "left": "980",
            "stepType": "\/api\/3\/workflow_step_types\/04d0cf46-b6a8-42c4-8683-60a7eaa69e8f",
            "group": null,
            "uuid": "9b71606c-f44c-408e-a93d-f376caf3ed1d"
        },
        {
            "@type": "WorkflowStep",
            "name": "create target",
            "description": null,
            "arguments": {
                "target_ids": "[{{vars.input.records[0].id}}]"
            },
            "status": null,
            "top": "320",
            "left": "440",
            "stepType": "\/api\/3\/workflow_step_types\/04d0cf46-b6a8-42c4-8683-60a7eaa69e8f",
            "group": null,
            "uuid": "6d9540ee-eab0-4d49-ba13-127aa3fec861"
        },
        {
            "@type": "WorkflowStep",
            "name": "find targets for domain",
            "description": null,
            "arguments": {
                "query": {
                    "sort": [],
                    "limit": 30,
                    "logic": "AND",
                    "filters": [
                        {
                            "type": "object",
                            "field": "netshotDomains",
                            "value": "{{vars.domain_record_fqid}}",
                            "_value": {
                                "@id": "{{vars.domain_record_fqid}}",
                                "display": "",
                                "itemValue": ""
                            },
                            "operator": "eq"
                        }
                    ],
                    "__selectFields": [
                        "id",
                        "deviceIP",
                        "deviceUsername",
                        "devicePassword"
                    ]
                },
                "module": "netshot_targets?$limit=5000",
                "checkboxFields": true,
                "step_variables": []
            },
            "status": null,
            "top": "200",
            "left": "980",
            "stepType": "\/api\/3\/workflow_step_types\/b593663d-7d13-40ce-a3a3-96dece928770",
            "group": null,
            "uuid": "da25d989-9806-4b5c-8ba6-e3f366c6459c"
        },
        {
            "@type": "WorkflowStep",
            "name": "import profiles",
            "description": null,
            "arguments": {
                "for_each": {
                    "item": "{{vars.target_ids}}",
                    "parallel": false,
                    "condition": ""
                },
                "arguments": {
                    "target_record_id": "{{vars.item}}"
                },
                "apply_async": false,
                "step_variables": [],
                "pass_parent_env": false,
                "pass_input_record": false,
                "workflowReference": "\/api\/3\/workflows\/312c9af0-5333-46d4-b4c6-d23e7ef79155"
            },
            "status": null,
            "top": "520",
            "left": "600",
            "stepType": "\/api\/3\/workflow_step_types\/74932bdc-b8b6-4d24-88c4-1a4dfbc524f3",
            "group": null,
            "uuid": "60b33481-2ae6-45bb-95bd-a19186ea6269"
        },
        {
            "@type": "WorkflowStep",
            "name": "netshot type",
            "description": null,
            "arguments": {
                "conditions": [
                    {
                        "default": true,
                        "step_iri": "\/api\/3\/workflow_steps\/8421b317-eb61-42c8-9393-1e1659a7c672",
                        "step_name": "unknown"
                    },
                    {
                        "step_iri": "\/api\/3\/workflow_steps\/0211d86f-bc20-45a8-b657-281c058ce0b7",
                        "condition": "{{ \"domain\" in vars.netshot_type|lower }}",
                        "step_name": "create domain"
                    },
                    {
                        "step_iri": "\/api\/3\/workflow_steps\/6d9540ee-eab0-4d49-ba13-127aa3fec861",
                        "condition": "{{ \"target\" in vars.netshot_type|lower }}",
                        "step_name": "create target"
                    }
                ],
                "step_variables": []
            },
            "status": null,
            "top": "140",
            "left": "360",
            "stepType": "\/api\/3\/workflow_step_types\/12254cf5-5db7-4b1a-8cb1-3af081924b28",
            "group": null,
            "uuid": "1dbe98b9-1f34-4b5b-a12e-71932e0046df"
        },
        {
            "@type": "WorkflowStep",
            "name": "setup env",
            "description": null,
            "arguments": {
                "netshot_type": "{{vars.input.records[0]['@type']}}"
            },
            "status": null,
            "top": "40",
            "left": "360",
            "stepType": "\/api\/3\/workflow_step_types\/04d0cf46-b6a8-42c4-8683-60a7eaa69e8f",
            "group": null,
            "uuid": "fd26ac49-6627-4c1c-94a1-66ffb067453b"
        },
        {
            "@type": "WorkflowStep",
            "name": "Start",
            "description": null,
            "arguments": {
                "route": "6f3aced8-6e2b-4114-b6ad-d66ac4e1ca9c",
                "title": "Import Profiles from Domain to Target",
                "resources": [
                    "netshot_targets",
                    "netshot_domains"
                ],
                "__triggerLimit": true,
                "inputVariables": [],
                "step_variables": {
                    "input": {
                        "params": [],
                        "records": "{{vars.input.records}}"
                    }
                },
                "triggerOnSource": true,
                "displayConditions": {
                    "netshot_domains": {
                        "sort": [],
                        "limit": 30,
                        "logic": "AND",
                        "filters": []
                    },
                    "netshot_targets": {
                        "sort": [],
                        "limit": 30,
                        "logic": "AND",
                        "filters": []
                    }
                },
                "executeButtonText": "Execute",
                "noRecordExecution": false,
                "showToasterMessage": {
                    "visible": false,
                    "messageVisible": true
                },
                "triggerOnReplicate": false,
                "singleRecordExecution": false
            },
            "status": null,
            "top": "40",
            "left": "40",
            "stepType": "\/api\/3\/workflow_step_types\/f414d039-bb0d-4e59-9c39-a8f1e880b18a",
            "group": null,
            "uuid": "c1f0a407-be53-4534-a4ad-85e1a8c77b01"
        },
        {
            "@type": "WorkflowStep",
            "name": "unknown",
            "description": null,
            "arguments": [],
            "status": null,
            "top": "20",
            "left": "660",
            "stepType": "\/api\/3\/workflow_step_types\/04d0cf46-b6a8-42c4-8683-60a7eaa69e8f",
            "group": null,
            "uuid": "8421b317-eb61-42c8-9393-1e1659a7c672"
        }
    ],
    "routes": [
        {
            "@type": "WorkflowRoute",
            "name": "create domain -> find targets for domain",
            "targetStep": "\/api\/3\/workflow_steps\/da25d989-9806-4b5c-8ba6-e3f366c6459c",
            "sourceStep": "\/api\/3\/workflow_steps\/0211d86f-bc20-45a8-b657-281c058ce0b7",
            "label": null,
            "isExecuted": false,
            "group": null,
            "uuid": "a7f4ab7c-06ec-4b45-81ae-fd79b835d3e0"
        },
        {
            "@type": "WorkflowRoute",
            "name": "create domain targets -> import profiles",
            "targetStep": "\/api\/3\/workflow_steps\/60b33481-2ae6-45bb-95bd-a19186ea6269",
            "sourceStep": "\/api\/3\/workflow_steps\/9b71606c-f44c-408e-a93d-f376caf3ed1d",
            "label": null,
            "isExecuted": false,
            "group": null,
            "uuid": "c94a2109-da7a-4b6a-98ce-ce2f52ef92ec"
        },
        {
            "@type": "WorkflowRoute",
            "name": "create target -> import profiles",
            "targetStep": "\/api\/3\/workflow_steps\/60b33481-2ae6-45bb-95bd-a19186ea6269",
            "sourceStep": "\/api\/3\/workflow_steps\/6d9540ee-eab0-4d49-ba13-127aa3fec861",
            "label": null,
            "isExecuted": false,
            "group": null,
            "uuid": "96d4540d-e8ec-437c-8528-8013b683c8b4"
        },
        {
            "@type": "WorkflowRoute",
            "name": "find targets for domain -> create domain targets",
            "targetStep": "\/api\/3\/workflow_steps\/9b71606c-f44c-408e-a93d-f376caf3ed1d",
            "sourceStep": "\/api\/3\/workflow_steps\/da25d989-9806-4b5c-8ba6-e3f366c6459c",
            "label": null,
            "isExecuted": false,
            "group": null,
            "uuid": "1e2b081e-ea53-4d7c-b69b-dad93b7e8fb8"
        },
        {
            "@type": "WorkflowRoute",
            "name": "netshot type -> create domain",
            "targetStep": "\/api\/3\/workflow_steps\/0211d86f-bc20-45a8-b657-281c058ce0b7",
            "sourceStep": "\/api\/3\/workflow_steps\/1dbe98b9-1f34-4b5b-a12e-71932e0046df",
            "label": null,
            "isExecuted": false,
            "group": null,
            "uuid": "f5b024f5-f579-4bdd-b1df-a8b1a85552b8"
        },
        {
            "@type": "WorkflowRoute",
            "name": "netshot type -> create target",
            "targetStep": "\/api\/3\/workflow_steps\/6d9540ee-eab0-4d49-ba13-127aa3fec861",
            "sourceStep": "\/api\/3\/workflow_steps\/1dbe98b9-1f34-4b5b-a12e-71932e0046df",
            "label": null,
            "isExecuted": false,
            "group": null,
            "uuid": "7dab7d71-0252-4c9d-b86a-f0f00d5bf8ea"
        },
        {
            "@type": "WorkflowRoute",
            "name": "netshot type -> unknown",
            "targetStep": "\/api\/3\/workflow_steps\/8421b317-eb61-42c8-9393-1e1659a7c672",
            "sourceStep": "\/api\/3\/workflow_steps\/1dbe98b9-1f34-4b5b-a12e-71932e0046df",
            "label": null,
            "isExecuted": false,
            "group": null,
            "uuid": "2957b30c-cee7-4b99-b2dd-a80c4f9f5332"
        },
        {
            "@type": "WorkflowRoute",
            "name": "setup env -> netshot type",
            "targetStep": "\/api\/3\/workflow_steps\/1dbe98b9-1f34-4b5b-a12e-71932e0046df",
            "sourceStep": "\/api\/3\/workflow_steps\/fd26ac49-6627-4c1c-94a1-66ffb067453b",
            "label": null,
            "isExecuted": false,
            "group": null,
            "uuid": "63d2b473-e72f-4686-8359-3574aba641a4"
        },
        {
            "@type": "WorkflowRoute",
            "name": "Start -> setup env",
            "targetStep": "\/api\/3\/workflow_steps\/fd26ac49-6627-4c1c-94a1-66ffb067453b",
            "sourceStep": "\/api\/3\/workflow_steps\/c1f0a407-be53-4534-a4ad-85e1a8c77b01",
            "label": null,
            "isExecuted": false,
            "group": null,
            "uuid": "17599ad5-90a8-40fd-8d96-4f6fa5094040"
        }
    ],
    "groups": [],
    "priority": "\/api\/3\/picklists\/2b563c61-ae2c-41c0-a85a-c9709585e3f2",
    "playbookOrigin": "\/api\/3\/picklists\/b6d710a9-a8ec-41ec-8817-fe9fa062fcdd",
    "isEditable": true,
    "uuid": "c3976749-6dfa-4170-a2cc-760f3a9163d5",
    "owners": [],
    "isPrivate": false,
    "deletedAt": null,
    "recordTags": []
}