{
    "@type": "Workflow",
    "triggerLimit": null,
    "name": "Domain Targets - Unlink All Netshot Profile Records",
    "aliasName": null,
    "tag": null,
    "description": "Find and unlink all associated profile records.",
    "isActive": true,
    "debug": false,
    "singleRecordExecution": false,
    "remoteExecutableFlag": false,
    "parameters": [],
    "synchronous": false,
    "collection": "\/api\/3\/workflow_collections\/678ed3a6-ac0a-42a6-b96a-20fa792566b2",
    "versions": [],
    "triggerStep": "\/api\/3\/workflow_steps\/d53799b8-0d14-4ef6-8d01-3dc95f481210",
    "steps": [
        {
            "@type": "WorkflowStep",
            "name": "create domain",
            "description": null,
            "arguments": {
                "domain_record_id": "{{vars.input.records[0].id}}",
                "domain_record_fqid": "{{vars.input.records[0]['@id']}}"
            },
            "status": null,
            "top": "216",
            "left": "651",
            "stepType": "\/api\/3\/workflow_step_types\/04d0cf46-b6a8-42c4-8683-60a7eaa69e8f",
            "group": "\/api\/3\/workflow_groups\/774dea53-5cf7-49f2-9cbd-c2443c5c89a8",
            "uuid": "b14bab34-21c5-4b0c-b302-ce41fbbd23b3"
        },
        {
            "@type": "WorkflowStep",
            "name": "create domain targets",
            "description": null,
            "arguments": {
                "target_ids": "{{vars.steps.find_targets_for_domain|json_query('[].id')}}"
            },
            "status": null,
            "top": "260",
            "left": "960",
            "stepType": "\/api\/3\/workflow_step_types\/04d0cf46-b6a8-42c4-8683-60a7eaa69e8f",
            "group": "\/api\/3\/workflow_groups\/774dea53-5cf7-49f2-9cbd-c2443c5c89a8",
            "uuid": "4768c5d6-6ce4-4953-94a4-0bcf9fef6a4c"
        },
        {
            "@type": "WorkflowStep",
            "name": "create target",
            "description": null,
            "arguments": {
                "target_ids": "[{{vars.input.records[0].id}}]"
            },
            "status": null,
            "top": "260",
            "left": "320",
            "stepType": "\/api\/3\/workflow_step_types\/04d0cf46-b6a8-42c4-8683-60a7eaa69e8f",
            "group": "\/api\/3\/workflow_groups\/774dea53-5cf7-49f2-9cbd-c2443c5c89a8",
            "uuid": "fab9107e-6594-4900-85bc-311c81dab25d"
        },
        {
            "@type": "WorkflowStep",
            "name": "final target_ids",
            "description": null,
            "arguments": {
                "target_ids": "{{vars.target_ids}}",
                "target_idx": "{%- if vars.netshot_type == 'NetshotDomain' -%}\n{{vars.steps.find_targets_for_domain}}\n{%- else -%}\n{{vars.input.records}}\n{%- endif -%}"
            },
            "status": null,
            "top": "340",
            "left": "640",
            "stepType": "\/api\/3\/workflow_step_types\/04d0cf46-b6a8-42c4-8683-60a7eaa69e8f",
            "group": "\/api\/3\/workflow_groups\/774dea53-5cf7-49f2-9cbd-c2443c5c89a8",
            "uuid": "cbabada7-3bb2-42e4-aaf0-67367d93eb6c"
        },
        {
            "@type": "WorkflowStep",
            "name": "find targets for domain",
            "description": null,
            "arguments": {
                "query": {
                    "sort": [],
                    "limit": 30,
                    "logic": "AND",
                    "filters": [
                        {
                            "type": "object",
                            "field": "netshotDomains",
                            "value": "{{vars.domain_record_fqid}}",
                            "_value": {
                                "@id": "{{vars.domain_record_fqid}}",
                                "display": "",
                                "itemValue": ""
                            },
                            "operator": "eq"
                        }
                    ],
                    "__selectFields": [
                        "id",
                        "deviceIP",
                        "deviceUsername",
                        "devicePassword"
                    ]
                },
                "module": "netshot_targets?$limit=5000",
                "checkboxFields": true,
                "step_variables": []
            },
            "status": null,
            "top": "140",
            "left": "960",
            "stepType": "\/api\/3\/workflow_step_types\/b593663d-7d13-40ce-a3a3-96dece928770",
            "group": "\/api\/3\/workflow_groups\/774dea53-5cf7-49f2-9cbd-c2443c5c89a8",
            "uuid": "1f3e814a-7e0f-4399-90d4-0ebb8ace6067"
        },
        {
            "@type": "WorkflowStep",
            "name": "netshot type",
            "description": null,
            "arguments": {
                "conditions": [
                    {
                        "default": true,
                        "step_iri": "\/api\/3\/workflow_steps\/3edb1b46-4662-4275-9d20-383d87f8080b",
                        "step_name": "unknown netshot type"
                    },
                    {
                        "option": "Domain",
                        "step_iri": "\/api\/3\/workflow_steps\/b14bab34-21c5-4b0c-b302-ce41fbbd23b3",
                        "condition": "{{ \"domain\" in vars.netshot_type|lower }}",
                        "step_name": "create domain"
                    },
                    {
                        "option": "Target",
                        "step_iri": "\/api\/3\/workflow_steps\/fab9107e-6594-4900-85bc-311c81dab25d",
                        "condition": "{{ \"target\" in vars.netshot_type|lower }}",
                        "step_name": "create target"
                    }
                ],
                "step_variables": []
            },
            "status": null,
            "top": "96",
            "left": "651",
            "stepType": "\/api\/3\/workflow_step_types\/12254cf5-5db7-4b1a-8cb1-3af081924b28",
            "group": "\/api\/3\/workflow_groups\/774dea53-5cf7-49f2-9cbd-c2443c5c89a8",
            "uuid": "8838a598-cf57-4b18-9a1e-21ed111db77d"
        },
        {
            "@type": "WorkflowStep",
            "name": "setup env",
            "description": null,
            "arguments": {
                "netshot_type": "{{vars.input.records[0]['@type']}}"
            },
            "status": null,
            "top": "56",
            "left": "331",
            "stepType": "\/api\/3\/workflow_step_types\/04d0cf46-b6a8-42c4-8683-60a7eaa69e8f",
            "group": "\/api\/3\/workflow_groups\/774dea53-5cf7-49f2-9cbd-c2443c5c89a8",
            "uuid": "bf10a1f0-1dc5-4a03-903f-1c1ba2807e49"
        },
        {
            "@type": "WorkflowStep",
            "name": "Start",
            "description": "Unlink all Netshot Profile records and Reset Status Flags of all Netshot Data records.",
            "arguments": {
                "route": "af6ca5fe-595c-4e80-98dd-dbf24f0d51da",
                "title": "Reset Profiles and Data",
                "resources": [
                    "netshot_domains",
                    "netshot_targets"
                ],
                "__triggerLimit": true,
                "inputVariables": [],
                "step_variables": {
                    "input": {
                        "params": [],
                        "records": "{{vars.input.records}}"
                    }
                },
                "triggerOnSource": true,
                "displayConditions": {
                    "netshot_domains": {
                        "sort": [],
                        "limit": 30,
                        "logic": "AND",
                        "filters": []
                    },
                    "netshot_targets": {
                        "sort": [],
                        "limit": 30,
                        "logic": "AND",
                        "filters": []
                    }
                },
                "executeButtonText": "Execute",
                "noRecordExecution": false,
                "showToasterMessage": {
                    "visible": false,
                    "messageVisible": true
                },
                "triggerOnReplicate": false,
                "singleRecordExecution": true
            },
            "status": null,
            "top": "56",
            "left": "31",
            "stepType": "\/api\/3\/workflow_step_types\/f414d039-bb0d-4e59-9c39-a8f1e880b18a",
            "group": "\/api\/3\/workflow_groups\/774dea53-5cf7-49f2-9cbd-c2443c5c89a8",
            "uuid": "d53799b8-0d14-4ef6-8d01-3dc95f481210"
        },
        {
            "@type": "WorkflowStep",
            "name": "target stats",
            "description": null,
            "arguments": {
                "for_each": {
                    "item": "{{vars.target_ids}}",
                    "parallel": false,
                    "condition": ""
                },
                "arguments": {
                    "target_record_id": "{{vars.item}}"
                },
                "apply_async": false,
                "step_variables": [],
                "pass_parent_env": false,
                "pass_input_record": false,
                "workflowReference": "\/api\/3\/workflows\/c35569ed-7415-499e-85c0-e65010facbc6"
            },
            "status": null,
            "top": "620",
            "left": "680",
            "stepType": "\/api\/3\/workflow_step_types\/74932bdc-b8b6-4d24-88c4-1a4dfbc524f3",
            "group": null,
            "uuid": "413861a0-468f-41d1-b3d1-09cb23b94e88"
        },
        {
            "@type": "WorkflowStep",
            "name": "unknown netshot type",
            "description": null,
            "arguments": [],
            "status": null,
            "top": "60",
            "left": "960",
            "stepType": "\/api\/3\/workflow_step_types\/04d0cf46-b6a8-42c4-8683-60a7eaa69e8f",
            "group": "\/api\/3\/workflow_groups\/774dea53-5cf7-49f2-9cbd-c2443c5c89a8",
            "uuid": "3edb1b46-4662-4275-9d20-383d87f8080b"
        },
        {
            "@type": "WorkflowStep",
            "name": "unlink profiles",
            "description": null,
            "arguments": {
                "for_each": {
                    "item": "{{vars.target_ids}}",
                    "parallel": false,
                    "condition": ""
                },
                "arguments": {
                    "target_record_id": "{{vars.item}}"
                },
                "apply_async": false,
                "step_variables": [],
                "pass_parent_env": false,
                "pass_input_record": false,
                "workflowReference": "\/api\/3\/workflows\/7ca368b5-6ede-4644-a163-d301a81ace11"
            },
            "status": null,
            "top": "520",
            "left": "680",
            "stepType": "\/api\/3\/workflow_step_types\/74932bdc-b8b6-4d24-88c4-1a4dfbc524f3",
            "group": null,
            "uuid": "09317ca8-a3c3-426e-a3b3-8b17a363c7ab"
        }
    ],
    "routes": [
        {
            "@type": "WorkflowRoute",
            "name": "create domain -> find targets for domain",
            "targetStep": "\/api\/3\/workflow_steps\/1f3e814a-7e0f-4399-90d4-0ebb8ace6067",
            "sourceStep": "\/api\/3\/workflow_steps\/b14bab34-21c5-4b0c-b302-ce41fbbd23b3",
            "label": null,
            "isExecuted": false,
            "group": null,
            "uuid": "e9d9f73e-05ee-4928-8cef-feb03b968686"
        },
        {
            "@type": "WorkflowRoute",
            "name": "create domain targets -> final target_ids",
            "targetStep": "\/api\/3\/workflow_steps\/cbabada7-3bb2-42e4-aaf0-67367d93eb6c",
            "sourceStep": "\/api\/3\/workflow_steps\/4768c5d6-6ce4-4953-94a4-0bcf9fef6a4c",
            "label": null,
            "isExecuted": false,
            "group": null,
            "uuid": "53e51769-67ba-4c3e-8264-6e36f84cef74"
        },
        {
            "@type": "WorkflowRoute",
            "name": "create target -> final target_ids",
            "targetStep": "\/api\/3\/workflow_steps\/cbabada7-3bb2-42e4-aaf0-67367d93eb6c",
            "sourceStep": "\/api\/3\/workflow_steps\/fab9107e-6594-4900-85bc-311c81dab25d",
            "label": null,
            "isExecuted": false,
            "group": null,
            "uuid": "df215a2c-503a-421f-8199-3ed2383d2b51"
        },
        {
            "@type": "WorkflowRoute",
            "name": "final target_ids -> unlink profiles",
            "targetStep": "\/api\/3\/workflow_steps\/09317ca8-a3c3-426e-a3b3-8b17a363c7ab",
            "sourceStep": "\/api\/3\/workflow_steps\/cbabada7-3bb2-42e4-aaf0-67367d93eb6c",
            "label": null,
            "isExecuted": false,
            "group": null,
            "uuid": "8dd2705d-e249-4bc1-b238-17e54488aa06"
        },
        {
            "@type": "WorkflowRoute",
            "name": "find targets for domain -> create domain targets",
            "targetStep": "\/api\/3\/workflow_steps\/4768c5d6-6ce4-4953-94a4-0bcf9fef6a4c",
            "sourceStep": "\/api\/3\/workflow_steps\/1f3e814a-7e0f-4399-90d4-0ebb8ace6067",
            "label": null,
            "isExecuted": false,
            "group": null,
            "uuid": "355c8677-fb7d-4522-96f9-b89ebda647e3"
        },
        {
            "@type": "WorkflowRoute",
            "name": "netshot type -> create domain",
            "targetStep": "\/api\/3\/workflow_steps\/b14bab34-21c5-4b0c-b302-ce41fbbd23b3",
            "sourceStep": "\/api\/3\/workflow_steps\/8838a598-cf57-4b18-9a1e-21ed111db77d",
            "label": "Domain",
            "isExecuted": false,
            "group": null,
            "uuid": "1bead68d-d32e-4808-853a-26a682c844ef"
        },
        {
            "@type": "WorkflowRoute",
            "name": "netshot type -> create target",
            "targetStep": "\/api\/3\/workflow_steps\/fab9107e-6594-4900-85bc-311c81dab25d",
            "sourceStep": "\/api\/3\/workflow_steps\/8838a598-cf57-4b18-9a1e-21ed111db77d",
            "label": "Target",
            "isExecuted": false,
            "group": null,
            "uuid": "36700938-2cc6-43d7-90b8-478755b9c5fb"
        },
        {
            "@type": "WorkflowRoute",
            "name": "netshot type -> unknown netshot type",
            "targetStep": "\/api\/3\/workflow_steps\/3edb1b46-4662-4275-9d20-383d87f8080b",
            "sourceStep": "\/api\/3\/workflow_steps\/8838a598-cf57-4b18-9a1e-21ed111db77d",
            "label": null,
            "isExecuted": false,
            "group": null,
            "uuid": "fa498d7b-d30f-4869-ba93-f5cf35ac58bd"
        },
        {
            "@type": "WorkflowRoute",
            "name": "setup env -> netshot type",
            "targetStep": "\/api\/3\/workflow_steps\/8838a598-cf57-4b18-9a1e-21ed111db77d",
            "sourceStep": "\/api\/3\/workflow_steps\/bf10a1f0-1dc5-4a03-903f-1c1ba2807e49",
            "label": null,
            "isExecuted": false,
            "group": null,
            "uuid": "8d73a511-1067-40e8-9e3f-287628e7c30a"
        },
        {
            "@type": "WorkflowRoute",
            "name": "Start -> setup env",
            "targetStep": "\/api\/3\/workflow_steps\/bf10a1f0-1dc5-4a03-903f-1c1ba2807e49",
            "sourceStep": "\/api\/3\/workflow_steps\/d53799b8-0d14-4ef6-8d01-3dc95f481210",
            "label": null,
            "isExecuted": false,
            "group": null,
            "uuid": "b719954a-6f2d-4b1b-b843-92cd0f8bb251"
        },
        {
            "@type": "WorkflowRoute",
            "name": "unlink profiles -> Copy of unlink profiles",
            "targetStep": "\/api\/3\/workflow_steps\/413861a0-468f-41d1-b3d1-09cb23b94e88",
            "sourceStep": "\/api\/3\/workflow_steps\/09317ca8-a3c3-426e-a3b3-8b17a363c7ab",
            "label": null,
            "isExecuted": false,
            "group": null,
            "uuid": "7825b6f7-e23d-48be-960b-97e2b0359c84"
        }
    ],
    "groups": [
        {
            "@type": "WorkflowGroup",
            "name": "Netshot Domain or Target Button",
            "description": "",
            "type": "block",
            "isCollapsed": false,
            "hasTriggerStep": false,
            "hideInLogs": false,
            "metadata": [],
            "reusable": false,
            "top": "40",
            "left": "40",
            "height": "437",
            "width": "1288",
            "uuid": "774dea53-5cf7-49f2-9cbd-c2443c5c89a8",
            "recordTags": []
        }
    ],
    "priority": "\/api\/3\/picklists\/2b563c61-ae2c-41c0-a85a-c9709585e3f2",
    "playbookOrigin": "\/api\/3\/picklists\/b6d710a9-a8ec-41ec-8817-fe9fa062fcdd",
    "isEditable": true,
    "uuid": "3c823aa6-e756-4b5d-a6f8-ca651dde4f9a",
    "owners": [],
    "isPrivate": false,
    "deletedAt": null,
    "recordTags": []
}