{
    "@type": "Workflow",
    "triggerLimit": null,
    "name": "Netshot Output Report - Set Report to Pending",
    "aliasName": null,
    "tag": null,
    "description": "This will kick off a report.",
    "isActive": true,
    "debug": false,
    "singleRecordExecution": false,
    "remoteExecutableFlag": false,
    "parameters": [],
    "synchronous": false,
    "collection": "\/api\/3\/workflow_collections\/678ed3a6-ac0a-42a6-b96a-20fa792566b2",
    "versions": [],
    "triggerStep": "\/api\/3\/workflow_steps\/c76d1f9d-b3b7-45dc-bc73-33bf29ce4d77",
    "steps": [
        {
            "@type": "WorkflowStep",
            "name": "Start",
            "description": null,
            "arguments": {
                "route": "54eff062-cf15-40fd-a5f9-956d93a61dda",
                "title": "Start\/Restart Report",
                "resources": [
                    "netshot_output_reports"
                ],
                "__triggerLimit": true,
                "inputVariables": [],
                "step_variables": {
                    "input": {
                        "params": [],
                        "records": "{{vars.input.records}}"
                    }
                },
                "triggerOnSource": true,
                "displayConditions": {
                    "netshot_output_reports": {
                        "sort": [],
                        "limit": 30,
                        "logic": "AND",
                        "filters": [
                            {
                                "type": "array",
                                "field": "status",
                                "value": [
                                    "\/api\/3\/picklists\/2f63f907-d342-4ad6-9a77-68c654bba2d2",
                                    "\/api\/3\/picklists\/7c18340b-215d-4396-b052-623e4c085727"
                                ],
                                "module": "status",
                                "display": "",
                                "operator": "nin",
                                "template": "multiselectpicklist",
                                "OPERATOR_KEY": "$",
                                "previousOperator": "nin",
                                "previousTemplate": "multiselectpicklist"
                            }
                        ]
                    }
                },
                "executeButtonText": "Execute",
                "noRecordExecution": false,
                "showToasterMessage": {
                    "visible": false,
                    "messageVisible": true
                },
                "triggerOnReplicate": false,
                "singleRecordExecution": false
            },
            "status": null,
            "top": "40",
            "left": "40",
            "stepType": "\/api\/3\/workflow_step_types\/f414d039-bb0d-4e59-9c39-a8f1e880b18a",
            "group": null,
            "uuid": "c76d1f9d-b3b7-45dc-bc73-33bf29ce4d77"
        },
        {
            "@type": "WorkflowStep",
            "name": "update record status",
            "description": null,
            "arguments": {
                "resource": {
                    "status": "\/api\/3\/picklists\/2f63f907-d342-4ad6-9a77-68c654bba2d2",
                    "exceptionStatus": "\/api\/3\/picklists\/9c48e936-144c-46aa-8cf6-04a11b0cf479",
                    "exceptionsFound": 0
                },
                "operation": "Append",
                "collection": "{{vars.input.records[0]['@id']}}",
                "__recommend": [],
                "collectionType": "\/api\/3\/netshot_output_reports",
                "fieldOperation": {
                    "recordTags": "Append"
                },
                "step_variables": []
            },
            "status": null,
            "top": "40",
            "left": "380",
            "stepType": "\/api\/3\/workflow_step_types\/b593663d-7d13-40ce-a3a3-96dece928722",
            "group": null,
            "uuid": "9f2d9560-2722-4570-a6bf-93832e30f6e4"
        }
    ],
    "routes": [
        {
            "@type": "WorkflowRoute",
            "name": "Start -> update record status",
            "targetStep": "\/api\/3\/workflow_steps\/9f2d9560-2722-4570-a6bf-93832e30f6e4",
            "sourceStep": "\/api\/3\/workflow_steps\/c76d1f9d-b3b7-45dc-bc73-33bf29ce4d77",
            "label": null,
            "isExecuted": false,
            "group": null,
            "uuid": "98eaa78c-d31b-4670-8f15-c5745c6518aa"
        }
    ],
    "groups": [],
    "priority": "\/api\/3\/picklists\/2b563c61-ae2c-41c0-a85a-c9709585e3f2",
    "playbookOrigin": "\/api\/3\/picklists\/b6d710a9-a8ec-41ec-8817-fe9fa062fcdd",
    "isEditable": true,
    "uuid": "ae9abefc-926a-465f-9fff-91edecba91c8",
    "owners": [],
    "isPrivate": false,
    "deletedAt": null,
    "recordTags": []
}