{
    "@type": "Workflow",
    "triggerLimit": null,
    "name": "Netshot Target Output - Start\/Restart Output",
    "aliasName": null,
    "tag": null,
    "description": "Reset the output record to get data again.",
    "isActive": true,
    "debug": false,
    "singleRecordExecution": false,
    "remoteExecutableFlag": false,
    "parameters": [],
    "synchronous": false,
    "collection": "\/api\/3\/workflow_collections\/678ed3a6-ac0a-42a6-b96a-20fa792566b2",
    "versions": [],
    "triggerStep": "\/api\/3\/workflow_steps\/bb35c252-ec25-467d-9cba-e96120653b8c",
    "steps": [
        {
            "@type": "WorkflowStep",
            "name": "setup env",
            "description": null,
            "arguments": {
                "empty": "''",
                "nullval": "None",
                "reset_priority": "1"
            },
            "status": null,
            "top": "40",
            "left": "340",
            "stepType": "\/api\/3\/workflow_step_types\/04d0cf46-b6a8-42c4-8683-60a7eaa69e8f",
            "group": null,
            "uuid": "a35e43ff-3455-4fe2-a04a-f92d4dd13768"
        },
        {
            "@type": "WorkflowStep",
            "name": "Start",
            "description": null,
            "arguments": {
                "route": "3051b975-dedd-4216-b69c-c278fcee4210",
                "title": "Start\/Restart Output",
                "resources": [
                    "netshot_target_outputs"
                ],
                "__triggerLimit": true,
                "inputVariables": [],
                "step_variables": {
                    "input": {
                        "params": [],
                        "records": "{{vars.input.records}}"
                    }
                },
                "triggerOnSource": true,
                "displayConditions": {
                    "netshot_output_reports": {
                        "sort": [],
                        "limit": 30,
                        "logic": "AND",
                        "filters": [
                            {
                                "type": "array",
                                "field": "status",
                                "value": [
                                    "\/api\/3\/picklists\/2f63f907-d342-4ad6-9a77-68c654bba2d2",
                                    "\/api\/3\/picklists\/7c18340b-215d-4396-b052-623e4c085727"
                                ],
                                "module": "status",
                                "display": "",
                                "operator": "nin",
                                "template": "multiselectpicklist",
                                "OPERATOR_KEY": "$",
                                "previousOperator": "nin",
                                "previousTemplate": "multiselectpicklist"
                            }
                        ]
                    },
                    "netshot_target_outputs": {
                        "sort": [],
                        "limit": 30,
                        "logic": "AND",
                        "filters": [
                            {
                                "type": "array",
                                "field": "status",
                                "value": [
                                    "\/api\/3\/picklists\/40982496-7c2f-4d6f-b0c0-bb998387821b"
                                ],
                                "module": "status",
                                "display": "",
                                "operator": "nin",
                                "template": "multiselectpicklist",
                                "OPERATOR_KEY": "$",
                                "previousOperator": "nin",
                                "previousTemplate": "multiselectpicklist"
                            }
                        ]
                    }
                },
                "executeButtonText": "Execute",
                "noRecordExecution": false,
                "showToasterMessage": {
                    "visible": false,
                    "messageVisible": true
                },
                "triggerOnReplicate": false,
                "singleRecordExecution": true
            },
            "status": null,
            "top": "40",
            "left": "40",
            "stepType": "\/api\/3\/workflow_step_types\/f414d039-bb0d-4e59-9c39-a8f1e880b18a",
            "group": null,
            "uuid": "bb35c252-ec25-467d-9cba-e96120653b8c"
        },
        {
            "@type": "WorkflowStep",
            "name": "update record status",
            "description": null,
            "arguments": {
                "resource": {
                    "status": "\/api\/3\/picklists\/40982496-7c2f-4d6f-b0c0-bb998387821b",
                    "timestamp": "{{vars.empty}}",
                    "sourceData": "{{vars.empty}}",
                    "orderPriority": "{{vars.reset_priority}}"
                },
                "operation": "Append",
                "collection": "{{vars.input.records[0]['@id']}}",
                "__recommend": [],
                "collectionType": "\/api\/3\/netshot_target_outputs",
                "fieldOperation": {
                    "recordTags": "Append"
                },
                "step_variables": []
            },
            "status": null,
            "top": "40",
            "left": "660",
            "stepType": "\/api\/3\/workflow_step_types\/b593663d-7d13-40ce-a3a3-96dece928722",
            "group": null,
            "uuid": "ca01308d-a4d5-494f-b4ba-57985bf09ef9"
        }
    ],
    "routes": [
        {
            "@type": "WorkflowRoute",
            "name": "setup env -> update record status",
            "targetStep": "\/api\/3\/workflow_steps\/ca01308d-a4d5-494f-b4ba-57985bf09ef9",
            "sourceStep": "\/api\/3\/workflow_steps\/a35e43ff-3455-4fe2-a04a-f92d4dd13768",
            "label": null,
            "isExecuted": false,
            "group": null,
            "uuid": "6a8a1e3b-d7e0-4e1d-8802-22602cac426b"
        },
        {
            "@type": "WorkflowRoute",
            "name": "Start -> setup env",
            "targetStep": "\/api\/3\/workflow_steps\/a35e43ff-3455-4fe2-a04a-f92d4dd13768",
            "sourceStep": "\/api\/3\/workflow_steps\/bb35c252-ec25-467d-9cba-e96120653b8c",
            "label": null,
            "isExecuted": false,
            "group": null,
            "uuid": "8eea6f49-4bd3-444a-9a04-b7dd7f615971"
        }
    ],
    "groups": [],
    "priority": "\/api\/3\/picklists\/2b563c61-ae2c-41c0-a85a-c9709585e3f2",
    "playbookOrigin": "\/api\/3\/picklists\/b6d710a9-a8ec-41ec-8817-fe9fa062fcdd",
    "isEditable": true,
    "uuid": "598674d6-40e5-46bf-bca0-6c565f7819d9",
    "owners": [],
    "isPrivate": false,
    "deletedAt": null,
    "recordTags": [
        "Button",
        "Target Output"
    ]
}