{
    "@type": "Workflow",
    "triggerLimit": null,
    "name": "Netshot Target Output - create output report record",
    "aliasName": null,
    "tag": null,
    "description": "From an output record prompt the user to create a report.",
    "isActive": true,
    "debug": false,
    "singleRecordExecution": false,
    "remoteExecutableFlag": false,
    "parameters": [],
    "synchronous": false,
    "collection": "\/api\/3\/workflow_collections\/678ed3a6-ac0a-42a6-b96a-20fa792566b2",
    "versions": [],
    "triggerStep": "\/api\/3\/workflow_steps\/25379c7e-52bc-4c20-a9ca-1b0ac12ee24a",
    "steps": [
        {
            "@type": "WorkflowStep",
            "name": "create report",
            "description": null,
            "arguments": {
                "arguments": {
                    "report_name": "",
                    "target_output_id": "{{vars.output_id}}",
                    "output_report_profile_id": "{{vars.selected_profile}}"
                },
                "apply_async": false,
                "step_variables": [],
                "pass_parent_env": false,
                "pass_input_record": false,
                "workflowReference": "\/api\/3\/workflows\/e217a501-a14a-4103-977c-8bb44a759778"
            },
            "status": null,
            "top": "420",
            "left": "380",
            "stepType": "\/api\/3\/workflow_step_types\/74932bdc-b8b6-4d24-88c4-1a4dfbc524f3",
            "group": null,
            "uuid": "8e5ff110-75ed-4640-82f2-da71a3669f63"
        },
        {
            "@type": "WorkflowStep",
            "name": "find report profiles",
            "description": null,
            "arguments": {
                "query": {
                    "sort": [
                        {
                            "field": "modifyDate",
                            "direction": "DESC",
                            "_fieldName": "modifyDate",
                            "_fieldTitle": "Modified On"
                        }
                    ],
                    "limit": 30,
                    "logic": "AND",
                    "filters": [
                        {
                            "type": "object",
                            "field": "type",
                            "value": "{{vars.output_type_fqid}}",
                            "_value": {
                                "@id": "{{vars.output_type_fqid}}",
                                "display": "Audit via Regex",
                                "itemValue": ""
                            },
                            "operator": "eq"
                        }
                    ],
                    "__selectFields": [
                        "id",
                        "name"
                    ]
                },
                "module": "netshot_output_report_profiles?$limit=100",
                "checkboxFields": true,
                "step_variables": {
                    "find_output_profiles": "{{vars.steps.find_report_profiles}}"
                }
            },
            "status": null,
            "top": "40",
            "left": "740",
            "stepType": "\/api\/3\/workflow_step_types\/b593663d-7d13-40ce-a3a3-96dece928770",
            "group": null,
            "uuid": "61360ef7-be61-4cc1-96b0-677d4c9b771a"
        },
        {
            "@type": "WorkflowStep",
            "name": "output profile prompt data",
            "description": null,
            "arguments": {
                "output_profiles_options": "{%- set table = [] -%}\n{%- for r in vars.find_output_profiles -%}\n  {%- set idx = {\n    \"name\": r.name,\n    \"id\": r.id\n  } -%}\n  {%- do table.append(idx) -%}\n{%- endfor -%}\n{{table|sort(attribute='id')}}"
            },
            "status": null,
            "top": "160",
            "left": "740",
            "stepType": "\/api\/3\/workflow_step_types\/04d0cf46-b6a8-42c4-8683-60a7eaa69e8f",
            "group": null,
            "uuid": "5071985f-51c1-41e7-8e1c-33dffcb930c6"
        },
        {
            "@type": "WorkflowStep",
            "name": "prompt output profile",
            "description": null,
            "arguments": {
                "type": "InputBased",
                "input": {
                    "schema": {
                        "title": "Picking Profile",
                        "description": "## {{vars.output_record_name}}\nChoose a profile to create a report:\n\n| ID | Name |\n| --- | ------- |\n{% for r in vars.output_profiles_options -%}\n| {{r.id}} | {{r.name}} |\n{% endfor -%}",
                        "inputVariables": [
                            {
                                "name": "outputProfile",
                                "type": "array",
                                "label": "Output Profile",
                                "title": "Dynamic List",
                                "usable": true,
                                "options": "{{vars.output_profiles_options|json_query('[].id')}}",
                                "tooltip": "",
                                "dataType": "dynamicList",
                                "formType": "dynamicList",
                                "required": false,
                                "_expanded": true,
                                "mmdUpdate": true,
                                "collection": false,
                                "searchable": false,
                                "templateUrl": "app\/components\/form\/fields\/dynamicList.html",
                                "defaultValue": null,
                                "_previousName": "outputProfiles",
                                "playbookField": true,
                                "lengthConstraint": true,
                                "allowedGridColumn": false,
                                "jinjaExpressionView": true,
                                "useRecordFieldDefault": false
                            }
                        ]
                    }
                },
                "record": "",
                "timeout": {
                    "days": 0,
                    "hours": 0,
                    "minutes": 1,
                    "step_iri": "\/api\/3\/workflow_steps\/a7072f28-4f80-45cd-856c-1b8675bf2df0"
                },
                "agent_id": null,
                "resources": "netshot_target_outputs",
                "is_approval": false,
                "owner_detail": {
                    "isAssigned": false,
                    "emailRecipients": ""
                },
                "isRecordLinked": false,
                "step_variables": [],
                "response_mapping": {
                    "options": [
                        {
                            "option": "Create",
                            "primary": true,
                            "step_iri": "\/api\/3\/workflow_steps\/918bb96c-bed2-4ef5-96b9-9232269c39d4"
                        },
                        {
                            "option": "Skip",
                            "step_iri": "\/api\/3\/workflow_steps\/a7072f28-4f80-45cd-856c-1b8675bf2df0"
                        }
                    ],
                    "duplicateOption": false,
                    "customSuccessMessage": "Awaiting Playbook resumed successfully."
                },
                "email_notification": {
                    "enabled": false,
                    "smtpParameters": []
                },
                "customEmailExternal": false,
                "inline_channel_list": [],
                "external_channel_list": [],
                "unauthenticated_input": false,
                "external_email_subject": null,
                "internal_email_subject": "A FortiSOAR playbook is requesting your input",
                "custom_email_body_external": null,
                "external_email_attachments": null
            },
            "status": null,
            "top": "300",
            "left": "740",
            "stepType": "\/api\/3\/workflow_step_types\/fc04082a-d7dc-4299-96fb-6837b1baa0fe",
            "group": null,
            "uuid": "aa1b9ea0-ddb4-4ebe-9266-3737e80c6bfd"
        },
        {
            "@type": "WorkflowStep",
            "name": "setup vars",
            "description": null,
            "arguments": {
                "output_id": "{{vars.input.records[0].id}}",
                "output_type": "{{vars.input.params.outputReportType.itemValue}}",
                "output_type_fqid": "{{vars.input.params.outputReportType['@id']}}",
                "output_record_name": "{{vars.input.records[0].netshotTargets.name}} -- {{vars.input.records[0].context}}"
            },
            "status": null,
            "top": "40",
            "left": "400",
            "stepType": "\/api\/3\/workflow_step_types\/04d0cf46-b6a8-42c4-8683-60a7eaa69e8f",
            "group": null,
            "uuid": "a6a0eed8-6676-4ab7-9f00-4a602a78a7c2"
        },
        {
            "@type": "WorkflowStep",
            "name": "Start",
            "description": null,
            "arguments": {
                "route": "d82335ac-fee6-4e99-9f13-a69ac9fee366",
                "title": "Create Output Report",
                "resources": [
                    "netshot_target_outputs"
                ],
                "__triggerLimit": true,
                "inputVariables": [
                    {
                        "name": "outputReportType",
                        "type": "picklists",
                        "label": "Output Report Type",
                        "title": "Picklist",
                        "usable": true,
                        "tooltip": "",
                        "dataType": "picklist",
                        "formType": "picklist",
                        "required": true,
                        "_expanded": true,
                        "mmdUpdate": true,
                        "collection": false,
                        "dataSource": {
                            "model": "picklists",
                            "query": {
                                "sort": [
                                    {
                                        "field": "orderIndex",
                                        "direction": "ASC"
                                    }
                                ],
                                "logic": "AND",
                                "filters": [
                                    {
                                        "field": "listName__name",
                                        "value": "Netshot Output Report Type",
                                        "operator": "eq"
                                    }
                                ]
                            },
                            "displayConditions": {
                                "071a0f63-cf86-4be0-9dc6-30cabd4d283a": {
                                    "conditions": null,
                                    "visibility": "visible"
                                },
                                "c1d5d38e-9dbd-4a8e-bd6d-1479cad1d42a": {
                                    "conditions": null,
                                    "visibility": "visible"
                                },
                                "e8fa4833-9374-4ec8-a37c-0589110f4203": {
                                    "conditions": null,
                                    "visibility": "visible"
                                }
                            }
                        },
                        "searchable": false,
                        "templateUrl": "app\/components\/form\/fields\/typeahead.html",
                        "defaultValue": null,
                        "_previousName": "outputReport",
                        "playbookField": true,
                        "displayTemplate": "%7B%7B%20itemValue%20%7D%7D",
                        "lengthConstraint": false,
                        "allowedEncryption": false,
                        "allowedGridColumn": true,
                        "jinjaExpressionView": true,
                        "useRecordFieldDefault": false
                    }
                ],
                "step_variables": {
                    "input": {
                        "params": {
                            "outputReportType": "{{vars.request.data[\"outputReportType\"]}}"
                        },
                        "records": "{{vars.input.records}}"
                    }
                },
                "_promptexpanded": true,
                "triggerOnSource": true,
                "displayConditions": {
                    "netshot_target_outputs": {
                        "sort": [],
                        "limit": 30,
                        "logic": "AND",
                        "filters": []
                    }
                },
                "executeButtonText": "Execute",
                "noRecordExecution": false,
                "showToasterMessage": {
                    "visible": false,
                    "messageVisible": true
                },
                "triggerOnReplicate": false,
                "singleRecordExecution": true
            },
            "status": null,
            "top": "40",
            "left": "40",
            "stepType": "\/api\/3\/workflow_step_types\/f414d039-bb0d-4e59-9c39-a8f1e880b18a",
            "group": null,
            "uuid": "25379c7e-52bc-4c20-a9ca-1b0ac12ee24a"
        },
        {
            "@type": "WorkflowStep",
            "name": "timeout",
            "description": null,
            "arguments": [],
            "status": null,
            "top": "300",
            "left": "1080",
            "stepType": "\/api\/3\/workflow_step_types\/04d0cf46-b6a8-42c4-8683-60a7eaa69e8f",
            "group": null,
            "uuid": "a7072f28-4f80-45cd-856c-1b8675bf2df0"
        },
        {
            "@type": "WorkflowStep",
            "name": "user input",
            "description": null,
            "arguments": {
                "selected_profile": "{{vars.steps.prompt_output_profile.input.outputProfile}}"
            },
            "status": null,
            "top": "300",
            "left": "380",
            "stepType": "\/api\/3\/workflow_step_types\/04d0cf46-b6a8-42c4-8683-60a7eaa69e8f",
            "group": null,
            "uuid": "918bb96c-bed2-4ef5-96b9-9232269c39d4"
        }
    ],
    "routes": [
        {
            "@type": "WorkflowRoute",
            "name": "find report profiles -> output profile prompt data",
            "targetStep": "\/api\/3\/workflow_steps\/5071985f-51c1-41e7-8e1c-33dffcb930c6",
            "sourceStep": "\/api\/3\/workflow_steps\/61360ef7-be61-4cc1-96b0-677d4c9b771a",
            "label": null,
            "isExecuted": false,
            "group": null,
            "uuid": "9648b691-cb80-450c-a934-cfe9c6fd5f06"
        },
        {
            "@type": "WorkflowRoute",
            "name": "output profile prompt data -> prompt output profile",
            "targetStep": "\/api\/3\/workflow_steps\/aa1b9ea0-ddb4-4ebe-9266-3737e80c6bfd",
            "sourceStep": "\/api\/3\/workflow_steps\/5071985f-51c1-41e7-8e1c-33dffcb930c6",
            "label": null,
            "isExecuted": false,
            "group": null,
            "uuid": "46a34ec1-b964-4d5a-a29b-f34aa9bc2644"
        },
        {
            "@type": "WorkflowRoute",
            "name": "prompt output profile -> timeout",
            "targetStep": "\/api\/3\/workflow_steps\/a7072f28-4f80-45cd-856c-1b8675bf2df0",
            "sourceStep": "\/api\/3\/workflow_steps\/aa1b9ea0-ddb4-4ebe-9266-3737e80c6bfd",
            "label": "Skip",
            "isExecuted": false,
            "group": null,
            "uuid": "2b6532f3-5dd4-48b7-84a4-2706c05b2b51"
        },
        {
            "@type": "WorkflowRoute",
            "name": "prompt output profile -> user input",
            "targetStep": "\/api\/3\/workflow_steps\/918bb96c-bed2-4ef5-96b9-9232269c39d4",
            "sourceStep": "\/api\/3\/workflow_steps\/aa1b9ea0-ddb4-4ebe-9266-3737e80c6bfd",
            "label": "Create",
            "isExecuted": false,
            "group": null,
            "uuid": "c7bdfdb5-00a0-4431-bd1d-a03b3b9bb294"
        },
        {
            "@type": "WorkflowRoute",
            "name": "setup vars -> find report profiles",
            "targetStep": "\/api\/3\/workflow_steps\/61360ef7-be61-4cc1-96b0-677d4c9b771a",
            "sourceStep": "\/api\/3\/workflow_steps\/a6a0eed8-6676-4ab7-9f00-4a602a78a7c2",
            "label": null,
            "isExecuted": false,
            "group": null,
            "uuid": "0b5d08a9-3e8e-4d6c-a4d4-d8f72b6c5a8d"
        },
        {
            "@type": "WorkflowRoute",
            "name": "Start -> setup vars",
            "targetStep": "\/api\/3\/workflow_steps\/a6a0eed8-6676-4ab7-9f00-4a602a78a7c2",
            "sourceStep": "\/api\/3\/workflow_steps\/25379c7e-52bc-4c20-a9ca-1b0ac12ee24a",
            "label": null,
            "isExecuted": false,
            "group": null,
            "uuid": "1da9372c-a0c4-4d9d-8f8b-0d8c5db2c714"
        },
        {
            "@type": "WorkflowRoute",
            "name": "user input -> create report",
            "targetStep": "\/api\/3\/workflow_steps\/8e5ff110-75ed-4640-82f2-da71a3669f63",
            "sourceStep": "\/api\/3\/workflow_steps\/918bb96c-bed2-4ef5-96b9-9232269c39d4",
            "label": null,
            "isExecuted": false,
            "group": null,
            "uuid": "2e64b107-7a48-4d24-a47a-571149334991"
        }
    ],
    "groups": [],
    "priority": "\/api\/3\/picklists\/2b563c61-ae2c-41c0-a85a-c9709585e3f2",
    "playbookOrigin": "\/api\/3\/picklists\/b6d710a9-a8ec-41ec-8817-fe9fa062fcdd",
    "isEditable": true,
    "uuid": "d2a43f7f-cfb4-4edb-a806-24c01484bdec",
    "owners": [],
    "isPrivate": false,
    "deletedAt": null,
    "recordTags": []
}