{
    "@type": "Workflow",
    "triggerLimit": null,
    "name": "Netshot Target Output - Clear Args",
    "aliasName": null,
    "tag": null,
    "description": "Clear args.",
    "isActive": true,
    "debug": false,
    "singleRecordExecution": false,
    "remoteExecutableFlag": false,
    "parameters": [],
    "synchronous": false,
    "collection": "\/api\/3\/workflow_collections\/678ed3a6-ac0a-42a6-b96a-20fa792566b2",
    "versions": [],
    "triggerStep": "\/api\/3\/workflow_steps\/360fd10b-ba64-437c-a039-eda7d2de3cb2",
    "steps": [
        {
            "@type": "WorkflowStep",
            "name": "setup env",
            "description": null,
            "arguments": {
                "empty": "''",
                "empty_var": "{}"
            },
            "status": null,
            "top": "40",
            "left": "340",
            "stepType": "\/api\/3\/workflow_step_types\/04d0cf46-b6a8-42c4-8683-60a7eaa69e8f",
            "group": null,
            "uuid": "bcff9189-2218-40f8-9773-7bbad1bec82a"
        },
        {
            "@type": "WorkflowStep",
            "name": "Start",
            "description": null,
            "arguments": {
                "route": "491c1331-083f-4f07-99cb-68dbdff3c733",
                "title": "Clear Args",
                "resources": [
                    "netshot_target_outputs"
                ],
                "__triggerLimit": true,
                "inputVariables": [],
                "step_variables": {
                    "input": {
                        "params": [],
                        "records": "{{vars.input.records}}"
                    }
                },
                "triggerOnSource": true,
                "displayConditions": {
                    "netshot_output_reports": {
                        "sort": [],
                        "limit": 30,
                        "logic": "AND",
                        "filters": [
                            {
                                "type": "array",
                                "field": "status",
                                "value": [
                                    "\/api\/3\/picklists\/2f63f907-d342-4ad6-9a77-68c654bba2d2",
                                    "\/api\/3\/picklists\/7c18340b-215d-4396-b052-623e4c085727"
                                ],
                                "module": "status",
                                "display": "",
                                "operator": "nin",
                                "template": "multiselectpicklist",
                                "OPERATOR_KEY": "$",
                                "previousOperator": "nin",
                                "previousTemplate": "multiselectpicklist"
                            }
                        ]
                    },
                    "netshot_target_outputs": {
                        "sort": [],
                        "limit": 30,
                        "logic": "AND",
                        "filters": [
                            {
                                "type": "array",
                                "field": "status",
                                "value": [
                                    "\/api\/3\/picklists\/caf00cc5-ecf8-4342-982b-3a9bdf81115a",
                                    "\/api\/3\/picklists\/2f63f907-d342-4ad6-9a77-68c654bba2d2",
                                    "\/api\/3\/picklists\/7c18340b-215d-4396-b052-623e4c085727"
                                ],
                                "module": "status",
                                "display": "",
                                "operator": "nin",
                                "template": "multiselectpicklist",
                                "OPERATOR_KEY": "$",
                                "previousOperator": "nin",
                                "previousTemplate": "multiselectpicklist"
                            }
                        ]
                    }
                },
                "executeButtonText": "Execute",
                "noRecordExecution": false,
                "showToasterMessage": {
                    "visible": false,
                    "messageVisible": true
                },
                "triggerOnReplicate": false,
                "singleRecordExecution": false
            },
            "status": null,
            "top": "40",
            "left": "40",
            "stepType": "\/api\/3\/workflow_step_types\/f414d039-bb0d-4e59-9c39-a8f1e880b18a",
            "group": null,
            "uuid": "360fd10b-ba64-437c-a039-eda7d2de3cb2"
        },
        {
            "@type": "WorkflowStep",
            "name": "update record status",
            "description": null,
            "arguments": {
                "resource": {
                    "outputArgs": "{{vars.empty_var}}"
                },
                "operation": "Append",
                "collection": "{{vars.input.records[0]['@id']}}",
                "__recommend": [],
                "collectionType": "\/api\/3\/netshot_target_outputs",
                "fieldOperation": {
                    "recordTags": "Append"
                },
                "step_variables": []
            },
            "status": null,
            "top": "40",
            "left": "620",
            "stepType": "\/api\/3\/workflow_step_types\/b593663d-7d13-40ce-a3a3-96dece928722",
            "group": null,
            "uuid": "053fae6b-9180-4c10-85c3-dcb99088cfe1"
        }
    ],
    "routes": [
        {
            "@type": "WorkflowRoute",
            "name": "setup env -> update record status",
            "targetStep": "\/api\/3\/workflow_steps\/053fae6b-9180-4c10-85c3-dcb99088cfe1",
            "sourceStep": "\/api\/3\/workflow_steps\/bcff9189-2218-40f8-9773-7bbad1bec82a",
            "label": null,
            "isExecuted": false,
            "group": null,
            "uuid": "f341f9a1-c22c-4b21-a1b9-fb51584a415c"
        },
        {
            "@type": "WorkflowRoute",
            "name": "Start -> setup env",
            "targetStep": "\/api\/3\/workflow_steps\/bcff9189-2218-40f8-9773-7bbad1bec82a",
            "sourceStep": "\/api\/3\/workflow_steps\/360fd10b-ba64-437c-a039-eda7d2de3cb2",
            "label": null,
            "isExecuted": false,
            "group": null,
            "uuid": "8aa311c8-4d94-4fb3-9fce-8a5439bcaefa"
        }
    ],
    "groups": [],
    "priority": "\/api\/3\/picklists\/2b563c61-ae2c-41c0-a85a-c9709585e3f2",
    "playbookOrigin": "\/api\/3\/picklists\/b6d710a9-a8ec-41ec-8817-fe9fa062fcdd",
    "isEditable": true,
    "uuid": "09331efe-7dd1-4669-9132-1d377c4c0260",
    "owners": [],
    "isPrivate": false,
    "deletedAt": null,
    "recordTags": [
        "Button",
        "Target Output"
    ]
}