{
    "@type": "Workflow",
    "triggerLimit": null,
    "name": "Netshot Target Outputs - Normalize Data",
    "aliasName": null,
    "tag": null,
    "description": null,
    "isActive": true,
    "debug": false,
    "singleRecordExecution": false,
    "remoteExecutableFlag": false,
    "parameters": [],
    "synchronous": false,
    "collection": "\/api\/3\/workflow_collections\/678ed3a6-ac0a-42a6-b96a-20fa792566b2",
    "versions": [],
    "triggerStep": "\/api\/3\/workflow_steps\/8cb02b26-6c0d-46db-9a08-0690ca39cfae",
    "steps": [
        {
            "@type": "WorkflowStep",
            "name": "normalize data",
            "description": null,
            "arguments": {
                "arguments": {
                    "normalize_type": "{{vars.normalize_type}}",
                    "netshot_target_output_id": "{{vars.netshot_target_output_id}}"
                },
                "apply_async": false,
                "step_variables": [],
                "pass_parent_env": false,
                "pass_input_record": false,
                "workflowReference": "\/api\/3\/workflows\/a45b5def-b7e1-4ac8-9ecd-8c23c419f0a3"
            },
            "status": null,
            "top": "160",
            "left": "40",
            "stepType": "\/api\/3\/workflow_step_types\/74932bdc-b8b6-4d24-88c4-1a4dfbc524f3",
            "group": null,
            "uuid": "ecbf96ea-b7ee-48f2-8f9b-14f0721f0bbb"
        },
        {
            "@type": "WorkflowStep",
            "name": "setup env",
            "description": null,
            "arguments": {
                "normalize_type": "{{vars.input.params.normalizeType}}",
                "netshot_target_output_id": "{{vars.input.records[0].id}}"
            },
            "status": null,
            "top": "100",
            "left": "420",
            "stepType": "\/api\/3\/workflow_step_types\/04d0cf46-b6a8-42c4-8683-60a7eaa69e8f",
            "group": null,
            "uuid": "bdd61034-5161-4c02-81ad-a4b6094ebeb1"
        },
        {
            "@type": "WorkflowStep",
            "name": "Start",
            "description": null,
            "arguments": {
                "route": "9e8c7e71-0954-4dda-9b13-5626827873bd",
                "title": "Normalize Data",
                "resources": [
                    "netshot_target_outputs"
                ],
                "__triggerLimit": true,
                "inputVariables": [
                    {
                        "name": "normalizeType",
                        "type": "string",
                        "label": "Normalize Type",
                        "title": "Picklist",
                        "usable": true,
                        "tooltip": "Method to Normalize Data (text, textlist, tojson, configblocks)",
                        "dataType": "text",
                        "formType": "text",
                        "required": false,
                        "_expanded": true,
                        "mmdUpdate": true,
                        "collection": false,
                        "dataSource": [],
                        "searchable": false,
                        "templateUrl": "app\/components\/form\/fields\/typeahead.html",
                        "defaultValue": "text",
                        "_previousName": "normalizeType",
                        "playbookField": true,
                        "displayTemplate": "%7B%7B%20itemValue%20%7D%7D",
                        "lengthConstraint": false,
                        "allowedEncryption": false,
                        "allowedGridColumn": true,
                        "jinjaExpressionView": true,
                        "useRecordFieldDefault": false
                    }
                ],
                "step_variables": {
                    "input": {
                        "params": {
                            "normalizeType": "{{vars.request.data[\"normalizeType\"]}}"
                        },
                        "records": "{{vars.input.records}}"
                    }
                },
                "_promptexpanded": true,
                "triggerOnSource": true,
                "displayConditions": {
                    "netshot_target_outputs": {
                        "sort": [],
                        "limit": 30,
                        "logic": "AND",
                        "filters": []
                    }
                },
                "executeButtonText": "Execute",
                "noRecordExecution": false,
                "showToasterMessage": {
                    "visible": false,
                    "messageVisible": true
                },
                "triggerOnReplicate": false,
                "singleRecordExecution": false
            },
            "status": null,
            "top": "40",
            "left": "40",
            "stepType": "\/api\/3\/workflow_step_types\/f414d039-bb0d-4e59-9c39-a8f1e880b18a",
            "group": null,
            "uuid": "8cb02b26-6c0d-46db-9a08-0690ca39cfae"
        }
    ],
    "routes": [
        {
            "@type": "WorkflowRoute",
            "name": "setup env -> normalize data",
            "targetStep": "\/api\/3\/workflow_steps\/ecbf96ea-b7ee-48f2-8f9b-14f0721f0bbb",
            "sourceStep": "\/api\/3\/workflow_steps\/bdd61034-5161-4c02-81ad-a4b6094ebeb1",
            "label": null,
            "isExecuted": false,
            "group": null,
            "uuid": "09671eba-1f13-4063-a957-150da28f15bf"
        },
        {
            "@type": "WorkflowRoute",
            "name": "Start -> setup env",
            "targetStep": "\/api\/3\/workflow_steps\/bdd61034-5161-4c02-81ad-a4b6094ebeb1",
            "sourceStep": "\/api\/3\/workflow_steps\/8cb02b26-6c0d-46db-9a08-0690ca39cfae",
            "label": null,
            "isExecuted": false,
            "group": null,
            "uuid": "8e69c2d9-f2d5-49e0-99bd-e7d429e1b8a1"
        }
    ],
    "groups": [],
    "priority": "\/api\/3\/picklists\/2b563c61-ae2c-41c0-a85a-c9709585e3f2",
    "playbookOrigin": "\/api\/3\/picklists\/b6d710a9-a8ec-41ec-8817-fe9fa062fcdd",
    "isEditable": true,
    "uuid": "ba0641dd-1027-4faa-b7d2-87beead483cb",
    "owners": [],
    "isPrivate": false,
    "deletedAt": null,
    "recordTags": []
}