{
    "@type": "Workflow",
    "triggerLimit": null,
    "name": "Netshot Target Outputs - Clear Normalize Data",
    "aliasName": null,
    "tag": null,
    "description": null,
    "isActive": true,
    "debug": false,
    "singleRecordExecution": false,
    "remoteExecutableFlag": false,
    "parameters": [],
    "synchronous": false,
    "collection": "\/api\/3\/workflow_collections\/678ed3a6-ac0a-42a6-b96a-20fa792566b2",
    "versions": [],
    "triggerStep": "\/api\/3\/workflow_steps\/e5e8b497-6c1e-4601-8d65-851068fefc25",
    "steps": [
        {
            "@type": "WorkflowStep",
            "name": "normalize data",
            "description": null,
            "arguments": {
                "arguments": {
                    "netshot_target_output_id": "{{vars.netshot_target_output_id}}"
                },
                "apply_async": false,
                "step_variables": [],
                "pass_parent_env": false,
                "pass_input_record": false,
                "workflowReference": "\/api\/3\/workflows\/d85545f8-ff12-4192-bcdf-54d4c79d02a5"
            },
            "status": null,
            "top": "160",
            "left": "40",
            "stepType": "\/api\/3\/workflow_step_types\/74932bdc-b8b6-4d24-88c4-1a4dfbc524f3",
            "group": null,
            "uuid": "716efe9a-ef84-47be-817b-d5e46706156e"
        },
        {
            "@type": "WorkflowStep",
            "name": "setup env",
            "description": null,
            "arguments": {
                "netshot_target_output_id": "{{vars.input.records[0].id}}"
            },
            "status": null,
            "top": "100",
            "left": "420",
            "stepType": "\/api\/3\/workflow_step_types\/04d0cf46-b6a8-42c4-8683-60a7eaa69e8f",
            "group": null,
            "uuid": "d4ab4a60-369a-4b15-a206-b244e3e32aa0"
        },
        {
            "@type": "WorkflowStep",
            "name": "Start",
            "description": null,
            "arguments": {
                "route": "437f6e97-e7f4-44c6-b337-b1ab4402724f",
                "title": "Clear Normalize Data",
                "resources": [
                    "netshot_target_outputs"
                ],
                "__triggerLimit": true,
                "inputVariables": [],
                "step_variables": {
                    "input": {
                        "params": [],
                        "records": "{{vars.input.records}}"
                    }
                },
                "_promptexpanded": true,
                "triggerOnSource": true,
                "displayConditions": {
                    "netshot_target_outputs": {
                        "sort": [],
                        "limit": 30,
                        "logic": "AND",
                        "filters": []
                    }
                },
                "executeButtonText": "Execute",
                "noRecordExecution": false,
                "showToasterMessage": {
                    "visible": false,
                    "messageVisible": true
                },
                "triggerOnReplicate": false,
                "singleRecordExecution": false
            },
            "status": null,
            "top": "40",
            "left": "40",
            "stepType": "\/api\/3\/workflow_step_types\/f414d039-bb0d-4e59-9c39-a8f1e880b18a",
            "group": null,
            "uuid": "e5e8b497-6c1e-4601-8d65-851068fefc25"
        }
    ],
    "routes": [
        {
            "@type": "WorkflowRoute",
            "name": "setup env -> normalize data",
            "targetStep": "\/api\/3\/workflow_steps\/716efe9a-ef84-47be-817b-d5e46706156e",
            "sourceStep": "\/api\/3\/workflow_steps\/d4ab4a60-369a-4b15-a206-b244e3e32aa0",
            "label": null,
            "isExecuted": false,
            "group": null,
            "uuid": "6e946fd3-a00a-42cc-a2d7-28ce9c4fe3cc"
        },
        {
            "@type": "WorkflowRoute",
            "name": "Start -> setup env",
            "targetStep": "\/api\/3\/workflow_steps\/d4ab4a60-369a-4b15-a206-b244e3e32aa0",
            "sourceStep": "\/api\/3\/workflow_steps\/e5e8b497-6c1e-4601-8d65-851068fefc25",
            "label": null,
            "isExecuted": false,
            "group": null,
            "uuid": "b0bf0eda-cedb-482e-a11f-4032b55a1d46"
        }
    ],
    "groups": [],
    "priority": "\/api\/3\/picklists\/2b563c61-ae2c-41c0-a85a-c9709585e3f2",
    "playbookOrigin": "\/api\/3\/picklists\/b6d710a9-a8ec-41ec-8817-fe9fa062fcdd",
    "isEditable": true,
    "uuid": "affb336b-5dc2-454b-a02b-4ef0d063f653",
    "owners": [],
    "isPrivate": false,
    "deletedAt": null,
    "recordTags": []
}