{
    "@type": "Workflow",
    "triggerLimit": null,
    "name": "Target - Add Output via Linked Output Profiles",
    "aliasName": null,
    "tag": null,
    "description": "Run all linked output profiles on the record.",
    "isActive": true,
    "debug": false,
    "singleRecordExecution": false,
    "remoteExecutableFlag": false,
    "parameters": [],
    "synchronous": false,
    "collection": "\/api\/3\/workflow_collections\/678ed3a6-ac0a-42a6-b96a-20fa792566b2",
    "versions": [],
    "triggerStep": "\/api\/3\/workflow_steps\/9a4620bb-8ffc-4651-a9b3-0e5f59ec2b23",
    "steps": [
        {
            "@type": "WorkflowStep",
            "name": "run linked profiles",
            "description": null,
            "arguments": {
                "arguments": {
                    "target_ip": "{{vars.target_ip}}",
                    "target_password": "{{vars.target_pass}}",
                    "target_username": "{{vars.target_user}}",
                    "target_record_id": "{{vars.target_record_id}}"
                },
                "apply_async": false,
                "step_variables": [],
                "pass_parent_env": false,
                "pass_input_record": false,
                "workflowReference": "\/api\/3\/workflows\/cb239966-fe53-4da3-86b2-608b5e451ad8"
            },
            "status": null,
            "top": "140",
            "left": "380",
            "stepType": "\/api\/3\/workflow_step_types\/74932bdc-b8b6-4d24-88c4-1a4dfbc524f3",
            "group": null,
            "uuid": "6a599cb5-07d5-470e-8229-623a2eb7cea3"
        },
        {
            "@type": "WorkflowStep",
            "name": "setup env",
            "description": null,
            "arguments": {
                "target_ip": "{{vars.input.records[0].deviceIP}}",
                "target_pass": "{{vars.input.records[0].devicePassword}}",
                "target_user": "{{vars.input.records[0].deviceUsername}}",
                "ssh_commands": "{{vars.input.params.commands}}",
                "target_record_id": "{{vars.input.records[0].id}}"
            },
            "status": null,
            "top": "40",
            "left": "380",
            "stepType": "\/api\/3\/workflow_step_types\/04d0cf46-b6a8-42c4-8683-60a7eaa69e8f",
            "group": null,
            "uuid": "fbe4b39f-5be6-4826-8c97-285f15cd7af2"
        },
        {
            "@type": "WorkflowStep",
            "name": "Start",
            "description": "Iterate through Output Profiles linked to this target and run them in order of priority.",
            "arguments": {
                "route": "ef4ea80b-d909-45c4-a6e9-777c125d9531",
                "title": "Add Outputs from Linked Profiles",
                "resources": [
                    "netshot_targets"
                ],
                "__triggerLimit": true,
                "inputVariables": [],
                "step_variables": {
                    "input": {
                        "params": [],
                        "records": "{{vars.input.records}}"
                    }
                },
                "_promptexpanded": true,
                "triggerOnSource": true,
                "displayConditions": {
                    "netshot_targets": {
                        "sort": [],
                        "limit": 30,
                        "logic": "AND",
                        "filters": []
                    }
                },
                "executeButtonText": "Execute",
                "noRecordExecution": false,
                "showToasterMessage": {
                    "visible": false,
                    "messageVisible": true
                },
                "triggerOnReplicate": false,
                "singleRecordExecution": false
            },
            "status": null,
            "top": "40",
            "left": "40",
            "stepType": "\/api\/3\/workflow_step_types\/f414d039-bb0d-4e59-9c39-a8f1e880b18a",
            "group": null,
            "uuid": "9a4620bb-8ffc-4651-a9b3-0e5f59ec2b23"
        }
    ],
    "routes": [
        {
            "@type": "WorkflowRoute",
            "name": "setup env -> run linked profiles",
            "targetStep": "\/api\/3\/workflow_steps\/6a599cb5-07d5-470e-8229-623a2eb7cea3",
            "sourceStep": "\/api\/3\/workflow_steps\/fbe4b39f-5be6-4826-8c97-285f15cd7af2",
            "label": null,
            "isExecuted": false,
            "group": null,
            "uuid": "976ee44c-bfa7-46b7-bba5-3666ccd69eb7"
        },
        {
            "@type": "WorkflowRoute",
            "name": "Start -> setup env",
            "targetStep": "\/api\/3\/workflow_steps\/fbe4b39f-5be6-4826-8c97-285f15cd7af2",
            "sourceStep": "\/api\/3\/workflow_steps\/9a4620bb-8ffc-4651-a9b3-0e5f59ec2b23",
            "label": null,
            "isExecuted": false,
            "group": null,
            "uuid": "308a5d51-08a7-4d5f-98a7-dee297cbb871"
        }
    ],
    "groups": [],
    "priority": "\/api\/3\/picklists\/2b563c61-ae2c-41c0-a85a-c9709585e3f2",
    "playbookOrigin": "\/api\/3\/picklists\/b6d710a9-a8ec-41ec-8817-fe9fa062fcdd",
    "isEditable": true,
    "uuid": "7daff3d3-4036-4eda-b8dc-c475755e6b94",
    "owners": [],
    "isPrivate": false,
    "deletedAt": null,
    "recordTags": [
        "Button",
        "Netshot Targets"
    ]
}