{
    "@type": "Workflow",
    "triggerLimit": null,
    "name": "Target - NMAP Scan",
    "aliasName": null,
    "tag": null,
    "description": null,
    "isActive": true,
    "debug": false,
    "singleRecordExecution": false,
    "remoteExecutableFlag": false,
    "parameters": [],
    "synchronous": false,
    "collection": "\/api\/3\/workflow_collections\/678ed3a6-ac0a-42a6-b96a-20fa792566b2",
    "versions": [],
    "triggerStep": "\/api\/3\/workflow_steps\/7d265c77-37ab-4a61-b8ac-de0aed4b119c",
    "steps": [
        {
            "@type": "WorkflowStep",
            "name": "create output request",
            "description": null,
            "arguments": {
                "arguments": {
                    "context": "{{vars.context}}",
                    "target_id": "{{vars.target_id}}",
                    "output_args": "{{vars.output_args}}",
                    "output_method": "{{vars.output_method}}",
                    "source_data_type": "{{vars.source_data_type}}"
                },
                "apply_async": false,
                "step_variables": [],
                "pass_parent_env": false,
                "pass_input_record": false,
                "workflowReference": "\/api\/3\/workflows\/3487a105-d7b0-4180-a4ca-dbb70cf8ee31"
            },
            "status": null,
            "top": "120",
            "left": "40",
            "stepType": "\/api\/3\/workflow_step_types\/74932bdc-b8b6-4d24-88c4-1a4dfbc524f3",
            "group": null,
            "uuid": "0baf89f1-97b6-4c4f-8d75-32394d53a8d1"
        },
        {
            "@type": "WorkflowStep",
            "name": "enhance vars",
            "description": null,
            "arguments": {
                "context": "{%- set v1 = vars.user_context -%}\n{%- if v1 not in ['',None] -%}\n{{v1}}\n{%- else -%}\nnmap {{vars.nmap_command}}\n{%- endif -%}",
                "output_args": "{\n  \"target_ip\": \"{{vars.target_ip}}\",\n  \"nmap_commands\": \"{{vars.nmap_command}}\"\n}"
            },
            "status": null,
            "top": "120",
            "left": "340",
            "stepType": "\/api\/3\/workflow_step_types\/04d0cf46-b6a8-42c4-8683-60a7eaa69e8f",
            "group": null,
            "uuid": "b3ae998b-704f-44ba-aa0d-23a418e82612"
        },
        {
            "@type": "WorkflowStep",
            "name": "setup env",
            "description": null,
            "arguments": {
                "target_id": "{{vars.input.records[0].id}}",
                "target_ip": "{{vars.input.records[0].deviceIP}}",
                "nmap_command": "{{vars.input.params.nMAPCommand}}",
                "user_context": "{{vars.input.params.context}}",
                "output_method": "NMAP",
                "source_data_type": "JSON",
                "target_record_id": "{{vars.input.records[0].id}}"
            },
            "status": null,
            "top": "40",
            "left": "340",
            "stepType": "\/api\/3\/workflow_step_types\/04d0cf46-b6a8-42c4-8683-60a7eaa69e8f",
            "group": null,
            "uuid": "adbcf3f1-acb4-4811-b4d3-4d7a8368a42a"
        },
        {
            "@type": "WorkflowStep",
            "name": "Start",
            "description": null,
            "arguments": {
                "route": "31b35a0e-057f-4310-baac-a8632bc43b65",
                "title": "Add Output via NMAP Scan",
                "resources": [
                    "netshot_targets"
                ],
                "__triggerLimit": true,
                "inputVariables": [
                    {
                        "name": "nMAPCommand",
                        "type": "string",
                        "label": "NMAP Command",
                        "title": "Text Area",
                        "usable": false,
                        "tooltip": "",
                        "dataType": "text",
                        "formType": "textarea",
                        "required": true,
                        "_expanded": true,
                        "mmdUpdate": false,
                        "collection": false,
                        "searchable": false,
                        "templateUrl": "app\/components\/form\/fields\/json.html",
                        "defaultValue": null,
                        "_previousName": "command",
                        "playbookField": true,
                        "lengthConstraint": false,
                        "allowedGridColumn": false,
                        "jinjaExpressionView": true,
                        "useRecordFieldDefault": false
                    },
                    {
                        "name": "context",
                        "type": "string",
                        "label": "Context",
                        "tooltip": "Optional Content",
                        "dataType": "text",
                        "formType": "text",
                        "required": false,
                        "_expanded": true,
                        "defaultValue": null,
                        "_previousName": "",
                        "jinjaExpressionView": true,
                        "useRecordFieldDefault": false
                    }
                ],
                "step_variables": {
                    "input": {
                        "params": {
                            "context": "{{vars.request.data[\"context\"]}}",
                            "nMAPCommand": "{{vars.request.data[\"nMAPCommand\"]}}"
                        },
                        "records": "{{vars.input.records}}"
                    }
                },
                "_promptexpanded": true,
                "triggerOnSource": true,
                "displayConditions": {
                    "netshot_targets": {
                        "sort": [],
                        "limit": 30,
                        "logic": "AND",
                        "filters": [
                            {
                                "type": "primitive",
                                "field": "deviceIP",
                                "value": "false",
                                "operator": "isnull",
                                "_operator": "isnull"
                            }
                        ]
                    }
                },
                "executeButtonText": "Execute",
                "noRecordExecution": false,
                "showToasterMessage": {
                    "visible": false,
                    "messageVisible": true
                },
                "triggerOnReplicate": false,
                "singleRecordExecution": false
            },
            "status": null,
            "top": "40",
            "left": "40",
            "stepType": "\/api\/3\/workflow_step_types\/f414d039-bb0d-4e59-9c39-a8f1e880b18a",
            "group": null,
            "uuid": "7d265c77-37ab-4a61-b8ac-de0aed4b119c"
        }
    ],
    "routes": [
        {
            "@type": "WorkflowRoute",
            "name": "enhance vars -> create output request",
            "targetStep": "\/api\/3\/workflow_steps\/0baf89f1-97b6-4c4f-8d75-32394d53a8d1",
            "sourceStep": "\/api\/3\/workflow_steps\/b3ae998b-704f-44ba-aa0d-23a418e82612",
            "label": null,
            "isExecuted": false,
            "group": null,
            "uuid": "38d2184d-5a4f-4dfb-a855-f842c216c8d8"
        },
        {
            "@type": "WorkflowRoute",
            "name": "setup env -> enhance vars",
            "targetStep": "\/api\/3\/workflow_steps\/b3ae998b-704f-44ba-aa0d-23a418e82612",
            "sourceStep": "\/api\/3\/workflow_steps\/adbcf3f1-acb4-4811-b4d3-4d7a8368a42a",
            "label": null,
            "isExecuted": false,
            "group": null,
            "uuid": "6b131478-0f48-4941-88fc-425d15e15e97"
        },
        {
            "@type": "WorkflowRoute",
            "name": "Start -> setup env",
            "targetStep": "\/api\/3\/workflow_steps\/adbcf3f1-acb4-4811-b4d3-4d7a8368a42a",
            "sourceStep": "\/api\/3\/workflow_steps\/7d265c77-37ab-4a61-b8ac-de0aed4b119c",
            "label": null,
            "isExecuted": false,
            "group": null,
            "uuid": "73ae7157-ae99-44fd-8762-88fe4a7a8526"
        }
    ],
    "groups": [],
    "priority": "\/api\/3\/picklists\/2b563c61-ae2c-41c0-a85a-c9709585e3f2",
    "playbookOrigin": "\/api\/3\/picklists\/b6d710a9-a8ec-41ec-8817-fe9fa062fcdd",
    "isEditable": true,
    "uuid": "6ea0c8b5-bf2c-4d16-a721-3710600f8fb6",
    "owners": [],
    "isPrivate": false,
    "deletedAt": null,
    "recordTags": [
        "Button"
    ]
}