{
    "@type": "Workflow",
    "triggerLimit": null,
    "name": "Target - Create Report from Latest Outputs and Profiles",
    "aliasName": null,
    "tag": null,
    "description": "Iterate through the latest outputs and create reports.",
    "isActive": true,
    "debug": false,
    "singleRecordExecution": false,
    "remoteExecutableFlag": false,
    "parameters": [],
    "synchronous": false,
    "collection": "\/api\/3\/workflow_collections\/678ed3a6-ac0a-42a6-b96a-20fa792566b2",
    "versions": [],
    "triggerStep": "\/api\/3\/workflow_steps\/ac3dcfda-de63-4f03-957a-5e93902a91d8",
    "steps": [
        {
            "@type": "WorkflowStep",
            "name": "run reports on latest data",
            "description": null,
            "arguments": {
                "arguments": {
                    "target_record_id": "{{vars.target_id}}"
                },
                "apply_async": false,
                "step_variables": [],
                "pass_parent_env": false,
                "pass_input_record": false,
                "workflowReference": "\/api\/3\/workflows\/f3762520-c72e-450f-b6ff-a8b4446b7219"
            },
            "status": null,
            "top": "140",
            "left": "360",
            "stepType": "\/api\/3\/workflow_step_types\/74932bdc-b8b6-4d24-88c4-1a4dfbc524f3",
            "group": null,
            "uuid": "12afb8ae-59bb-46d6-87fe-023cfc6dd714"
        },
        {
            "@type": "WorkflowStep",
            "name": "setup env",
            "description": null,
            "arguments": {
                "context": "{{vars.input.params.context}}",
                "raw_data": "{{vars.input.params.rawData}}",
                "target_id": "{{vars.input.records[0].id}}",
                "report_type": "{{vars.input.params.outputReportType.itemValue}}"
            },
            "status": null,
            "top": "40",
            "left": "360",
            "stepType": "\/api\/3\/workflow_step_types\/04d0cf46-b6a8-42c4-8683-60a7eaa69e8f",
            "group": null,
            "uuid": "b66f361a-018b-4d84-899d-ab3a104b8036"
        },
        {
            "@type": "WorkflowStep",
            "name": "Start",
            "description": "Create Netshot Output Report",
            "arguments": {
                "route": "1f961844-f04e-43e4-b356-d69aa7a329aa",
                "title": "Create Reports from Latest Outputs",
                "resources": [
                    "netshot_targets"
                ],
                "__triggerLimit": true,
                "inputVariables": [],
                "step_variables": {
                    "input": {
                        "params": [],
                        "records": "{{vars.input.records}}"
                    }
                },
                "_promptexpanded": true,
                "triggerOnSource": true,
                "displayConditions": {
                    "netshot_targets": {
                        "sort": [],
                        "limit": 30,
                        "logic": "AND",
                        "filters": [
                            {
                                "type": "array",
                                "field": "recordTags",
                                "value": "false",
                                "_value": "false",
                                "operator": "isnull"
                            }
                        ]
                    }
                },
                "executeButtonText": "Create",
                "noRecordExecution": false,
                "showToasterMessage": {
                    "visible": false,
                    "messageVisible": true
                },
                "triggerOnReplicate": false,
                "singleRecordExecution": false
            },
            "status": null,
            "top": "40",
            "left": "40",
            "stepType": "\/api\/3\/workflow_step_types\/f414d039-bb0d-4e59-9c39-a8f1e880b18a",
            "group": null,
            "uuid": "ac3dcfda-de63-4f03-957a-5e93902a91d8"
        }
    ],
    "routes": [
        {
            "@type": "WorkflowRoute",
            "name": "setup env -> run reports on latest data",
            "targetStep": "\/api\/3\/workflow_steps\/12afb8ae-59bb-46d6-87fe-023cfc6dd714",
            "sourceStep": "\/api\/3\/workflow_steps\/b66f361a-018b-4d84-899d-ab3a104b8036",
            "label": null,
            "isExecuted": false,
            "group": null,
            "uuid": "a9881246-b9c2-4321-af23-e3901fddef21"
        },
        {
            "@type": "WorkflowRoute",
            "name": "Start -> setup env",
            "targetStep": "\/api\/3\/workflow_steps\/b66f361a-018b-4d84-899d-ab3a104b8036",
            "sourceStep": "\/api\/3\/workflow_steps\/ac3dcfda-de63-4f03-957a-5e93902a91d8",
            "label": null,
            "isExecuted": false,
            "group": null,
            "uuid": "372f65b0-d6cc-4174-b8f5-8096495bf42d"
        }
    ],
    "groups": [],
    "priority": "\/api\/3\/picklists\/2b563c61-ae2c-41c0-a85a-c9709585e3f2",
    "playbookOrigin": "\/api\/3\/picklists\/b6d710a9-a8ec-41ec-8817-fe9fa062fcdd",
    "isEditable": true,
    "uuid": "155c3bf6-d672-4f46-93fd-3619b51bcc84",
    "owners": [],
    "isPrivate": false,
    "deletedAt": null,
    "recordTags": []
}