{
    "@type": "Workflow",
    "triggerLimit": null,
    "name": "Target - Re-Queue Output Files",
    "aliasName": null,
    "tag": null,
    "description": "Run all linked output profiles on the record.",
    "isActive": true,
    "debug": false,
    "singleRecordExecution": false,
    "remoteExecutableFlag": false,
    "parameters": [],
    "synchronous": false,
    "collection": "\/api\/3\/workflow_collections\/678ed3a6-ac0a-42a6-b96a-20fa792566b2",
    "versions": [],
    "triggerStep": "\/api\/3\/workflow_steps\/56ba3cc7-120c-4a61-9102-18cfa1ac25ff",
    "steps": [
        {
            "@type": "WorkflowStep",
            "name": "setup env",
            "description": null,
            "arguments": {
                "check": "True"
            },
            "status": null,
            "top": "80",
            "left": "420",
            "stepType": "\/api\/3\/workflow_step_types\/04d0cf46-b6a8-42c4-8683-60a7eaa69e8f",
            "group": null,
            "uuid": "23d23f6e-3ef2-4bc9-883b-9043492c76af"
        },
        {
            "@type": "WorkflowStep",
            "name": "Start",
            "description": null,
            "arguments": {
                "route": "40c59790-7127-47d6-a2ee-355732078618",
                "title": "Re-Queue Outputs",
                "resources": [
                    "netshot_targets"
                ],
                "__triggerLimit": true,
                "inputVariables": [],
                "step_variables": {
                    "input": {
                        "params": [],
                        "records": "{{vars.input.records}}"
                    }
                },
                "_promptexpanded": true,
                "triggerOnSource": true,
                "displayConditions": {
                    "netshot_targets": {
                        "sort": [],
                        "limit": 30,
                        "logic": "AND",
                        "filters": [
                            {
                                "type": "primitive",
                                "field": "reQueueOutputs",
                                "value": "",
                                "operator": "eq",
                                "_operator": "eq"
                            }
                        ]
                    }
                },
                "executeButtonText": "Execute",
                "noRecordExecution": false,
                "showToasterMessage": {
                    "visible": false,
                    "messageVisible": true
                },
                "triggerOnReplicate": false,
                "singleRecordExecution": true
            },
            "status": null,
            "top": "40",
            "left": "40",
            "stepType": "\/api\/3\/workflow_step_types\/f414d039-bb0d-4e59-9c39-a8f1e880b18a",
            "group": null,
            "uuid": "56ba3cc7-120c-4a61-9102-18cfa1ac25ff"
        },
        {
            "@type": "WorkflowStep",
            "name": "trigger queue",
            "description": null,
            "arguments": {
                "resource": {
                    "reQueueOutputs": "{{vars.check}}"
                },
                "operation": "Append",
                "collection": "{{vars.input.records[0]['@id']}}",
                "__recommend": [],
                "collectionType": "\/api\/3\/netshot_targets",
                "fieldOperation": {
                    "recordTags": "Append"
                },
                "step_variables": []
            },
            "status": null,
            "top": "120",
            "left": "40",
            "stepType": "\/api\/3\/workflow_step_types\/b593663d-7d13-40ce-a3a3-96dece928722",
            "group": null,
            "uuid": "02819885-3e8e-4439-8c13-a83a0fceb404"
        }
    ],
    "routes": [
        {
            "@type": "WorkflowRoute",
            "name": "setup env -> trigger queue",
            "targetStep": "\/api\/3\/workflow_steps\/02819885-3e8e-4439-8c13-a83a0fceb404",
            "sourceStep": "\/api\/3\/workflow_steps\/23d23f6e-3ef2-4bc9-883b-9043492c76af",
            "label": null,
            "isExecuted": false,
            "group": null,
            "uuid": "1402aa50-0bc6-4291-8bc9-26044b365cb3"
        },
        {
            "@type": "WorkflowRoute",
            "name": "Start -> setup env",
            "targetStep": "\/api\/3\/workflow_steps\/23d23f6e-3ef2-4bc9-883b-9043492c76af",
            "sourceStep": "\/api\/3\/workflow_steps\/56ba3cc7-120c-4a61-9102-18cfa1ac25ff",
            "label": null,
            "isExecuted": false,
            "group": null,
            "uuid": "cae36e8c-d14a-4db6-8be1-abfcbe75f795"
        }
    ],
    "groups": [],
    "priority": "\/api\/3\/picklists\/2b563c61-ae2c-41c0-a85a-c9709585e3f2",
    "playbookOrigin": "\/api\/3\/picklists\/b6d710a9-a8ec-41ec-8817-fe9fa062fcdd",
    "isEditable": true,
    "uuid": "c4c9de32-14b4-42a6-8786-ec9760b9ae81",
    "owners": [],
    "isPrivate": false,
    "deletedAt": null,
    "recordTags": [
        "Button",
        "Netshot Targets"
    ]
}