{
    "@type": "Workflow",
    "triggerLimit": null,
    "name": "Target - Run Output Profile",
    "aliasName": null,
    "tag": null,
    "description": "From a target record run an output profile.",
    "isActive": true,
    "debug": false,
    "singleRecordExecution": false,
    "remoteExecutableFlag": false,
    "parameters": [],
    "synchronous": false,
    "collection": "\/api\/3\/workflow_collections\/678ed3a6-ac0a-42a6-b96a-20fa792566b2",
    "versions": [],
    "triggerStep": "\/api\/3\/workflow_steps\/e84394b6-e44d-46ba-8d8e-a52a4e351537",
    "steps": [
        {
            "@type": "WorkflowStep",
            "name": "chunk profiles",
            "description": null,
            "arguments": {
                "output_profile_chunks": "{% set total_records = vars.output_profiles_options | length %}\n{% set chunk_size = vars.chunk_size %}\n{%- set table = [] -%}\n{%- for i in range(0, total_records, chunk_size) -%}\n  {%- if vars.output_profiles_options[0].id is defined -%}\n    {%- set chunk = [] -%}\n    {% for j in range(0,chunk_size) -%}\n      {%- if vars.output_profiles_options[i+j].id is defined -%}\n        {%- do chunk.append(vars.output_profiles_options[i+j]) -%}\n      {%- else -%}\n        {%- do chunk.append({}) -%}\n      {% endif -%}\n    {% endfor -%}\n    {%- do table.append(chunk) -%}\n  {% endif -%}\n{% endfor -%}\n{{table}}"
            },
            "status": null,
            "top": "120",
            "left": "1100",
            "stepType": "\/api\/3\/workflow_step_types\/04d0cf46-b6a8-42c4-8683-60a7eaa69e8f",
            "group": null,
            "uuid": "d02e2c72-5472-40ca-962a-1993033a7058"
        },
        {
            "@type": "WorkflowStep",
            "name": "create markdown vars",
            "description": null,
            "arguments": {
                "markdown_table": "{%- set chunk_cnt = vars.chunk_size -%}\n{% set table = [] -%}\n{%- for r in vars.output_profile_chunks -%}\n  {% set row = [] -%}\n  {%- for i in range(chunk_cnt) -%}\n    {% if r[i].id is defined -%}\n      {%- do row.append(r[i].id) -%}\n      {%- do row.append(r[i].name) -%}\n    {%- else -%}\n      {%- do row.append('  ') -%}\n      {%- do row.append('  ') -%}\n    {%- endif -%}\n    {%- if row not in table -%}\n    {% do table.append(row) -%} \n    {%- endif -%}\n  {%- endfor -%}\n{%- endfor %}\n{{table}}",
                "markdown_header": "{%- set header = [\"ID\",\"Name\"] -%}\n{%- set full_header = [] -%}\n{%- set chunk_cnt = vars.chunk_size -%}\n{%- for h in range(chunk_cnt) -%}\n  {%- do full_header.append(header|join(\" | \")) -%}\n{%- endfor -%}\n{{full_header}}"
            },
            "status": null,
            "top": "180",
            "left": "780",
            "stepType": "\/api\/3\/workflow_step_types\/04d0cf46-b6a8-42c4-8683-60a7eaa69e8f",
            "group": null,
            "uuid": "142ac39a-aae7-4026-a979-bf28cebdb1e9"
        },
        {
            "@type": "WorkflowStep",
            "name": "create output on target",
            "description": null,
            "arguments": {
                "arguments": {
                    "target_id": "{{vars.target_id}}",
                    "target_output_profile_id": "{{vars.steps.prompt_output_profile.input.outputProfile}}"
                },
                "apply_async": false,
                "step_variables": [],
                "pass_parent_env": false,
                "pass_input_record": false,
                "workflowReference": "\/api\/3\/workflows\/bd3f3005-a272-46fc-a33e-ba8b26bdb7e4"
            },
            "status": null,
            "top": "220",
            "left": "40",
            "stepType": "\/api\/3\/workflow_step_types\/74932bdc-b8b6-4d24-88c4-1a4dfbc524f3",
            "group": null,
            "uuid": "e9a9b6a6-162c-4e47-8264-f3a04fcd034f"
        },
        {
            "@type": "WorkflowStep",
            "name": "find output profiles",
            "description": null,
            "arguments": {
                "query": {
                    "sort": [
                        {
                            "field": "orderPriority",
                            "direction": "ASC",
                            "_fieldName": "orderPriority",
                            "_fieldTitle": "Order Priority"
                        },
                        {
                            "field": "name",
                            "direction": "ASC",
                            "_fieldName": "name",
                            "_fieldTitle": "Name"
                        }
                    ],
                    "limit": 30,
                    "logic": "AND",
                    "filters": [],
                    "__selectFields": [
                        "id",
                        "name",
                        "outputResource",
                        "targetOutputMethod"
                    ]
                },
                "module": "netshot_target_output_profiles?$limit=1000",
                "checkboxFields": true,
                "step_variables": {
                    "find_output_profiles": "{{vars.steps.find_output_profiles}}"
                }
            },
            "status": null,
            "top": "140",
            "left": "40",
            "stepType": "\/api\/3\/workflow_step_types\/b593663d-7d13-40ce-a3a3-96dece928770",
            "group": null,
            "uuid": "50f8a58e-a27b-4b66-9c14-b2863e9fa67f"
        },
        {
            "@type": "WorkflowStep",
            "name": "output profile prompt data",
            "description": null,
            "arguments": {
                "output_profiles_options": "{%- set table = [] -%}\n{%- for r in vars.find_output_profiles -%}\n  {%- set idx = {\n    \"name\": r.name,\n    \"type\": r.targetOutputMethod.itemValue,\n    \"resource\":r.outputResource,\n    \"id\": r.id\n  } -%}\n  {%- do table.append(idx) -%}\n{%- endfor -%}\n{{table}}"
            },
            "status": null,
            "top": "80",
            "left": "780",
            "stepType": "\/api\/3\/workflow_step_types\/04d0cf46-b6a8-42c4-8683-60a7eaa69e8f",
            "group": null,
            "uuid": "8bcb2545-e333-4451-8d83-1ad3dd810e6d"
        },
        {
            "@type": "WorkflowStep",
            "name": "prompt output profile",
            "description": null,
            "arguments": {
                "type": "InputBased",
                "input": {
                    "schema": {
                        "title": "Picking Profile",
                        "description": "Choose a profile to run:\n\n| {{  vars.markdown_header|join(' | ')  }} |\n| {{  vars.markdown_header|join(' | ')|regex_replace(\"\\w\",\"-\")  }} |\n{% for m in vars.markdown_table -%}\n| {{  m|join(' | ')  }} |\n{% endfor -%}",
                        "inputVariables": [
                            {
                                "name": "outputProfile",
                                "type": "array",
                                "label": "Output Profile",
                                "title": "Dynamic List",
                                "usable": true,
                                "options": "{{vars.output_profiles_options|json_query('[].id')}}",
                                "tooltip": "",
                                "dataType": "dynamicList",
                                "formType": "dynamicList",
                                "required": false,
                                "_expanded": true,
                                "mmdUpdate": true,
                                "collection": false,
                                "searchable": false,
                                "templateUrl": "app\/components\/form\/fields\/dynamicList.html",
                                "defaultValue": null,
                                "_previousName": "outputProfiles",
                                "playbookField": true,
                                "lengthConstraint": true,
                                "allowedGridColumn": false,
                                "jinjaExpressionView": true,
                                "useRecordFieldDefault": false
                            },
                            {
                                "name": "linkProfileToTarget",
                                "type": "boolean",
                                "label": "Link Profile to Target",
                                "title": "Checkbox",
                                "usable": true,
                                "tooltip": "",
                                "dataType": "checkbox",
                                "formType": "checkbox",
                                "required": false,
                                "_expanded": true,
                                "mmdUpdate": true,
                                "collection": false,
                                "searchable": true,
                                "templateUrl": "app\/components\/form\/fields\/checkbox.html",
                                "defaultValue": true,
                                "_previousName": "linkProfileToT",
                                "playbookField": true,
                                "lengthConstraint": false,
                                "allowedEncryption": false,
                                "allowedGridColumn": true,
                                "jinjaExpressionView": true,
                                "useRecordFieldDefault": false
                            }
                        ]
                    }
                },
                "record": "",
                "timeout": {
                    "days": 0,
                    "hours": 0,
                    "minutes": 5,
                    "step_iri": "\/api\/3\/workflow_steps\/59f6a078-9d1a-428a-a116-f9a2e24cd159"
                },
                "agent_id": null,
                "resources": "netshot_target_outputs",
                "is_approval": false,
                "owner_detail": {
                    "isAssigned": false,
                    "emailRecipients": ""
                },
                "isRecordLinked": false,
                "step_variables": [],
                "response_mapping": {
                    "options": [
                        {
                            "option": "Run",
                            "primary": true,
                            "step_iri": "\/api\/3\/workflow_steps\/0001d33e-572b-477b-a535-08971840a4e0"
                        },
                        {
                            "option": "Skip",
                            "step_iri": "\/api\/3\/workflow_steps\/59f6a078-9d1a-428a-a116-f9a2e24cd159"
                        }
                    ],
                    "duplicateOption": false,
                    "customSuccessMessage": "Awaiting Playbook resumed successfully."
                },
                "email_notification": {
                    "enabled": false,
                    "smtpParameters": []
                },
                "customEmailExternal": false,
                "inline_channel_list": [],
                "external_channel_list": [],
                "unauthenticated_input": false,
                "external_email_subject": null,
                "internal_email_subject": "A FortiSOAR playbook is requesting your input",
                "custom_email_body_external": null,
                "external_email_attachments": null
            },
            "status": null,
            "top": "540",
            "left": "780",
            "stepType": "\/api\/3\/workflow_step_types\/fc04082a-d7dc-4299-96fb-6837b1baa0fe",
            "group": null,
            "uuid": "41bfd030-6f70-458d-b883-3f21eeab7eb8"
        },
        {
            "@type": "WorkflowStep",
            "name": "set chunk_size",
            "description": null,
            "arguments": {
                "chunk_size": "{%- set tot =  vars.steps.find_output_profiles | length -%}\n{%- if tot <= 10 -%}\n1\n{%- elif tot <= 20 -%}\n2\n{%- elif tot <= 30 -%}\n3\n{%- elif tot <= 40 -%}\n4\n{%- else -%}\n5\n{%- endif -%}\n"
            },
            "status": null,
            "top": "180",
            "left": "360",
            "stepType": "\/api\/3\/workflow_step_types\/04d0cf46-b6a8-42c4-8683-60a7eaa69e8f",
            "group": null,
            "uuid": "98d783b6-78fd-4b53-8f31-c14dcb6bb2f8"
        },
        {
            "@type": "WorkflowStep",
            "name": "setup env",
            "description": null,
            "arguments": {
                "target_id": "{{vars.input.records[0].id}}"
            },
            "status": null,
            "top": "80",
            "left": "360",
            "stepType": "\/api\/3\/workflow_step_types\/04d0cf46-b6a8-42c4-8683-60a7eaa69e8f",
            "group": null,
            "uuid": "e67f1948-6151-44d5-8bab-2e18f5d75c37"
        },
        {
            "@type": "WorkflowStep",
            "name": "Start",
            "description": null,
            "arguments": {
                "route": "421e303c-0c9c-4c0d-8a68-c75474f40463",
                "title": "Add Output from Profile",
                "resources": [
                    "netshot_targets"
                ],
                "__triggerLimit": true,
                "inputVariables": [],
                "step_variables": {
                    "input": {
                        "params": [],
                        "records": "{{vars.input.records}}"
                    }
                },
                "triggerOnSource": true,
                "displayConditions": {
                    "netshot_targets": {
                        "sort": [],
                        "limit": 30,
                        "logic": "AND",
                        "filters": []
                    }
                },
                "executeButtonText": "Execute",
                "noRecordExecution": false,
                "showToasterMessage": {
                    "visible": false,
                    "messageVisible": true
                },
                "triggerOnReplicate": false,
                "singleRecordExecution": true
            },
            "status": null,
            "top": "40",
            "left": "40",
            "stepType": "\/api\/3\/workflow_step_types\/f414d039-bb0d-4e59-9c39-a8f1e880b18a",
            "group": null,
            "uuid": "e84394b6-e44d-46ba-8d8e-a52a4e351537"
        },
        {
            "@type": "WorkflowStep",
            "name": "timeout",
            "description": null,
            "arguments": [],
            "status": null,
            "top": "200",
            "left": "1100",
            "stepType": "\/api\/3\/workflow_step_types\/04d0cf46-b6a8-42c4-8683-60a7eaa69e8f",
            "group": null,
            "uuid": "59f6a078-9d1a-428a-a116-f9a2e24cd159"
        },
        {
            "@type": "WorkflowStep",
            "name": "update target profile",
            "description": null,
            "arguments": {
                "when": "{{vars.steps.prompt_output_profile.input.linkProfileToTarget}}",
                "resource": {
                    "__link": {
                        "netshotTargetOutputProfiles": "{{vars.steps.find_output_profiles[0]['@id']}}"
                    }
                },
                "operation": "Append",
                "collection": "{{vars.input.records[0]['@id']}}",
                "__recommend": [],
                "collectionType": "\/api\/3\/netshot_targets",
                "fieldOperation": {
                    "recordTags": "Append"
                },
                "step_variables": []
            },
            "status": null,
            "top": "320",
            "left": "40",
            "stepType": "\/api\/3\/workflow_step_types\/b593663d-7d13-40ce-a3a3-96dece928722",
            "group": null,
            "uuid": "1b2d91ab-7e99-4857-807e-da9c6c4c84fd"
        },
        {
            "@type": "WorkflowStep",
            "name": "user input",
            "description": null,
            "arguments": {
                "selected_profile": "{{vars.steps.prompt_output_profile.input.outputProfile}}"
            },
            "status": null,
            "top": "540",
            "left": "400",
            "stepType": "\/api\/3\/workflow_step_types\/04d0cf46-b6a8-42c4-8683-60a7eaa69e8f",
            "group": null,
            "uuid": "0001d33e-572b-477b-a535-08971840a4e0"
        }
    ],
    "routes": [
        {
            "@type": "WorkflowRoute",
            "name": "chunk profiles for markdown -> create markdown",
            "targetStep": "\/api\/3\/workflow_steps\/142ac39a-aae7-4026-a979-bf28cebdb1e9",
            "sourceStep": "\/api\/3\/workflow_steps\/d02e2c72-5472-40ca-962a-1993033a7058",
            "label": null,
            "isExecuted": false,
            "group": null,
            "uuid": "1eafbafb-d67a-4b6a-bb9f-0b2fa9221f11"
        },
        {
            "@type": "WorkflowRoute",
            "name": "create markdown vars -> prompt output profile",
            "targetStep": "\/api\/3\/workflow_steps\/41bfd030-6f70-458d-b883-3f21eeab7eb8",
            "sourceStep": "\/api\/3\/workflow_steps\/142ac39a-aae7-4026-a979-bf28cebdb1e9",
            "label": null,
            "isExecuted": false,
            "group": null,
            "uuid": "a06d81b5-c08f-4df7-8e5d-e2c5936a7278"
        },
        {
            "@type": "WorkflowRoute",
            "name": "find output profiles -> set chunk size",
            "targetStep": "\/api\/3\/workflow_steps\/98d783b6-78fd-4b53-8f31-c14dcb6bb2f8",
            "sourceStep": "\/api\/3\/workflow_steps\/50f8a58e-a27b-4b66-9c14-b2863e9fa67f",
            "label": null,
            "isExecuted": false,
            "group": null,
            "uuid": "b19aafe3-2ff8-4ec5-8956-bf62a511bd75"
        },
        {
            "@type": "WorkflowRoute",
            "name": "output profile prompt data -> chunk profiles for markdown",
            "targetStep": "\/api\/3\/workflow_steps\/d02e2c72-5472-40ca-962a-1993033a7058",
            "sourceStep": "\/api\/3\/workflow_steps\/8bcb2545-e333-4451-8d83-1ad3dd810e6d",
            "label": null,
            "isExecuted": false,
            "group": null,
            "uuid": "dc9c08c9-5c88-489e-8f9a-f1c9c41b52b5"
        },
        {
            "@type": "WorkflowRoute",
            "name": "prompt output profile -> timeout",
            "targetStep": "\/api\/3\/workflow_steps\/59f6a078-9d1a-428a-a116-f9a2e24cd159",
            "sourceStep": "\/api\/3\/workflow_steps\/41bfd030-6f70-458d-b883-3f21eeab7eb8",
            "label": "Skip",
            "isExecuted": false,
            "group": null,
            "uuid": "3ccb7eb3-5e12-4234-b9d9-af5bb24900b6"
        },
        {
            "@type": "WorkflowRoute",
            "name": "prompt output profile -> user input",
            "targetStep": "\/api\/3\/workflow_steps\/0001d33e-572b-477b-a535-08971840a4e0",
            "sourceStep": "\/api\/3\/workflow_steps\/41bfd030-6f70-458d-b883-3f21eeab7eb8",
            "label": "Run",
            "isExecuted": false,
            "group": null,
            "uuid": "55ca7705-dc87-4081-9261-220d95a04cc7"
        },
        {
            "@type": "WorkflowRoute",
            "name": "run profile on target -> Update Target",
            "targetStep": "\/api\/3\/workflow_steps\/1b2d91ab-7e99-4857-807e-da9c6c4c84fd",
            "sourceStep": "\/api\/3\/workflow_steps\/e9a9b6a6-162c-4e47-8264-f3a04fcd034f",
            "label": null,
            "isExecuted": false,
            "group": null,
            "uuid": "f5c941f5-4aad-4035-93c1-1e09055f47be"
        },
        {
            "@type": "WorkflowRoute",
            "name": "set chunk_size -> output profile prompt data",
            "targetStep": "\/api\/3\/workflow_steps\/8bcb2545-e333-4451-8d83-1ad3dd810e6d",
            "sourceStep": "\/api\/3\/workflow_steps\/98d783b6-78fd-4b53-8f31-c14dcb6bb2f8",
            "label": null,
            "isExecuted": false,
            "group": null,
            "uuid": "ffcb4698-8ece-442f-ab0c-19a254e91827"
        },
        {
            "@type": "WorkflowRoute",
            "name": "setup env -> find output profiles",
            "targetStep": "\/api\/3\/workflow_steps\/50f8a58e-a27b-4b66-9c14-b2863e9fa67f",
            "sourceStep": "\/api\/3\/workflow_steps\/e67f1948-6151-44d5-8bab-2e18f5d75c37",
            "label": null,
            "isExecuted": false,
            "group": null,
            "uuid": "d3b97e7d-f295-4288-a683-6346fcf95c30"
        },
        {
            "@type": "WorkflowRoute",
            "name": "Start -> setup env",
            "targetStep": "\/api\/3\/workflow_steps\/e67f1948-6151-44d5-8bab-2e18f5d75c37",
            "sourceStep": "\/api\/3\/workflow_steps\/e84394b6-e44d-46ba-8d8e-a52a4e351537",
            "label": null,
            "isExecuted": false,
            "group": null,
            "uuid": "e7535062-f433-47c1-9ddf-7b0d02bfa64d"
        },
        {
            "@type": "WorkflowRoute",
            "name": "user input -> run profile on target",
            "targetStep": "\/api\/3\/workflow_steps\/e9a9b6a6-162c-4e47-8264-f3a04fcd034f",
            "sourceStep": "\/api\/3\/workflow_steps\/0001d33e-572b-477b-a535-08971840a4e0",
            "label": null,
            "isExecuted": false,
            "group": null,
            "uuid": "e9a2aa61-825e-46ba-8f13-ebaa86fc44a2"
        }
    ],
    "groups": [
        {
            "@type": "WorkflowGroup",
            "name": "Playbook Logic",
            "description": "- Create a list of profiles that can be run to the user. \n - Create an output of selected profile. \n - If enabled, link the output to the output profile.",
            "type": "note",
            "isCollapsed": false,
            "hasTriggerStep": false,
            "hideInLogs": false,
            "metadata": [],
            "reusable": false,
            "top": "280",
            "left": "440",
            "height": "133",
            "width": "380",
            "uuid": "0f493511-3752-4063-87a7-3e964c2b8853",
            "recordTags": []
        }
    ],
    "priority": "\/api\/3\/picklists\/2b563c61-ae2c-41c0-a85a-c9709585e3f2",
    "playbookOrigin": "\/api\/3\/picklists\/b6d710a9-a8ec-41ec-8817-fe9fa062fcdd",
    "isEditable": true,
    "uuid": "09ce624f-b1ee-4c49-b403-31de25d67110",
    "owners": [],
    "isPrivate": false,
    "deletedAt": null,
    "recordTags": []
}