{
    "@type": "Workflow",
    "triggerLimit": null,
    "name": "Target - SSH and retrieve commands",
    "aliasName": null,
    "tag": null,
    "description": null,
    "isActive": true,
    "debug": false,
    "singleRecordExecution": false,
    "remoteExecutableFlag": false,
    "parameters": [],
    "synchronous": false,
    "collection": "\/api\/3\/workflow_collections\/678ed3a6-ac0a-42a6-b96a-20fa792566b2",
    "versions": [],
    "triggerStep": "\/api\/3\/workflow_steps\/02cf30ce-8580-479b-9b96-c65856ed9968",
    "steps": [
        {
            "@type": "WorkflowStep",
            "name": "create output request",
            "description": null,
            "arguments": {
                "arguments": {
                    "context": "{{vars.context}}",
                    "target_id": "{{vars.target_id}}",
                    "output_args": "{{vars.output_args}}",
                    "output_method": "{{vars.output_method}}",
                    "source_data_type": "{{vars.source_data_type}}"
                },
                "apply_async": false,
                "step_variables": [],
                "pass_parent_env": false,
                "pass_input_record": false,
                "workflowReference": "\/api\/3\/workflows\/3487a105-d7b0-4180-a4ca-dbb70cf8ee31"
            },
            "status": null,
            "top": "240",
            "left": "380",
            "stepType": "\/api\/3\/workflow_step_types\/74932bdc-b8b6-4d24-88c4-1a4dfbc524f3",
            "group": null,
            "uuid": "fd7f742f-3f07-41dd-bd17-2d2cd9a6849c"
        },
        {
            "@type": "WorkflowStep",
            "name": "enhance vars",
            "description": null,
            "arguments": {
                "context": "{%- set v1 = vars.user_context -%}\n{%- if v1 -%}\n{{v1}}\n{%- else -%}\n{{vars.ssh_commands}}\n{%- endif -%}",
                "output_args": "{\n  \"commands\": \"{{vars.ssh_commands}}\",\n  \"target_ip\": \"{{vars.target_ip}}\",\n  \"target_username\": \"{{vars.target_user}}\",\n  \"target_passsword\": \"{{vars.target_pass}}\"\n}"
            },
            "status": null,
            "top": "140",
            "left": "380",
            "stepType": "\/api\/3\/workflow_step_types\/04d0cf46-b6a8-42c4-8683-60a7eaa69e8f",
            "group": null,
            "uuid": "52d99379-c235-4ec7-b4cc-9b84d1e11faa"
        },
        {
            "@type": "WorkflowStep",
            "name": "setup env",
            "description": null,
            "arguments": {
                "target_id": "{{vars.input.records[0].id}}",
                "target_ip": "{{vars.input.records[0].deviceIP}}",
                "target_pass": "{{vars.input.records[0].devicePassword}}",
                "target_user": "{{vars.input.records[0].deviceUsername}}",
                "ssh_commands": "{{vars.input.params.commands}}",
                "user_context": "{{vars.input.params.context}}",
                "output_method": "SSH Command",
                "source_data_type": "TEXT",
                "target_record_id": "{{vars.input.records[0].id}}"
            },
            "status": null,
            "top": "40",
            "left": "380",
            "stepType": "\/api\/3\/workflow_step_types\/04d0cf46-b6a8-42c4-8683-60a7eaa69e8f",
            "group": null,
            "uuid": "f753fce6-7786-49d6-84ba-0072161f1a2f"
        },
        {
            "@type": "WorkflowStep",
            "name": "Start",
            "description": null,
            "arguments": {
                "route": "fc29eece-ccea-45c0-9d93-d2e12921e1b4",
                "title": "Add Output via SSH",
                "resources": [
                    "netshot_targets"
                ],
                "__triggerLimit": true,
                "inputVariables": [
                    {
                        "name": "commands",
                        "type": "string",
                        "label": "Commands",
                        "title": "Text Area",
                        "usable": false,
                        "tooltip": "",
                        "dataType": "text",
                        "formType": "textarea",
                        "required": true,
                        "_expanded": false,
                        "mmdUpdate": false,
                        "collection": false,
                        "searchable": false,
                        "templateUrl": "app\/components\/form\/fields\/json.html",
                        "defaultValue": null,
                        "_previousName": "commands",
                        "playbookField": true,
                        "lengthConstraint": false,
                        "allowedGridColumn": false,
                        "jinjaExpressionView": true,
                        "useRecordFieldDefault": false
                    },
                    {
                        "name": "context",
                        "type": "string",
                        "label": "Context",
                        "tooltip": "Optionally set a context for this output or the command will be used.",
                        "dataType": "text",
                        "formType": "text",
                        "required": false,
                        "_expanded": true,
                        "defaultValue": null,
                        "_previousName": "",
                        "visibilityQuery": {
                            "sort": [],
                            "limit": 30,
                            "logic": "OR",
                            "filters": [
                                {
                                    "type": "primitive",
                                    "field": "commands",
                                    "value": "%\\n%",
                                    "operator": "like",
                                    "_operator": "like"
                                },
                                {
                                    "type": "primitive",
                                    "field": "commands",
                                    "value": "%,%",
                                    "operator": "like",
                                    "_operator": "like"
                                }
                            ]
                        },
                        "jinjaExpressionView": true,
                        "useRecordFieldDefault": false,
                        "_addVisibilityConditions": true
                    }
                ],
                "step_variables": {
                    "input": {
                        "params": {
                            "context": "{{vars.request.data[\"context\"]}}",
                            "commands": "{{vars.request.data[\"commands\"]}}"
                        },
                        "records": "{{vars.input.records}}"
                    }
                },
                "_promptexpanded": true,
                "triggerOnSource": true,
                "displayConditions": {
                    "netshot_targets": {
                        "sort": [],
                        "limit": 30,
                        "logic": "AND",
                        "filters": [
                            {
                                "type": "primitive",
                                "field": "deviceIP",
                                "value": "false",
                                "operator": "isnull",
                                "_operator": "isnull"
                            },
                            {
                                "type": "primitive",
                                "field": "deviceUsername",
                                "value": "false",
                                "operator": "isnull",
                                "_operator": "isnull"
                            },
                            {
                                "type": "primitive",
                                "field": "devicePassword",
                                "value": "false",
                                "operator": "isnull",
                                "_operator": "isnull"
                            }
                        ]
                    }
                },
                "executeButtonText": "Execute",
                "noRecordExecution": false,
                "showToasterMessage": {
                    "visible": false,
                    "messageVisible": true
                },
                "triggerOnReplicate": false,
                "singleRecordExecution": false
            },
            "status": null,
            "top": "40",
            "left": "40",
            "stepType": "\/api\/3\/workflow_step_types\/f414d039-bb0d-4e59-9c39-a8f1e880b18a",
            "group": null,
            "uuid": "02cf30ce-8580-479b-9b96-c65856ed9968"
        }
    ],
    "routes": [
        {
            "@type": "WorkflowRoute",
            "name": "enhance vars -> create output request",
            "targetStep": "\/api\/3\/workflow_steps\/fd7f742f-3f07-41dd-bd17-2d2cd9a6849c",
            "sourceStep": "\/api\/3\/workflow_steps\/52d99379-c235-4ec7-b4cc-9b84d1e11faa",
            "label": null,
            "isExecuted": false,
            "group": null,
            "uuid": "a28ad526-374a-4c66-b86c-be5ce76950ce"
        },
        {
            "@type": "WorkflowRoute",
            "name": "setup env -> enhance vars",
            "targetStep": "\/api\/3\/workflow_steps\/52d99379-c235-4ec7-b4cc-9b84d1e11faa",
            "sourceStep": "\/api\/3\/workflow_steps\/f753fce6-7786-49d6-84ba-0072161f1a2f",
            "label": null,
            "isExecuted": false,
            "group": null,
            "uuid": "55dc998d-f605-4b10-abc5-6e28814542f9"
        },
        {
            "@type": "WorkflowRoute",
            "name": "Start -> setup env",
            "targetStep": "\/api\/3\/workflow_steps\/f753fce6-7786-49d6-84ba-0072161f1a2f",
            "sourceStep": "\/api\/3\/workflow_steps\/02cf30ce-8580-479b-9b96-c65856ed9968",
            "label": null,
            "isExecuted": false,
            "group": null,
            "uuid": "21c84c11-6afd-487a-ae27-88bc9a85b00b"
        }
    ],
    "groups": [],
    "priority": "\/api\/3\/picklists\/2b563c61-ae2c-41c0-a85a-c9709585e3f2",
    "playbookOrigin": "\/api\/3\/picklists\/b6d710a9-a8ec-41ec-8817-fe9fa062fcdd",
    "isEditable": true,
    "uuid": "4c96d99d-97f5-4add-be11-08b9c329ee0f",
    "owners": [],
    "isPrivate": false,
    "deletedAt": null,
    "recordTags": []
}