{
    "@type": "Workflow",
    "triggerLimit": null,
    "name": "Target - Add Output",
    "aliasName": null,
    "tag": null,
    "description": null,
    "isActive": true,
    "debug": false,
    "singleRecordExecution": false,
    "remoteExecutableFlag": false,
    "parameters": [],
    "synchronous": false,
    "collection": "\/api\/3\/workflow_collections\/678ed3a6-ac0a-42a6-b96a-20fa792566b2",
    "versions": [],
    "triggerStep": "\/api\/3\/workflow_steps\/55f8686e-98ec-4128-afab-b9d1036f5978",
    "steps": [
        {
            "@type": "WorkflowStep",
            "name": "create output record",
            "description": null,
            "arguments": {
                "arguments": {
                    "context": "{{vars.context}}",
                    "raw_data": "{{vars.raw_data}}",
                    "timestamp": "",
                    "target_record_id": "{{vars.target_id}}"
                },
                "apply_async": false,
                "step_variables": [],
                "pass_parent_env": false,
                "pass_input_record": false,
                "workflowReference": "\/api\/3\/workflows\/335783b5-873d-47e3-a58a-31b56575258e"
            },
            "status": null,
            "top": "140",
            "left": "360",
            "stepType": "\/api\/3\/workflow_step_types\/74932bdc-b8b6-4d24-88c4-1a4dfbc524f3",
            "group": null,
            "uuid": "ee13ecd9-6e36-412d-b4ff-5b4ec0d2f103"
        },
        {
            "@type": "WorkflowStep",
            "name": "setup env",
            "description": null,
            "arguments": {
                "context": "{{vars.input.params.context}}",
                "raw_data": "{{vars.input.params.rawData}}",
                "target_id": "{{vars.input.records[0].id}}"
            },
            "status": null,
            "top": "40",
            "left": "360",
            "stepType": "\/api\/3\/workflow_step_types\/04d0cf46-b6a8-42c4-8683-60a7eaa69e8f",
            "group": null,
            "uuid": "00040900-448e-4f20-b3a2-c459800ea339"
        },
        {
            "@type": "WorkflowStep",
            "name": "Start",
            "description": "Manually add network data to netshot for this target.",
            "arguments": {
                "route": "2dc5ea3e-854e-4804-8f7d-81d2041461d4",
                "title": "Add Output",
                "resources": [
                    "netshot_targets"
                ],
                "__triggerLimit": true,
                "inputVariables": [
                    {
                        "name": "context",
                        "type": "string",
                        "label": "Context",
                        "tooltip": "",
                        "dataType": "text",
                        "formType": "text",
                        "required": true,
                        "_expanded": true,
                        "defaultValue": null,
                        "_previousName": "context",
                        "jinjaExpressionView": true,
                        "useRecordFieldDefault": false
                    },
                    {
                        "name": "rawData",
                        "type": "string",
                        "label": "Raw Data",
                        "title": "Text Area",
                        "usable": false,
                        "tooltip": "Paste Raw Data for Target",
                        "dataType": "text",
                        "formType": "textarea",
                        "required": true,
                        "_expanded": true,
                        "mmdUpdate": false,
                        "collection": false,
                        "searchable": false,
                        "templateUrl": "app\/components\/form\/fields\/json.html",
                        "defaultValue": null,
                        "_previousName": "ra",
                        "playbookField": true,
                        "lengthConstraint": false,
                        "allowedGridColumn": false,
                        "jinjaExpressionView": true,
                        "useRecordFieldDefault": false
                    }
                ],
                "step_variables": {
                    "input": {
                        "params": {
                            "context": "{{vars.request.data[\"context\"]}}",
                            "rawData": "{{vars.request.data[\"rawData\"]}}"
                        },
                        "records": "{{vars.input.records}}"
                    }
                },
                "_promptexpanded": true,
                "triggerOnSource": true,
                "displayConditions": {
                    "netshot_targets": {
                        "sort": [],
                        "limit": 30,
                        "logic": "AND",
                        "filters": []
                    }
                },
                "executeButtonText": "Import",
                "noRecordExecution": false,
                "showToasterMessage": {
                    "visible": false,
                    "messageVisible": true
                },
                "triggerOnReplicate": false,
                "singleRecordExecution": false
            },
            "status": null,
            "top": "40",
            "left": "40",
            "stepType": "\/api\/3\/workflow_step_types\/f414d039-bb0d-4e59-9c39-a8f1e880b18a",
            "group": null,
            "uuid": "55f8686e-98ec-4128-afab-b9d1036f5978"
        }
    ],
    "routes": [
        {
            "@type": "WorkflowRoute",
            "name": "setup env -> create output record",
            "targetStep": "\/api\/3\/workflow_steps\/ee13ecd9-6e36-412d-b4ff-5b4ec0d2f103",
            "sourceStep": "\/api\/3\/workflow_steps\/00040900-448e-4f20-b3a2-c459800ea339",
            "label": null,
            "isExecuted": false,
            "group": null,
            "uuid": "566d94bd-dfd7-4eab-adc0-75600798a3c8"
        },
        {
            "@type": "WorkflowRoute",
            "name": "Start -> setup env",
            "targetStep": "\/api\/3\/workflow_steps\/00040900-448e-4f20-b3a2-c459800ea339",
            "sourceStep": "\/api\/3\/workflow_steps\/55f8686e-98ec-4128-afab-b9d1036f5978",
            "label": null,
            "isExecuted": false,
            "group": null,
            "uuid": "d3f893dc-aae1-4bdc-b4c9-fe9aaac88213"
        }
    ],
    "groups": [],
    "priority": "\/api\/3\/picklists\/2b563c61-ae2c-41c0-a85a-c9709585e3f2",
    "playbookOrigin": "\/api\/3\/picklists\/b6d710a9-a8ec-41ec-8817-fe9fa062fcdd",
    "isEditable": true,
    "uuid": "3d9b2192-36cd-4b46-bebe-77e5c8363077",
    "owners": [],
    "isPrivate": false,
    "deletedAt": null,
    "recordTags": []
}