{
    "@type": "Workflow",
    "triggerLimit": null,
    "name": "Target - Clear Username\/Password",
    "aliasName": null,
    "tag": null,
    "description": null,
    "isActive": true,
    "debug": false,
    "singleRecordExecution": false,
    "remoteExecutableFlag": false,
    "parameters": [],
    "synchronous": false,
    "collection": "\/api\/3\/workflow_collections\/678ed3a6-ac0a-42a6-b96a-20fa792566b2",
    "versions": [],
    "triggerStep": "\/api\/3\/workflow_steps\/46795bc6-8584-43e1-a23a-1d3672cee3ee",
    "steps": [
        {
            "@type": "WorkflowStep",
            "name": "clear fields",
            "description": null,
            "arguments": {
                "resource": {
                    "devicePassword": "{{\"None\" if myclear['x'] is undefined}}",
                    "deviceUsername": "{{\"None\"}}"
                },
                "operation": "Append",
                "collection": "{{vars.input.records[0]['@id']}}",
                "__recommend": [],
                "collectionType": "\/api\/3\/netshot_targets",
                "fieldOperation": {
                    "recordTags": "Append"
                },
                "step_variables": []
            },
            "status": null,
            "top": "40",
            "left": "820",
            "stepType": "\/api\/3\/workflow_step_types\/b593663d-7d13-40ce-a3a3-96dece928722",
            "group": null,
            "uuid": "579d0163-0a81-41b7-94c6-f9dec1474789"
        },
        {
            "@type": "WorkflowStep",
            "name": "setup env",
            "description": null,
            "arguments": {
                "myclear": "{\"x\":null}"
            },
            "status": null,
            "top": "20",
            "left": "460",
            "stepType": "\/api\/3\/workflow_step_types\/04d0cf46-b6a8-42c4-8683-60a7eaa69e8f",
            "group": null,
            "uuid": "a34745bb-15f9-490b-9e61-8d1fd1e709fd"
        },
        {
            "@type": "WorkflowStep",
            "name": "Start",
            "description": null,
            "arguments": {
                "route": "99ab2114-b3e6-4fa0-b67e-2bef61f1dbfe",
                "title": "Clear Username\/Password",
                "resources": [
                    "netshot_targets"
                ],
                "__triggerLimit": true,
                "inputVariables": [],
                "step_variables": {
                    "input": {
                        "params": [],
                        "records": "{{vars.input.records}}"
                    }
                },
                "triggerOnSource": true,
                "displayConditions": {
                    "netshot_targets": {
                        "sort": [],
                        "limit": 30,
                        "logic": "OR",
                        "filters": [
                            {
                                "type": "primitive",
                                "field": "deviceUsername",
                                "value": "false",
                                "operator": "isnull",
                                "_operator": "isnull"
                            },
                            {
                                "type": "primitive",
                                "field": "devicePassword",
                                "value": "false",
                                "operator": "isnull",
                                "_operator": "isnull"
                            }
                        ]
                    }
                },
                "executeButtonText": "Execute",
                "noRecordExecution": false,
                "showToasterMessage": {
                    "visible": false,
                    "messageVisible": true
                },
                "triggerOnReplicate": false,
                "singleRecordExecution": false
            },
            "status": null,
            "top": "40",
            "left": "40",
            "stepType": "\/api\/3\/workflow_step_types\/f414d039-bb0d-4e59-9c39-a8f1e880b18a",
            "group": null,
            "uuid": "46795bc6-8584-43e1-a23a-1d3672cee3ee"
        }
    ],
    "routes": [
        {
            "@type": "WorkflowRoute",
            "name": "setup env -> clear fields",
            "targetStep": "\/api\/3\/workflow_steps\/579d0163-0a81-41b7-94c6-f9dec1474789",
            "sourceStep": "\/api\/3\/workflow_steps\/a34745bb-15f9-490b-9e61-8d1fd1e709fd",
            "label": null,
            "isExecuted": false,
            "group": null,
            "uuid": "7d5e82fa-aab0-479e-8232-3d45689a3cef"
        },
        {
            "@type": "WorkflowRoute",
            "name": "Start -> setup env",
            "targetStep": "\/api\/3\/workflow_steps\/a34745bb-15f9-490b-9e61-8d1fd1e709fd",
            "sourceStep": "\/api\/3\/workflow_steps\/46795bc6-8584-43e1-a23a-1d3672cee3ee",
            "label": null,
            "isExecuted": false,
            "group": null,
            "uuid": "0816ebf8-6072-45d8-b657-a19b6e9b1cf4"
        }
    ],
    "groups": [
        {
            "@type": "WorkflowGroup",
            "name": "Notes",
            "description": "Not sure why I cannot set a target username\/password to null",
            "type": "note",
            "isCollapsed": false,
            "hasTriggerStep": false,
            "hideInLogs": true,
            "metadata": [],
            "reusable": false,
            "top": "140",
            "left": "500",
            "height": "0",
            "width": "300",
            "uuid": "2f544d43-dda7-4430-ae4f-ec84d832e7d8",
            "recordTags": []
        }
    ],
    "priority": "\/api\/3\/picklists\/2b563c61-ae2c-41c0-a85a-c9709585e3f2",
    "playbookOrigin": "\/api\/3\/picklists\/b6d710a9-a8ec-41ec-8817-fe9fa062fcdd",
    "isEditable": true,
    "uuid": "0f83dc2e-08c5-4964-b629-f88103950ade",
    "owners": [],
    "isPrivate": false,
    "deletedAt": null,
    "recordTags": []
}