[
    {
        "@type": "NetshotOutputReport",
        "timestamp": 1749748705,
        "name": "FMG - get system status",
        "context": "get system status",
        "activeReport": true,
        "reportOutputMarkdown": "**ID:24 FMG - get system status ( 2025-06-12 14:04:43 +00:00 )**\n| Line | Text | Message | \n| ----- | ----- | --------- | \n|1|Version\\s+: v7\\.6\\.(A\/B)-.*|pattern not found in text\n",
        "exceptionsFound": 1,
        "score": -25,
        "netshotOutputReportProfiles": "\/api\/3\/netshot_output_report_profiles\/c03507ea-8f74-4c3c-b0e3-ef1e64aa402f",
        "netshotDomains": "\/api\/3\/netshot_domains\/9d908807-86a9-4d51-b63f-a89e90647643",
        "netshotTargets": "\/api\/3\/netshot_targets\/80fcb457-4683-4dd8-b4ea-6c82ce56937c",
        "type": "\/api\/3\/picklists\/c1d5d38e-9dbd-4a8e-bd6d-1479cad1d42a",
        "status": "\/api\/3\/picklists\/27e6a838-db8e-4b96-b9f3-23878e57d148",
        "netshotTargetOutputs": [
            "\/api\/3\/netshot_target_outputs\/b7dcca8f-74f5-4e0e-a77e-1e5fd62d8c62"
        ],
        "comments": [],
        "exceptionStatus": "\/api\/3\/picklists\/d16850d9-d8c5-4db2-ba09-206b4192ce99",
        "uuid": "c1f4372b-88d8-4b21-9b01-315ec9f35760",
        "createUser": "\/api\/3\/appliances\/57545210-2adc-472b-a24f-2df6ee8dfe63",
        "createDate": 1749748665.594529,
        "modifyUser": "\/api\/3\/appliances\/57545210-2adc-472b-a24f-2df6ee8dfe63",
        "modifyDate": 1749748705.587348,
        "recordTags": [
            "System"
        ]
    },
    {
        "@type": "NetshotOutputReport",
        "timestamp": 1749748704,
        "name": "FMG - get system status",
        "context": "get system status",
        "activeReport": true,
        "reportOutputMarkdown": "**ID:24 FMG - get system status ( 2025-06-12 14:04:43 +00:00 )**\nNo Exceptions Found!\n",
        "exceptionsFound": 0,
        "score": 25,
        "netshotOutputReportProfiles": "\/api\/3\/netshot_output_report_profiles\/d197c262-4b5f-46bc-8153-7527e6c71ee2",
        "netshotDomains": "\/api\/3\/netshot_domains\/9d908807-86a9-4d51-b63f-a89e90647643",
        "netshotTargets": "\/api\/3\/netshot_targets\/80fcb457-4683-4dd8-b4ea-6c82ce56937c",
        "type": "\/api\/3\/picklists\/c1d5d38e-9dbd-4a8e-bd6d-1479cad1d42a",
        "status": "\/api\/3\/picklists\/27e6a838-db8e-4b96-b9f3-23878e57d148",
        "netshotTargetOutputs": [
            "\/api\/3\/netshot_target_outputs\/b7dcca8f-74f5-4e0e-a77e-1e5fd62d8c62"
        ],
        "comments": [],
        "exceptionStatus": "\/api\/3\/picklists\/6d27204d-dae5-40de-a042-883446b4ca50",
        "uuid": "e5fcc560-a95a-4925-ac05-d6d627822603",
        "createUser": "\/api\/3\/appliances\/57545210-2adc-472b-a24f-2df6ee8dfe63",
        "createDate": 1749748662.622106,
        "modifyUser": "\/api\/3\/appliances\/57545210-2adc-472b-a24f-2df6ee8dfe63",
        "modifyDate": 1749748704.763047,
        "recordTags": [
            "System"
        ]
    },
    {
        "@type": "NetshotOutputReport",
        "timestamp": 1749748695,
        "name": "FMG - nmap -n -p 22,23,80,443,541",
        "context": "nmap -n -p 22,23,80,443,541",
        "activeReport": true,
        "reportOutputMarkdown": "**ID:27 FMG - nmap -n -p 22,23,80,443,541 ( 2025-06-12 14:05:14 +00:00 )**\nNo Exceptions Found!\n",
        "exceptionsFound": 0,
        "score": 10,
        "netshotOutputReportProfiles": "\/api\/3\/netshot_output_report_profiles\/6b12d68f-29b8-41fb-82e0-80bd32ebe9d5",
        "netshotDomains": "\/api\/3\/netshot_domains\/9d908807-86a9-4d51-b63f-a89e90647643",
        "netshotTargets": "\/api\/3\/netshot_targets\/80fcb457-4683-4dd8-b4ea-6c82ce56937c",
        "type": "\/api\/3\/picklists\/1af191f9-2d25-42b5-919a-443e4c74f3a7",
        "status": "\/api\/3\/picklists\/27e6a838-db8e-4b96-b9f3-23878e57d148",
        "netshotTargetOutputs": [
            "\/api\/3\/netshot_target_outputs\/2cb4f528-9fb2-4d98-82bc-a5ab65f5fcf2"
        ],
        "comments": [],
        "exceptionStatus": "\/api\/3\/picklists\/6d27204d-dae5-40de-a042-883446b4ca50",
        "uuid": "3c426234-0336-4bbf-958e-3f43c673d9c3",
        "createUser": "\/api\/3\/appliances\/57545210-2adc-472b-a24f-2df6ee8dfe63",
        "createDate": 1749748658.149821,
        "modifyUser": "\/api\/3\/appliances\/57545210-2adc-472b-a24f-2df6ee8dfe63",
        "modifyDate": 1749748695.746708,
        "recordTags": [
            "Scan"
        ]
    },
    {
        "@type": "NetshotOutputReport",
        "timestamp": 1749748694,
        "name": "FMG - nmap -n -p 22,23,80,443,541",
        "context": "nmap -n -p 22,23,80,443,541",
        "activeReport": true,
        "reportOutputMarkdown": "**ID:27 FMG - nmap -n -p 22,23,80,443,541 ( 2025-06-12 14:05:14 +00:00 )**\nNo Exceptions Found!\n",
        "exceptionsFound": 0,
        "score": 10,
        "netshotOutputReportProfiles": "\/api\/3\/netshot_output_report_profiles\/1b190f6f-6018-478c-9653-aabd4a607494",
        "netshotDomains": "\/api\/3\/netshot_domains\/9d908807-86a9-4d51-b63f-a89e90647643",
        "netshotTargets": "\/api\/3\/netshot_targets\/80fcb457-4683-4dd8-b4ea-6c82ce56937c",
        "type": "\/api\/3\/picklists\/1af191f9-2d25-42b5-919a-443e4c74f3a7",
        "status": "\/api\/3\/picklists\/27e6a838-db8e-4b96-b9f3-23878e57d148",
        "netshotTargetOutputs": [
            "\/api\/3\/netshot_target_outputs\/2cb4f528-9fb2-4d98-82bc-a5ab65f5fcf2"
        ],
        "comments": [],
        "exceptionStatus": "\/api\/3\/picklists\/6d27204d-dae5-40de-a042-883446b4ca50",
        "uuid": "a7d782f8-3fec-4e9c-bc91-bb99048ebe1d",
        "createUser": "\/api\/3\/appliances\/57545210-2adc-472b-a24f-2df6ee8dfe63",
        "createDate": 1749748655.297674,
        "modifyUser": "\/api\/3\/appliances\/57545210-2adc-472b-a24f-2df6ee8dfe63",
        "modifyDate": 1749748694.44163,
        "recordTags": [
            "Scan"
        ]
    },
    {
        "@type": "NetshotOutputReport",
        "timestamp": 1749748691,
        "name": "FG2 - get system status",
        "context": "get system status",
        "activeReport": true,
        "reportOutputMarkdown": "**ID:22 FG2 - get system status ( 2025-06-12 14:04:41 +00:00 )**\nNo Exceptions Found!\n",
        "exceptionsFound": 0,
        "score": 25,
        "netshotOutputReportProfiles": "\/api\/3\/netshot_output_report_profiles\/d197c262-4b5f-46bc-8153-7527e6c71ee2",
        "netshotDomains": "\/api\/3\/netshot_domains\/9d908807-86a9-4d51-b63f-a89e90647643",
        "netshotTargets": "\/api\/3\/netshot_targets\/038e67d5-2d15-4290-bc3c-00895cb49184",
        "type": "\/api\/3\/picklists\/c1d5d38e-9dbd-4a8e-bd6d-1479cad1d42a",
        "status": "\/api\/3\/picklists\/27e6a838-db8e-4b96-b9f3-23878e57d148",
        "netshotTargetOutputs": [
            "\/api\/3\/netshot_target_outputs\/147e9bb4-9697-4f45-a58a-7012780b44e7"
        ],
        "comments": [],
        "exceptionStatus": "\/api\/3\/picklists\/6d27204d-dae5-40de-a042-883446b4ca50",
        "uuid": "a00c6add-e9bc-4aac-920b-3bb6af78304c",
        "createUser": "\/api\/3\/appliances\/57545210-2adc-472b-a24f-2df6ee8dfe63",
        "createDate": 1749748652.575908,
        "modifyUser": "\/api\/3\/appliances\/57545210-2adc-472b-a24f-2df6ee8dfe63",
        "modifyDate": 1749748691.787733,
        "recordTags": [
            "System"
        ]
    },
    {
        "@type": "NetshotOutputReport",
        "timestamp": 1749748690,
        "name": "FG1 - get system status",
        "context": "get system status",
        "activeReport": true,
        "reportOutputMarkdown": "**ID:23 FG1 - get system status ( 2025-06-12 14:04:42 +00:00 )**\nNo Exceptions Found!\n",
        "exceptionsFound": 0,
        "score": 25,
        "netshotOutputReportProfiles": "\/api\/3\/netshot_output_report_profiles\/d197c262-4b5f-46bc-8153-7527e6c71ee2",
        "netshotDomains": "\/api\/3\/netshot_domains\/9d908807-86a9-4d51-b63f-a89e90647643",
        "netshotTargets": "\/api\/3\/netshot_targets\/6ffed084-5041-49d9-8242-bfac29cc6774",
        "type": "\/api\/3\/picklists\/c1d5d38e-9dbd-4a8e-bd6d-1479cad1d42a",
        "status": "\/api\/3\/picklists\/27e6a838-db8e-4b96-b9f3-23878e57d148",
        "netshotTargetOutputs": [
            "\/api\/3\/netshot_target_outputs\/e9d9fc15-f9fd-4f59-883b-76612b56fcfb"
        ],
        "comments": [],
        "exceptionStatus": "\/api\/3\/picklists\/6d27204d-dae5-40de-a042-883446b4ca50",
        "uuid": "f7271747-512f-42ff-af92-85a6d5243500",
        "createUser": "\/api\/3\/appliances\/57545210-2adc-472b-a24f-2df6ee8dfe63",
        "createDate": 1749748652.20228,
        "modifyUser": "\/api\/3\/appliances\/57545210-2adc-472b-a24f-2df6ee8dfe63",
        "modifyDate": 1749748691.16392,
        "recordTags": [
            "System"
        ]
    },
    {
        "@type": "NetshotOutputReport",
        "timestamp": 1749748680,
        "name": "FG2 - show",
        "context": "show",
        "activeReport": true,
        "reportOutputMarkdown": "**ID:28 FG2 - show ( 2025-06-12 14:05:36 +00:00 )**\nNo Exceptions Found!\n",
        "exceptionsFound": 0,
        "score": 10,
        "netshotOutputReportProfiles": "\/api\/3\/netshot_output_report_profiles\/d4910353-a34b-4587-a23a-0da90a92fed6",
        "netshotDomains": "\/api\/3\/netshot_domains\/9d908807-86a9-4d51-b63f-a89e90647643",
        "netshotTargets": "\/api\/3\/netshot_targets\/038e67d5-2d15-4290-bc3c-00895cb49184",
        "type": "\/api\/3\/picklists\/1af191f9-2d25-42b5-919a-443e4c74f3a7",
        "status": "\/api\/3\/picklists\/27e6a838-db8e-4b96-b9f3-23878e57d148",
        "netshotTargetOutputs": [
            "\/api\/3\/netshot_target_outputs\/2d2af2bc-3eac-4193-88e0-8a69ecc09a04"
        ],
        "comments": [],
        "exceptionStatus": "\/api\/3\/picklists\/6d27204d-dae5-40de-a042-883446b4ca50",
        "uuid": "29c369f5-d3d3-4f96-96a9-1712e26913ae",
        "createUser": "\/api\/3\/appliances\/57545210-2adc-472b-a24f-2df6ee8dfe63",
        "createDate": 1749748645.600188,
        "modifyUser": "\/api\/3\/appliances\/57545210-2adc-472b-a24f-2df6ee8dfe63",
        "modifyDate": 1749748681.247384,
        "recordTags": [
            "Config",
            "System"
        ]
    },
    {
        "@type": "NetshotOutputReport",
        "timestamp": 1749748680,
        "name": "FMG - show",
        "context": "show",
        "activeReport": true,
        "reportOutputMarkdown": "**ID:30 FMG - show ( 2025-06-12 14:05:43 +00:00 )**\nNo Exceptions Found!\n",
        "exceptionsFound": 0,
        "score": 10,
        "netshotOutputReportProfiles": "\/api\/3\/netshot_output_report_profiles\/d4910353-a34b-4587-a23a-0da90a92fed6",
        "netshotDomains": "\/api\/3\/netshot_domains\/9d908807-86a9-4d51-b63f-a89e90647643",
        "netshotTargets": "\/api\/3\/netshot_targets\/80fcb457-4683-4dd8-b4ea-6c82ce56937c",
        "type": "\/api\/3\/picklists\/1af191f9-2d25-42b5-919a-443e4c74f3a7",
        "status": "\/api\/3\/picklists\/27e6a838-db8e-4b96-b9f3-23878e57d148",
        "netshotTargetOutputs": [
            "\/api\/3\/netshot_target_outputs\/c2db4591-3475-4989-809a-33f07621d047"
        ],
        "comments": [],
        "exceptionStatus": "\/api\/3\/picklists\/6d27204d-dae5-40de-a042-883446b4ca50",
        "uuid": "34a0b0b8-b470-4e95-b2c6-770cd946030d",
        "createUser": "\/api\/3\/appliances\/57545210-2adc-472b-a24f-2df6ee8dfe63",
        "createDate": 1749748650.819276,
        "modifyUser": "\/api\/3\/appliances\/57545210-2adc-472b-a24f-2df6ee8dfe63",
        "modifyDate": 1749748681.05818,
        "recordTags": [
            "Config",
            "System"
        ]
    },
    {
        "@type": "NetshotOutputReport",
        "timestamp": 1749748678,
        "name": "FMG - show",
        "context": "show",
        "activeReport": true,
        "reportOutputMarkdown": "**ID:30 FMG - show ( 2025-06-12 14:05:43 +00:00 )**\nNo Exceptions Found!\n",
        "exceptionsFound": 0,
        "score": 10,
        "netshotOutputReportProfiles": "\/api\/3\/netshot_output_report_profiles\/cfc6099f-2a05-4ede-92d6-77651b9204bf",
        "netshotDomains": "\/api\/3\/netshot_domains\/9d908807-86a9-4d51-b63f-a89e90647643",
        "netshotTargets": "\/api\/3\/netshot_targets\/80fcb457-4683-4dd8-b4ea-6c82ce56937c",
        "type": "\/api\/3\/picklists\/1af191f9-2d25-42b5-919a-443e4c74f3a7",
        "status": "\/api\/3\/picklists\/27e6a838-db8e-4b96-b9f3-23878e57d148",
        "netshotTargetOutputs": [
            "\/api\/3\/netshot_target_outputs\/c2db4591-3475-4989-809a-33f07621d047"
        ],
        "comments": [],
        "exceptionStatus": "\/api\/3\/picklists\/6d27204d-dae5-40de-a042-883446b4ca50",
        "uuid": "5bb53333-9fa2-469a-8645-5c842aa240ad",
        "createUser": "\/api\/3\/appliances\/57545210-2adc-472b-a24f-2df6ee8dfe63",
        "createDate": 1749748647.393768,
        "modifyUser": "\/api\/3\/appliances\/57545210-2adc-472b-a24f-2df6ee8dfe63",
        "modifyDate": 1749748678.29556,
        "recordTags": [
            "Config",
            "System"
        ]
    },
    {
        "@type": "NetshotOutputReport",
        "timestamp": 1749748677,
        "name": "FG1 - show",
        "context": "show",
        "activeReport": true,
        "reportOutputMarkdown": "**ID:29 FG1 - show ( 2025-06-12 14:05:39 +00:00 )**\nNo Exceptions Found!\n",
        "exceptionsFound": 0,
        "score": 10,
        "netshotOutputReportProfiles": "\/api\/3\/netshot_output_report_profiles\/d4910353-a34b-4587-a23a-0da90a92fed6",
        "netshotDomains": "\/api\/3\/netshot_domains\/9d908807-86a9-4d51-b63f-a89e90647643",
        "netshotTargets": "\/api\/3\/netshot_targets\/6ffed084-5041-49d9-8242-bfac29cc6774",
        "type": "\/api\/3\/picklists\/1af191f9-2d25-42b5-919a-443e4c74f3a7",
        "status": "\/api\/3\/picklists\/27e6a838-db8e-4b96-b9f3-23878e57d148",
        "netshotTargetOutputs": [
            "\/api\/3\/netshot_target_outputs\/ed0410b9-3e95-44ff-ab93-4bf506d76fed"
        ],
        "comments": [],
        "exceptionStatus": "\/api\/3\/picklists\/6d27204d-dae5-40de-a042-883446b4ca50",
        "uuid": "6404ad85-5a8b-47f1-b47e-d75fd4ac10c9",
        "createUser": "\/api\/3\/appliances\/57545210-2adc-472b-a24f-2df6ee8dfe63",
        "createDate": 1749748645.347115,
        "modifyUser": "\/api\/3\/appliances\/57545210-2adc-472b-a24f-2df6ee8dfe63",
        "modifyDate": 1749748677.665918,
        "recordTags": [
            "Config",
            "System"
        ]
    },
    {
        "@type": "NetshotOutputReport",
        "timestamp": 1749748661,
        "name": "FG2 - show",
        "context": "show",
        "activeReport": true,
        "reportOutputMarkdown": "**ID:28 FG2 - show ( 2025-06-12 14:05:36 +00:00 )**\nNo Exceptions Found!\n",
        "exceptionsFound": 0,
        "score": 10,
        "netshotOutputReportProfiles": "\/api\/3\/netshot_output_report_profiles\/cfc6099f-2a05-4ede-92d6-77651b9204bf",
        "netshotDomains": "\/api\/3\/netshot_domains\/9d908807-86a9-4d51-b63f-a89e90647643",
        "netshotTargets": "\/api\/3\/netshot_targets\/038e67d5-2d15-4290-bc3c-00895cb49184",
        "type": "\/api\/3\/picklists\/1af191f9-2d25-42b5-919a-443e4c74f3a7",
        "status": "\/api\/3\/picklists\/27e6a838-db8e-4b96-b9f3-23878e57d148",
        "netshotTargetOutputs": [
            "\/api\/3\/netshot_target_outputs\/2d2af2bc-3eac-4193-88e0-8a69ecc09a04"
        ],
        "comments": [],
        "exceptionStatus": "\/api\/3\/picklists\/6d27204d-dae5-40de-a042-883446b4ca50",
        "uuid": "124d3b7f-e053-4550-830e-189e5d3045bd",
        "createUser": "\/api\/3\/appliances\/57545210-2adc-472b-a24f-2df6ee8dfe63",
        "createDate": 1749748642.139026,
        "modifyUser": "\/api\/3\/appliances\/57545210-2adc-472b-a24f-2df6ee8dfe63",
        "modifyDate": 1749748661.503896,
        "recordTags": [
            "Config",
            "System"
        ]
    },
    {
        "@type": "NetshotOutputReport",
        "timestamp": 1749748660,
        "name": "FG1 - show",
        "context": "show",
        "activeReport": true,
        "reportOutputMarkdown": "**ID:29 FG1 - show ( 2025-06-12 14:05:39 +00:00 )**\nNo Exceptions Found!\n",
        "exceptionsFound": 0,
        "score": 10,
        "netshotOutputReportProfiles": "\/api\/3\/netshot_output_report_profiles\/cfc6099f-2a05-4ede-92d6-77651b9204bf",
        "netshotDomains": "\/api\/3\/netshot_domains\/9d908807-86a9-4d51-b63f-a89e90647643",
        "netshotTargets": "\/api\/3\/netshot_targets\/6ffed084-5041-49d9-8242-bfac29cc6774",
        "type": "\/api\/3\/picklists\/1af191f9-2d25-42b5-919a-443e4c74f3a7",
        "status": "\/api\/3\/picklists\/27e6a838-db8e-4b96-b9f3-23878e57d148",
        "netshotTargetOutputs": [
            "\/api\/3\/netshot_target_outputs\/ed0410b9-3e95-44ff-ab93-4bf506d76fed"
        ],
        "comments": [],
        "exceptionStatus": "\/api\/3\/picklists\/6d27204d-dae5-40de-a042-883446b4ca50",
        "uuid": "b05771ae-e117-465c-931a-d18057a14563",
        "createUser": "\/api\/3\/appliances\/57545210-2adc-472b-a24f-2df6ee8dfe63",
        "createDate": 1749748641.738862,
        "modifyUser": "\/api\/3\/appliances\/57545210-2adc-472b-a24f-2df6ee8dfe63",
        "modifyDate": 1749748660.371755,
        "recordTags": [
            "Config",
            "System"
        ]
    },
    {
        "@type": "NetshotOutputReport",
        "timestamp": 1749748656,
        "name": "FMG - Get ADOMs",
        "context": "Get ADOMs",
        "activeReport": true,
        "reportOutputMarkdown": "**ID:31 FMG - Get ADOMs ( 2025-06-12 14:06:29 +00:00 )**\nNo Exceptions Found!\n",
        "exceptionsFound": 0,
        "score": 10,
        "netshotOutputReportProfiles": "\/api\/3\/netshot_output_report_profiles\/24b7dd0a-102f-4b1f-9f3d-bae1cc8e21b3",
        "netshotDomains": "\/api\/3\/netshot_domains\/9d908807-86a9-4d51-b63f-a89e90647643",
        "netshotTargets": "\/api\/3\/netshot_targets\/80fcb457-4683-4dd8-b4ea-6c82ce56937c",
        "type": "\/api\/3\/picklists\/1af191f9-2d25-42b5-919a-443e4c74f3a7",
        "status": "\/api\/3\/picklists\/27e6a838-db8e-4b96-b9f3-23878e57d148",
        "netshotTargetOutputs": [
            "\/api\/3\/netshot_target_outputs\/682bcfe4-4ca4-4930-9f08-1be519f99516"
        ],
        "comments": [],
        "exceptionStatus": "\/api\/3\/picklists\/6d27204d-dae5-40de-a042-883446b4ca50",
        "uuid": "d8417d19-f28b-4ec4-bf0b-6b8e4418831c",
        "createUser": "\/api\/3\/appliances\/57545210-2adc-472b-a24f-2df6ee8dfe63",
        "createDate": 1749748642.064822,
        "modifyUser": "\/api\/3\/appliances\/57545210-2adc-472b-a24f-2df6ee8dfe63",
        "modifyDate": 1749748657.183946,
        "recordTags": [
            "Scan"
        ]
    },
    {
        "@type": "NetshotOutputReport",
        "timestamp": 1749737208,
        "name": "FMG - Get ADOMs",
        "context": "Get ADOMs",
        "activeReport": false,
        "reportOutputMarkdown": "**ID:31 FMG - Get ADOMs ( 2025-06-12 14:06:29 +00:00 )**\nNo Exceptions Found!\n",
        "exceptionsFound": 0,
        "score": 10,
        "netshotOutputReportProfiles": "\/api\/3\/netshot_output_report_profiles\/24b7dd0a-102f-4b1f-9f3d-bae1cc8e21b3",
        "netshotDomains": "\/api\/3\/netshot_domains\/9d908807-86a9-4d51-b63f-a89e90647643",
        "netshotTargets": "\/api\/3\/netshot_targets\/80fcb457-4683-4dd8-b4ea-6c82ce56937c",
        "type": "\/api\/3\/picklists\/1af191f9-2d25-42b5-919a-443e4c74f3a7",
        "status": "\/api\/3\/picklists\/27e6a838-db8e-4b96-b9f3-23878e57d148",
        "netshotTargetOutputs": [
            "\/api\/3\/netshot_target_outputs\/682bcfe4-4ca4-4930-9f08-1be519f99516"
        ],
        "comments": [],
        "exceptionStatus": "\/api\/3\/picklists\/6d27204d-dae5-40de-a042-883446b4ca50",
        "uuid": "617ab340-fb73-4033-bc13-2b38615ed9c6",
        "createUser": "\/api\/3\/appliances\/57545210-2adc-472b-a24f-2df6ee8dfe63",
        "createDate": 1749737194.1573,
        "modifyUser": "\/api\/3\/appliances\/57545210-2adc-472b-a24f-2df6ee8dfe63",
        "modifyDate": 1749748641.764873,
        "recordTags": [
            "Scan"
        ]
    },
    {
        "@type": "NetshotOutputReport",
        "timestamp": 1749737185,
        "name": "FMG - show",
        "context": "show",
        "activeReport": false,
        "reportOutputMarkdown": "**ID:30 FMG - show ( 2025-06-12 14:05:43 +00:00 )**\nNo Exceptions Found!\n",
        "exceptionsFound": 0,
        "score": 10,
        "netshotOutputReportProfiles": "\/api\/3\/netshot_output_report_profiles\/d4910353-a34b-4587-a23a-0da90a92fed6",
        "netshotDomains": "\/api\/3\/netshot_domains\/9d908807-86a9-4d51-b63f-a89e90647643",
        "netshotTargets": "\/api\/3\/netshot_targets\/80fcb457-4683-4dd8-b4ea-6c82ce56937c",
        "type": "\/api\/3\/picklists\/1af191f9-2d25-42b5-919a-443e4c74f3a7",
        "status": "\/api\/3\/picklists\/27e6a838-db8e-4b96-b9f3-23878e57d148",
        "netshotTargetOutputs": [
            "\/api\/3\/netshot_target_outputs\/c2db4591-3475-4989-809a-33f07621d047"
        ],
        "comments": [],
        "exceptionStatus": "\/api\/3\/picklists\/6d27204d-dae5-40de-a042-883446b4ca50",
        "uuid": "64ddea7b-9d19-42d6-aecd-be2bd5353f71",
        "createUser": "\/api\/3\/appliances\/57545210-2adc-472b-a24f-2df6ee8dfe63",
        "createDate": 1749737151.411206,
        "modifyUser": "\/api\/3\/appliances\/57545210-2adc-472b-a24f-2df6ee8dfe63",
        "modifyDate": 1749748650.491194,
        "recordTags": [
            "Config",
            "System"
        ]
    },
    {
        "@type": "NetshotOutputReport",
        "timestamp": 1749737178,
        "name": "FMG - show",
        "context": "show",
        "activeReport": false,
        "reportOutputMarkdown": "**ID:30 FMG - show ( 2025-06-12 14:05:43 +00:00 )**\nNo Exceptions Found!\n",
        "exceptionsFound": 0,
        "score": 10,
        "netshotOutputReportProfiles": "\/api\/3\/netshot_output_report_profiles\/cfc6099f-2a05-4ede-92d6-77651b9204bf",
        "netshotDomains": "\/api\/3\/netshot_domains\/9d908807-86a9-4d51-b63f-a89e90647643",
        "netshotTargets": "\/api\/3\/netshot_targets\/80fcb457-4683-4dd8-b4ea-6c82ce56937c",
        "type": "\/api\/3\/picklists\/1af191f9-2d25-42b5-919a-443e4c74f3a7",
        "status": "\/api\/3\/picklists\/27e6a838-db8e-4b96-b9f3-23878e57d148",
        "netshotTargetOutputs": [
            "\/api\/3\/netshot_target_outputs\/c2db4591-3475-4989-809a-33f07621d047"
        ],
        "comments": [],
        "exceptionStatus": "\/api\/3\/picklists\/6d27204d-dae5-40de-a042-883446b4ca50",
        "uuid": "ac65db22-92d5-414c-8afc-2a02c05b3643",
        "createUser": "\/api\/3\/appliances\/57545210-2adc-472b-a24f-2df6ee8dfe63",
        "createDate": 1749737148.865004,
        "modifyUser": "\/api\/3\/appliances\/57545210-2adc-472b-a24f-2df6ee8dfe63",
        "modifyDate": 1749748647.041527,
        "recordTags": [
            "Config",
            "System"
        ]
    },
    {
        "@type": "NetshotOutputReport",
        "timestamp": 1749737172,
        "name": "FG1 - show",
        "context": "show",
        "activeReport": false,
        "reportOutputMarkdown": "**ID:29 FG1 - show ( 2025-06-12 14:05:39 +00:00 )**\nNo Exceptions Found!\n",
        "exceptionsFound": 0,
        "score": 10,
        "netshotOutputReportProfiles": "\/api\/3\/netshot_output_report_profiles\/d4910353-a34b-4587-a23a-0da90a92fed6",
        "netshotDomains": "\/api\/3\/netshot_domains\/9d908807-86a9-4d51-b63f-a89e90647643",
        "netshotTargets": "\/api\/3\/netshot_targets\/6ffed084-5041-49d9-8242-bfac29cc6774",
        "type": "\/api\/3\/picklists\/1af191f9-2d25-42b5-919a-443e4c74f3a7",
        "status": "\/api\/3\/picklists\/27e6a838-db8e-4b96-b9f3-23878e57d148",
        "netshotTargetOutputs": [
            "\/api\/3\/netshot_target_outputs\/ed0410b9-3e95-44ff-ab93-4bf506d76fed"
        ],
        "comments": [],
        "exceptionStatus": "\/api\/3\/picklists\/6d27204d-dae5-40de-a042-883446b4ca50",
        "uuid": "32a03180-7e37-4821-aa6d-cd4e8055d44d",
        "createUser": "\/api\/3\/appliances\/57545210-2adc-472b-a24f-2df6ee8dfe63",
        "createDate": 1749737148.614859,
        "modifyUser": "\/api\/3\/appliances\/57545210-2adc-472b-a24f-2df6ee8dfe63",
        "modifyDate": 1749748645.097347,
        "recordTags": [
            "Config",
            "System"
        ]
    },
    {
        "@type": "NetshotOutputReport",
        "timestamp": 1749737170,
        "name": "FG1 - show",
        "context": "show",
        "activeReport": false,
        "reportOutputMarkdown": "**ID:29 FG1 - show ( 2025-06-12 14:05:39 +00:00 )**\nNo Exceptions Found!\n",
        "exceptionsFound": 0,
        "score": 10,
        "netshotOutputReportProfiles": "\/api\/3\/netshot_output_report_profiles\/cfc6099f-2a05-4ede-92d6-77651b9204bf",
        "netshotDomains": "\/api\/3\/netshot_domains\/9d908807-86a9-4d51-b63f-a89e90647643",
        "netshotTargets": "\/api\/3\/netshot_targets\/6ffed084-5041-49d9-8242-bfac29cc6774",
        "type": "\/api\/3\/picklists\/1af191f9-2d25-42b5-919a-443e4c74f3a7",
        "status": "\/api\/3\/picklists\/27e6a838-db8e-4b96-b9f3-23878e57d148",
        "netshotTargetOutputs": [
            "\/api\/3\/netshot_target_outputs\/ed0410b9-3e95-44ff-ab93-4bf506d76fed"
        ],
        "comments": [],
        "exceptionStatus": "\/api\/3\/picklists\/6d27204d-dae5-40de-a042-883446b4ca50",
        "uuid": "53598350-c957-4595-875f-4d171203ac96",
        "createUser": "\/api\/3\/appliances\/57545210-2adc-472b-a24f-2df6ee8dfe63",
        "createDate": 1749737146.141198,
        "modifyUser": "\/api\/3\/appliances\/57545210-2adc-472b-a24f-2df6ee8dfe63",
        "modifyDate": 1749748641.383171,
        "recordTags": [
            "Config",
            "System"
        ]
    },
    {
        "@type": "NetshotOutputReport",
        "timestamp": 1749737164,
        "name": "FG2 - show",
        "context": "show",
        "activeReport": false,
        "reportOutputMarkdown": "**ID:28 FG2 - show ( 2025-06-12 14:05:36 +00:00 )**\nNo Exceptions Found!\n",
        "exceptionsFound": 0,
        "score": 10,
        "netshotOutputReportProfiles": "\/api\/3\/netshot_output_report_profiles\/d4910353-a34b-4587-a23a-0da90a92fed6",
        "netshotDomains": "\/api\/3\/netshot_domains\/9d908807-86a9-4d51-b63f-a89e90647643",
        "netshotTargets": "\/api\/3\/netshot_targets\/038e67d5-2d15-4290-bc3c-00895cb49184",
        "type": "\/api\/3\/picklists\/1af191f9-2d25-42b5-919a-443e4c74f3a7",
        "status": "\/api\/3\/picklists\/27e6a838-db8e-4b96-b9f3-23878e57d148",
        "netshotTargetOutputs": [
            "\/api\/3\/netshot_target_outputs\/2d2af2bc-3eac-4193-88e0-8a69ecc09a04"
        ],
        "comments": [],
        "exceptionStatus": "\/api\/3\/picklists\/6d27204d-dae5-40de-a042-883446b4ca50",
        "uuid": "54a78044-a349-4a43-bb9e-0ae008631555",
        "createUser": "\/api\/3\/appliances\/57545210-2adc-472b-a24f-2df6ee8dfe63",
        "createDate": 1749737144.836832,
        "modifyUser": "\/api\/3\/appliances\/57545210-2adc-472b-a24f-2df6ee8dfe63",
        "modifyDate": 1749748645.356328,
        "recordTags": [
            "Config",
            "System"
        ]
    },
    {
        "@type": "NetshotOutputReport",
        "timestamp": 1749737160,
        "name": "FG2 - show",
        "context": "show",
        "activeReport": false,
        "reportOutputMarkdown": "**ID:28 FG2 - show ( 2025-06-12 14:05:36 +00:00 )**\nNo Exceptions Found!\n",
        "exceptionsFound": 0,
        "score": 10,
        "netshotOutputReportProfiles": "\/api\/3\/netshot_output_report_profiles\/cfc6099f-2a05-4ede-92d6-77651b9204bf",
        "netshotDomains": "\/api\/3\/netshot_domains\/9d908807-86a9-4d51-b63f-a89e90647643",
        "netshotTargets": "\/api\/3\/netshot_targets\/038e67d5-2d15-4290-bc3c-00895cb49184",
        "type": "\/api\/3\/picklists\/1af191f9-2d25-42b5-919a-443e4c74f3a7",
        "status": "\/api\/3\/picklists\/27e6a838-db8e-4b96-b9f3-23878e57d148",
        "netshotTargetOutputs": [
            "\/api\/3\/netshot_target_outputs\/2d2af2bc-3eac-4193-88e0-8a69ecc09a04"
        ],
        "comments": [],
        "exceptionStatus": "\/api\/3\/picklists\/6d27204d-dae5-40de-a042-883446b4ca50",
        "uuid": "75311752-ccbc-45f1-92d9-ba83f51902e2",
        "createUser": "\/api\/3\/appliances\/57545210-2adc-472b-a24f-2df6ee8dfe63",
        "createDate": 1749737142.256541,
        "modifyUser": "\/api\/3\/appliances\/57545210-2adc-472b-a24f-2df6ee8dfe63",
        "modifyDate": 1749748641.824946,
        "recordTags": [
            "Config",
            "System"
        ]
    },
    {
        "@type": "NetshotOutputReport",
        "timestamp": 1749737133,
        "name": "FMG - nmap -n -p 22,23,80,443,541",
        "context": "nmap -n -p 22,23,80,443,541",
        "activeReport": false,
        "reportOutputMarkdown": "**ID:27 FMG - nmap -n -p 22,23,80,443,541 ( 2025-06-12 14:05:14 +00:00 )**\nNo Exceptions Found!\n",
        "exceptionsFound": 0,
        "score": 10,
        "netshotOutputReportProfiles": "\/api\/3\/netshot_output_report_profiles\/6b12d68f-29b8-41fb-82e0-80bd32ebe9d5",
        "netshotDomains": "\/api\/3\/netshot_domains\/9d908807-86a9-4d51-b63f-a89e90647643",
        "netshotTargets": "\/api\/3\/netshot_targets\/80fcb457-4683-4dd8-b4ea-6c82ce56937c",
        "type": "\/api\/3\/picklists\/1af191f9-2d25-42b5-919a-443e4c74f3a7",
        "status": "\/api\/3\/picklists\/27e6a838-db8e-4b96-b9f3-23878e57d148",
        "netshotTargetOutputs": [
            "\/api\/3\/netshot_target_outputs\/2cb4f528-9fb2-4d98-82bc-a5ab65f5fcf2"
        ],
        "comments": [],
        "exceptionStatus": "\/api\/3\/picklists\/6d27204d-dae5-40de-a042-883446b4ca50",
        "uuid": "a94641f4-b995-4fec-b553-b278bf6145ac",
        "createUser": "\/api\/3\/appliances\/57545210-2adc-472b-a24f-2df6ee8dfe63",
        "createDate": 1749737122.57625,
        "modifyUser": "\/api\/3\/appliances\/57545210-2adc-472b-a24f-2df6ee8dfe63",
        "modifyDate": 1749748657.874556,
        "recordTags": [
            "Scan"
        ]
    },
    {
        "@type": "NetshotOutputReport",
        "timestamp": 1749737130,
        "name": "FMG - nmap -n -p 22,23,80,443,541",
        "context": "nmap -n -p 22,23,80,443,541",
        "activeReport": false,
        "reportOutputMarkdown": "**ID:27 FMG - nmap -n -p 22,23,80,443,541 ( 2025-06-12 14:05:14 +00:00 )**\nNo Exceptions Found!\n",
        "exceptionsFound": 0,
        "score": 10,
        "netshotOutputReportProfiles": "\/api\/3\/netshot_output_report_profiles\/1b190f6f-6018-478c-9653-aabd4a607494",
        "netshotDomains": "\/api\/3\/netshot_domains\/9d908807-86a9-4d51-b63f-a89e90647643",
        "netshotTargets": "\/api\/3\/netshot_targets\/80fcb457-4683-4dd8-b4ea-6c82ce56937c",
        "type": "\/api\/3\/picklists\/1af191f9-2d25-42b5-919a-443e4c74f3a7",
        "status": "\/api\/3\/picklists\/27e6a838-db8e-4b96-b9f3-23878e57d148",
        "netshotTargetOutputs": [
            "\/api\/3\/netshot_target_outputs\/2cb4f528-9fb2-4d98-82bc-a5ab65f5fcf2"
        ],
        "comments": [],
        "exceptionStatus": "\/api\/3\/picklists\/6d27204d-dae5-40de-a042-883446b4ca50",
        "uuid": "f208a2a1-d75b-4bd9-aaf3-66328bcb892b",
        "createUser": "\/api\/3\/appliances\/57545210-2adc-472b-a24f-2df6ee8dfe63",
        "createDate": 1749737119.958264,
        "modifyUser": "\/api\/3\/appliances\/57545210-2adc-472b-a24f-2df6ee8dfe63",
        "modifyDate": 1749748655.021589,
        "recordTags": [
            "Scan"
        ]
    },
    {
        "@type": "NetshotOutputReport",
        "timestamp": 1749737104,
        "name": "FMG - get system status",
        "context": "get system status",
        "activeReport": false,
        "reportOutputMarkdown": "**ID:24 FMG - get system status ( 2025-06-12 14:04:43 +00:00 )**\n| Line | Text | Message | \n| ----- | ----- | --------- | \n|1|Version\\s+: v7\\.6\\.(A\/B)-.*|pattern not found in text\n",
        "exceptionsFound": 1,
        "score": -25,
        "netshotOutputReportProfiles": "\/api\/3\/netshot_output_report_profiles\/c03507ea-8f74-4c3c-b0e3-ef1e64aa402f",
        "netshotDomains": "\/api\/3\/netshot_domains\/9d908807-86a9-4d51-b63f-a89e90647643",
        "netshotTargets": "\/api\/3\/netshot_targets\/80fcb457-4683-4dd8-b4ea-6c82ce56937c",
        "type": "\/api\/3\/picklists\/c1d5d38e-9dbd-4a8e-bd6d-1479cad1d42a",
        "status": "\/api\/3\/picklists\/27e6a838-db8e-4b96-b9f3-23878e57d148",
        "netshotTargetOutputs": [
            "\/api\/3\/netshot_target_outputs\/b7dcca8f-74f5-4e0e-a77e-1e5fd62d8c62"
        ],
        "comments": [],
        "exceptionStatus": "\/api\/3\/picklists\/d16850d9-d8c5-4db2-ba09-206b4192ce99",
        "uuid": "8ce6d768-5066-4328-a770-2e239fb7e231",
        "createUser": "\/api\/3\/appliances\/57545210-2adc-472b-a24f-2df6ee8dfe63",
        "createDate": 1749737091.297005,
        "modifyUser": "\/api\/3\/appliances\/57545210-2adc-472b-a24f-2df6ee8dfe63",
        "modifyDate": 1749748665.303924,
        "recordTags": [
            "System"
        ]
    },
    {
        "@type": "NetshotOutputReport",
        "timestamp": 1749737101,
        "name": "FMG - get system status",
        "context": "get system status",
        "activeReport": false,
        "reportOutputMarkdown": "**ID:24 FMG - get system status ( 2025-06-12 14:04:43 +00:00 )**\nNo Exceptions Found!\n",
        "exceptionsFound": 0,
        "score": 25,
        "netshotOutputReportProfiles": "\/api\/3\/netshot_output_report_profiles\/d197c262-4b5f-46bc-8153-7527e6c71ee2",
        "netshotDomains": "\/api\/3\/netshot_domains\/9d908807-86a9-4d51-b63f-a89e90647643",
        "netshotTargets": "\/api\/3\/netshot_targets\/80fcb457-4683-4dd8-b4ea-6c82ce56937c",
        "type": "\/api\/3\/picklists\/c1d5d38e-9dbd-4a8e-bd6d-1479cad1d42a",
        "status": "\/api\/3\/picklists\/27e6a838-db8e-4b96-b9f3-23878e57d148",
        "netshotTargetOutputs": [
            "\/api\/3\/netshot_target_outputs\/b7dcca8f-74f5-4e0e-a77e-1e5fd62d8c62"
        ],
        "comments": [],
        "exceptionStatus": "\/api\/3\/picklists\/6d27204d-dae5-40de-a042-883446b4ca50",
        "uuid": "e6cea718-82de-4f07-91de-07fbb6936a2f",
        "createUser": "\/api\/3\/appliances\/57545210-2adc-472b-a24f-2df6ee8dfe63",
        "createDate": 1749737088.908952,
        "modifyUser": "\/api\/3\/appliances\/57545210-2adc-472b-a24f-2df6ee8dfe63",
        "modifyDate": 1749748662.378866,
        "recordTags": [
            "System"
        ]
    },
    {
        "@type": "NetshotOutputReport",
        "timestamp": 1749737098,
        "name": "FG1 - get system status",
        "context": "get system status",
        "activeReport": false,
        "reportOutputMarkdown": "**ID:23 FG1 - get system status ( 2025-06-12 14:04:42 +00:00 )**\nNo Exceptions Found!\n",
        "exceptionsFound": 0,
        "score": 25,
        "netshotOutputReportProfiles": "\/api\/3\/netshot_output_report_profiles\/d197c262-4b5f-46bc-8153-7527e6c71ee2",
        "netshotDomains": "\/api\/3\/netshot_domains\/9d908807-86a9-4d51-b63f-a89e90647643",
        "netshotTargets": "\/api\/3\/netshot_targets\/6ffed084-5041-49d9-8242-bfac29cc6774",
        "type": "\/api\/3\/picklists\/c1d5d38e-9dbd-4a8e-bd6d-1479cad1d42a",
        "status": "\/api\/3\/picklists\/27e6a838-db8e-4b96-b9f3-23878e57d148",
        "netshotTargetOutputs": [
            "\/api\/3\/netshot_target_outputs\/e9d9fc15-f9fd-4f59-883b-76612b56fcfb"
        ],
        "comments": [],
        "exceptionStatus": "\/api\/3\/picklists\/6d27204d-dae5-40de-a042-883446b4ca50",
        "uuid": "021b6db0-8e02-4441-9f9b-45dd52b50459",
        "createUser": "\/api\/3\/appliances\/57545210-2adc-472b-a24f-2df6ee8dfe63",
        "createDate": 1749737087.62993,
        "modifyUser": "\/api\/3\/appliances\/57545210-2adc-472b-a24f-2df6ee8dfe63",
        "modifyDate": 1749748651.954142,
        "recordTags": [
            "System"
        ]
    },
    {
        "@type": "NetshotOutputReport",
        "timestamp": 1749737097,
        "name": "FG2 - get system status",
        "context": "get system status",
        "activeReport": false,
        "reportOutputMarkdown": "**ID:22 FG2 - get system status ( 2025-06-12 14:04:41 +00:00 )**\nNo Exceptions Found!\n",
        "exceptionsFound": 0,
        "score": 25,
        "netshotOutputReportProfiles": "\/api\/3\/netshot_output_report_profiles\/d197c262-4b5f-46bc-8153-7527e6c71ee2",
        "netshotDomains": "\/api\/3\/netshot_domains\/9d908807-86a9-4d51-b63f-a89e90647643",
        "netshotTargets": "\/api\/3\/netshot_targets\/038e67d5-2d15-4290-bc3c-00895cb49184",
        "type": "\/api\/3\/picklists\/c1d5d38e-9dbd-4a8e-bd6d-1479cad1d42a",
        "status": "\/api\/3\/picklists\/27e6a838-db8e-4b96-b9f3-23878e57d148",
        "netshotTargetOutputs": [
            "\/api\/3\/netshot_target_outputs\/147e9bb4-9697-4f45-a58a-7012780b44e7"
        ],
        "comments": [],
        "exceptionStatus": "\/api\/3\/picklists\/6d27204d-dae5-40de-a042-883446b4ca50",
        "uuid": "d4802dff-014a-4369-a3f5-b8c2e75c3c65",
        "createUser": "\/api\/3\/appliances\/57545210-2adc-472b-a24f-2df6ee8dfe63",
        "createDate": 1749737086.658431,
        "modifyUser": "\/api\/3\/appliances\/57545210-2adc-472b-a24f-2df6ee8dfe63",
        "modifyDate": 1749748652.306712,
        "recordTags": [
            "System"
        ]
    },
    {
        "@type": "NetshotOutputReport",
        "timestamp": 1749736958,
        "name": "FG1 - get system status",
        "context": "get system status",
        "activeReport": false,
        "reportOutputMarkdown": "**ID:1 FG1 - get system status ( 2025-06-12 12:54:15 +00:00 )**\nNo Exceptions Found!\n",
        "exceptionsFound": 0,
        "score": 25,
        "netshotOutputReportProfiles": "\/api\/3\/netshot_output_report_profiles\/2f4bce96-a3c6-4fc7-a10b-61eefdcc42e9",
        "netshotDomains": "\/api\/3\/netshot_domains\/9d908807-86a9-4d51-b63f-a89e90647643",
        "netshotTargets": "\/api\/3\/netshot_targets\/6ffed084-5041-49d9-8242-bfac29cc6774",
        "type": "\/api\/3\/picklists\/c1d5d38e-9dbd-4a8e-bd6d-1479cad1d42a",
        "status": "\/api\/3\/picklists\/27e6a838-db8e-4b96-b9f3-23878e57d148",
        "netshotTargetOutputs": [
            "\/api\/3\/netshot_target_outputs\/762561b6-2520-4ee0-8a4d-5a3a5ddeaeaa"
        ],
        "comments": [],
        "exceptionStatus": "\/api\/3\/picklists\/6d27204d-dae5-40de-a042-883446b4ca50",
        "uuid": "8f9ae900-bcff-4108-b3ac-e258c5b12fd6",
        "createUser": "\/api\/3\/appliances\/57545210-2adc-472b-a24f-2df6ee8dfe63",
        "createDate": 1749736789.631308,
        "modifyUser": "\/api\/3\/appliances\/57545210-2adc-472b-a24f-2df6ee8dfe63",
        "modifyDate": 1749737035.990923,
        "recordTags": [
            "System"
        ]
    },
    {
        "@type": "NetshotOutputReport",
        "timestamp": 1749736642,
        "name": "FMG - show",
        "context": "show",
        "activeReport": false,
        "reportOutputMarkdown": "**ID:19 FMG - show ( 2025-06-12 13:56:41 +00:00 )**\nNo Exceptions Found!\n",
        "exceptionsFound": 0,
        "score": 10,
        "netshotOutputReportProfiles": "\/api\/3\/netshot_output_report_profiles\/d4910353-a34b-4587-a23a-0da90a92fed6",
        "netshotDomains": "\/api\/3\/netshot_domains\/9d908807-86a9-4d51-b63f-a89e90647643",
        "netshotTargets": "\/api\/3\/netshot_targets\/80fcb457-4683-4dd8-b4ea-6c82ce56937c",
        "type": "\/api\/3\/picklists\/1af191f9-2d25-42b5-919a-443e4c74f3a7",
        "status": "\/api\/3\/picklists\/27e6a838-db8e-4b96-b9f3-23878e57d148",
        "netshotTargetOutputs": [
            "\/api\/3\/netshot_target_outputs\/ea30cc41-23d3-42a9-82f2-e535555cbef8"
        ],
        "comments": [],
        "exceptionStatus": "\/api\/3\/picklists\/6d27204d-dae5-40de-a042-883446b4ca50",
        "uuid": "1dce19c7-2fe7-4dae-9dbc-67c5fe276e5c",
        "createUser": "\/api\/3\/appliances\/57545210-2adc-472b-a24f-2df6ee8dfe63",
        "createDate": 1749736609.310323,
        "modifyUser": "\/api\/3\/appliances\/57545210-2adc-472b-a24f-2df6ee8dfe63",
        "modifyDate": 1749737036.239249,
        "recordTags": [
            "Config",
            "System"
        ]
    },
    {
        "@type": "NetshotOutputReport",
        "timestamp": 1749736641,
        "name": "FMG - show",
        "context": "show",
        "activeReport": false,
        "reportOutputMarkdown": "**ID:19 FMG - show ( 2025-06-12 13:56:41 +00:00 )**\nNo Exceptions Found!\n",
        "exceptionsFound": 0,
        "score": 10,
        "netshotOutputReportProfiles": "\/api\/3\/netshot_output_report_profiles\/cfc6099f-2a05-4ede-92d6-77651b9204bf",
        "netshotDomains": "\/api\/3\/netshot_domains\/9d908807-86a9-4d51-b63f-a89e90647643",
        "netshotTargets": "\/api\/3\/netshot_targets\/80fcb457-4683-4dd8-b4ea-6c82ce56937c",
        "type": "\/api\/3\/picklists\/1af191f9-2d25-42b5-919a-443e4c74f3a7",
        "status": "\/api\/3\/picklists\/27e6a838-db8e-4b96-b9f3-23878e57d148",
        "netshotTargetOutputs": [
            "\/api\/3\/netshot_target_outputs\/ea30cc41-23d3-42a9-82f2-e535555cbef8"
        ],
        "comments": [],
        "exceptionStatus": "\/api\/3\/picklists\/6d27204d-dae5-40de-a042-883446b4ca50",
        "uuid": "994872ad-90c0-4ab6-8364-0d41eff8d8b4",
        "createUser": "\/api\/3\/appliances\/57545210-2adc-472b-a24f-2df6ee8dfe63",
        "createDate": 1749736606.921824,
        "modifyUser": "\/api\/3\/appliances\/57545210-2adc-472b-a24f-2df6ee8dfe63",
        "modifyDate": 1749737036.192714,
        "recordTags": [
            "Config",
            "System"
        ]
    },
    {
        "@type": "NetshotOutputReport",
        "timestamp": 1749736632,
        "name": "FG1 - show",
        "context": "show",
        "activeReport": false,
        "reportOutputMarkdown": "**ID:20 FG1 - show ( 2025-06-12 13:56:36 +00:00 )**\nNo Exceptions Found!\n",
        "exceptionsFound": 0,
        "score": 10,
        "netshotOutputReportProfiles": "\/api\/3\/netshot_output_report_profiles\/d4910353-a34b-4587-a23a-0da90a92fed6",
        "netshotDomains": "\/api\/3\/netshot_domains\/9d908807-86a9-4d51-b63f-a89e90647643",
        "netshotTargets": "\/api\/3\/netshot_targets\/6ffed084-5041-49d9-8242-bfac29cc6774",
        "type": "\/api\/3\/picklists\/1af191f9-2d25-42b5-919a-443e4c74f3a7",
        "status": "\/api\/3\/picklists\/27e6a838-db8e-4b96-b9f3-23878e57d148",
        "netshotTargetOutputs": [
            "\/api\/3\/netshot_target_outputs\/bb5287f5-140f-4586-8913-70e0ecf726c7"
        ],
        "comments": [],
        "exceptionStatus": "\/api\/3\/picklists\/6d27204d-dae5-40de-a042-883446b4ca50",
        "uuid": "f696d8af-1416-4e54-8565-94b18f22a35b",
        "createUser": "\/api\/3\/appliances\/57545210-2adc-472b-a24f-2df6ee8dfe63",
        "createDate": 1749736605.459033,
        "modifyUser": "\/api\/3\/appliances\/57545210-2adc-472b-a24f-2df6ee8dfe63",
        "modifyDate": 1749737036.069228,
        "recordTags": [
            "Config",
            "System"
        ]
    },
    {
        "@type": "NetshotOutputReport",
        "timestamp": 1749736631,
        "name": "FG1 - show",
        "context": "show",
        "activeReport": false,
        "reportOutputMarkdown": "**ID:20 FG1 - show ( 2025-06-12 13:56:36 +00:00 )**\nNo Exceptions Found!\n",
        "exceptionsFound": 0,
        "score": 10,
        "netshotOutputReportProfiles": "\/api\/3\/netshot_output_report_profiles\/cfc6099f-2a05-4ede-92d6-77651b9204bf",
        "netshotDomains": "\/api\/3\/netshot_domains\/9d908807-86a9-4d51-b63f-a89e90647643",
        "netshotTargets": "\/api\/3\/netshot_targets\/6ffed084-5041-49d9-8242-bfac29cc6774",
        "type": "\/api\/3\/picklists\/1af191f9-2d25-42b5-919a-443e4c74f3a7",
        "status": "\/api\/3\/picklists\/27e6a838-db8e-4b96-b9f3-23878e57d148",
        "netshotTargetOutputs": [
            "\/api\/3\/netshot_target_outputs\/bb5287f5-140f-4586-8913-70e0ecf726c7"
        ],
        "comments": [],
        "exceptionStatus": "\/api\/3\/picklists\/6d27204d-dae5-40de-a042-883446b4ca50",
        "uuid": "1165144c-1156-4f1e-b380-fa0164c8e5f5",
        "createUser": "\/api\/3\/appliances\/57545210-2adc-472b-a24f-2df6ee8dfe63",
        "createDate": 1749736602.694536,
        "modifyUser": "\/api\/3\/appliances\/57545210-2adc-472b-a24f-2df6ee8dfe63",
        "modifyDate": 1749737036.030802,
        "recordTags": [
            "Config",
            "System"
        ]
    },
    {
        "@type": "NetshotOutputReport",
        "timestamp": 1749736622,
        "name": "FG2 - show",
        "context": "show",
        "activeReport": false,
        "reportOutputMarkdown": "**ID:18 FG2 - show ( 2025-06-12 13:56:32 +00:00 )**\nNo Exceptions Found!\n",
        "exceptionsFound": 0,
        "score": 10,
        "netshotOutputReportProfiles": "\/api\/3\/netshot_output_report_profiles\/d4910353-a34b-4587-a23a-0da90a92fed6",
        "netshotDomains": "\/api\/3\/netshot_domains\/9d908807-86a9-4d51-b63f-a89e90647643",
        "netshotTargets": "\/api\/3\/netshot_targets\/038e67d5-2d15-4290-bc3c-00895cb49184",
        "type": "\/api\/3\/picklists\/1af191f9-2d25-42b5-919a-443e4c74f3a7",
        "status": "\/api\/3\/picklists\/27e6a838-db8e-4b96-b9f3-23878e57d148",
        "netshotTargetOutputs": [
            "\/api\/3\/netshot_target_outputs\/ce331ba7-2aad-420f-8d8f-ef5808e3d3e7"
        ],
        "comments": [],
        "exceptionStatus": "\/api\/3\/picklists\/6d27204d-dae5-40de-a042-883446b4ca50",
        "uuid": "ebb1bdd7-3c9a-496f-8c37-c82f4702eb95",
        "createUser": "\/api\/3\/appliances\/57545210-2adc-472b-a24f-2df6ee8dfe63",
        "createDate": 1749736601.623851,
        "modifyUser": "\/api\/3\/appliances\/57545210-2adc-472b-a24f-2df6ee8dfe63",
        "modifyDate": 1749737036.156777,
        "recordTags": [
            "Config",
            "System"
        ]
    },
    {
        "@type": "NetshotOutputReport",
        "timestamp": 1749736618,
        "name": "FG2 - show",
        "context": "show",
        "activeReport": false,
        "reportOutputMarkdown": "**ID:18 FG2 - show ( 2025-06-12 13:56:32 +00:00 )**\nNo Exceptions Found!\n",
        "exceptionsFound": 0,
        "score": 10,
        "netshotOutputReportProfiles": "\/api\/3\/netshot_output_report_profiles\/cfc6099f-2a05-4ede-92d6-77651b9204bf",
        "netshotDomains": "\/api\/3\/netshot_domains\/9d908807-86a9-4d51-b63f-a89e90647643",
        "netshotTargets": "\/api\/3\/netshot_targets\/038e67d5-2d15-4290-bc3c-00895cb49184",
        "type": "\/api\/3\/picklists\/1af191f9-2d25-42b5-919a-443e4c74f3a7",
        "status": "\/api\/3\/picklists\/27e6a838-db8e-4b96-b9f3-23878e57d148",
        "netshotTargetOutputs": [
            "\/api\/3\/netshot_target_outputs\/ce331ba7-2aad-420f-8d8f-ef5808e3d3e7"
        ],
        "comments": [],
        "exceptionStatus": "\/api\/3\/picklists\/6d27204d-dae5-40de-a042-883446b4ca50",
        "uuid": "8ec3c352-a043-4236-9945-cbad5a8615b3",
        "createUser": "\/api\/3\/appliances\/57545210-2adc-472b-a24f-2df6ee8dfe63",
        "createDate": 1749736599.014812,
        "modifyUser": "\/api\/3\/appliances\/57545210-2adc-472b-a24f-2df6ee8dfe63",
        "modifyDate": 1749737036.127747,
        "recordTags": [
            "Config",
            "System"
        ]
    },
    {
        "@type": "NetshotOutputReport",
        "timestamp": 1749736589,
        "name": "FMG - nmap -n -p 22,23,80,443,541",
        "context": "nmap -n -p 22,23,80,443,541",
        "activeReport": false,
        "reportOutputMarkdown": "**ID:16 FMG - nmap -n -p 22,23,80,443,541 ( 2025-06-12 13:56:10 +00:00 )**\nNo Exceptions Found!\n",
        "exceptionsFound": 0,
        "score": 10,
        "netshotOutputReportProfiles": "\/api\/3\/netshot_output_report_profiles\/6b12d68f-29b8-41fb-82e0-80bd32ebe9d5",
        "netshotDomains": "\/api\/3\/netshot_domains\/9d908807-86a9-4d51-b63f-a89e90647643",
        "netshotTargets": "\/api\/3\/netshot_targets\/80fcb457-4683-4dd8-b4ea-6c82ce56937c",
        "type": "\/api\/3\/picklists\/1af191f9-2d25-42b5-919a-443e4c74f3a7",
        "status": "\/api\/3\/picklists\/27e6a838-db8e-4b96-b9f3-23878e57d148",
        "netshotTargetOutputs": [
            "\/api\/3\/netshot_target_outputs\/375c753f-08f0-43ef-9c8f-b2b4ebff0d91"
        ],
        "comments": [],
        "exceptionStatus": "\/api\/3\/picklists\/6d27204d-dae5-40de-a042-883446b4ca50",
        "uuid": "8f3f3ca9-5b30-485b-9a9e-c53ff381a8ea",
        "createUser": "\/api\/3\/appliances\/57545210-2adc-472b-a24f-2df6ee8dfe63",
        "createDate": 1749736578.412976,
        "modifyUser": "\/api\/3\/appliances\/57545210-2adc-472b-a24f-2df6ee8dfe63",
        "modifyDate": 1749737036.162718,
        "recordTags": [
            "Scan"
        ]
    },
    {
        "@type": "NetshotOutputReport",
        "timestamp": 1749736589,
        "name": "FMG - nmap -n -p 22,23,80,443,541",
        "context": "nmap -n -p 22,23,80,443,541",
        "activeReport": false,
        "reportOutputMarkdown": "**ID:16 FMG - nmap -n -p 22,23,80,443,541 ( 2025-06-12 13:56:10 +00:00 )**\nNo Exceptions Found!\n",
        "exceptionsFound": 0,
        "score": 10,
        "netshotOutputReportProfiles": "\/api\/3\/netshot_output_report_profiles\/1b190f6f-6018-478c-9653-aabd4a607494",
        "netshotDomains": "\/api\/3\/netshot_domains\/9d908807-86a9-4d51-b63f-a89e90647643",
        "netshotTargets": "\/api\/3\/netshot_targets\/80fcb457-4683-4dd8-b4ea-6c82ce56937c",
        "type": "\/api\/3\/picklists\/1af191f9-2d25-42b5-919a-443e4c74f3a7",
        "status": "\/api\/3\/picklists\/27e6a838-db8e-4b96-b9f3-23878e57d148",
        "netshotTargetOutputs": [
            "\/api\/3\/netshot_target_outputs\/375c753f-08f0-43ef-9c8f-b2b4ebff0d91"
        ],
        "comments": [],
        "exceptionStatus": "\/api\/3\/picklists\/6d27204d-dae5-40de-a042-883446b4ca50",
        "uuid": "db0084c2-eec4-48bd-91ea-338316076250",
        "createUser": "\/api\/3\/appliances\/57545210-2adc-472b-a24f-2df6ee8dfe63",
        "createDate": 1749736575.804158,
        "modifyUser": "\/api\/3\/appliances\/57545210-2adc-472b-a24f-2df6ee8dfe63",
        "modifyDate": 1749737036.13152,
        "recordTags": [
            "Scan"
        ]
    },
    {
        "@type": "NetshotOutputReport",
        "timestamp": 1749736559,
        "name": "FMG - get system status",
        "context": "get system status",
        "activeReport": false,
        "reportOutputMarkdown": "**ID:14 FMG - get system status ( 2025-06-12 13:55:40 +00:00 )**\n| Line | Text | Message | \n| ----- | ----- | --------- | \n|1|Version\\s+: v7\\.6\\.(A\/B)-.*|pattern not found in text\n",
        "exceptionsFound": 1,
        "score": -25,
        "netshotOutputReportProfiles": "\/api\/3\/netshot_output_report_profiles\/c03507ea-8f74-4c3c-b0e3-ef1e64aa402f",
        "netshotDomains": "\/api\/3\/netshot_domains\/9d908807-86a9-4d51-b63f-a89e90647643",
        "netshotTargets": "\/api\/3\/netshot_targets\/80fcb457-4683-4dd8-b4ea-6c82ce56937c",
        "type": "\/api\/3\/picklists\/c1d5d38e-9dbd-4a8e-bd6d-1479cad1d42a",
        "status": "\/api\/3\/picklists\/27e6a838-db8e-4b96-b9f3-23878e57d148",
        "netshotTargetOutputs": [
            "\/api\/3\/netshot_target_outputs\/f01137d0-39d6-4f7d-bb05-78504141e739"
        ],
        "comments": [],
        "exceptionStatus": "\/api\/3\/picklists\/d16850d9-d8c5-4db2-ba09-206b4192ce99",
        "uuid": "23f9515b-7c85-4017-8268-4479932c5948",
        "createUser": "\/api\/3\/appliances\/57545210-2adc-472b-a24f-2df6ee8dfe63",
        "createDate": 1749736547.482179,
        "modifyUser": "\/api\/3\/appliances\/57545210-2adc-472b-a24f-2df6ee8dfe63",
        "modifyDate": 1749737036.024645,
        "recordTags": [
            "System"
        ]
    },
    {
        "@type": "NetshotOutputReport",
        "timestamp": 1749736558,
        "name": "FMG - get system status",
        "context": "get system status",
        "activeReport": false,
        "reportOutputMarkdown": "**ID:14 FMG - get system status ( 2025-06-12 13:55:40 +00:00 )**\nNo Exceptions Found!\n",
        "exceptionsFound": 0,
        "score": 25,
        "netshotOutputReportProfiles": "\/api\/3\/netshot_output_report_profiles\/d197c262-4b5f-46bc-8153-7527e6c71ee2",
        "netshotDomains": "\/api\/3\/netshot_domains\/9d908807-86a9-4d51-b63f-a89e90647643",
        "netshotTargets": "\/api\/3\/netshot_targets\/80fcb457-4683-4dd8-b4ea-6c82ce56937c",
        "type": "\/api\/3\/picklists\/c1d5d38e-9dbd-4a8e-bd6d-1479cad1d42a",
        "status": "\/api\/3\/picklists\/27e6a838-db8e-4b96-b9f3-23878e57d148",
        "netshotTargetOutputs": [
            "\/api\/3\/netshot_target_outputs\/f01137d0-39d6-4f7d-bb05-78504141e739"
        ],
        "comments": [],
        "exceptionStatus": "\/api\/3\/picklists\/6d27204d-dae5-40de-a042-883446b4ca50",
        "uuid": "9e942e96-67ba-40bc-8916-9eb06d5a0a06",
        "createUser": "\/api\/3\/appliances\/57545210-2adc-472b-a24f-2df6ee8dfe63",
        "createDate": 1749736545.003204,
        "modifyUser": "\/api\/3\/appliances\/57545210-2adc-472b-a24f-2df6ee8dfe63",
        "modifyDate": 1749737036.081212,
        "recordTags": [
            "System"
        ]
    },
    {
        "@type": "NetshotOutputReport",
        "timestamp": 1749736554,
        "name": "FG1 - get system status",
        "context": "get system status",
        "activeReport": false,
        "reportOutputMarkdown": "**ID:13 FG1 - get system status ( 2025-06-12 13:55:38 +00:00 )**\nNo Exceptions Found!\n",
        "exceptionsFound": 0,
        "score": 25,
        "netshotOutputReportProfiles": "\/api\/3\/netshot_output_report_profiles\/d197c262-4b5f-46bc-8153-7527e6c71ee2",
        "netshotDomains": "\/api\/3\/netshot_domains\/9d908807-86a9-4d51-b63f-a89e90647643",
        "netshotTargets": "\/api\/3\/netshot_targets\/6ffed084-5041-49d9-8242-bfac29cc6774",
        "type": "\/api\/3\/picklists\/c1d5d38e-9dbd-4a8e-bd6d-1479cad1d42a",
        "status": "\/api\/3\/picklists\/27e6a838-db8e-4b96-b9f3-23878e57d148",
        "netshotTargetOutputs": [
            "\/api\/3\/netshot_target_outputs\/8099275f-036f-4335-a9a7-6ea883c326b1"
        ],
        "comments": [],
        "exceptionStatus": "\/api\/3\/picklists\/6d27204d-dae5-40de-a042-883446b4ca50",
        "uuid": "0103cd58-f60a-4b5d-870d-a5c384e72eec",
        "createUser": "\/api\/3\/appliances\/57545210-2adc-472b-a24f-2df6ee8dfe63",
        "createDate": 1749736543.147964,
        "modifyUser": "\/api\/3\/appliances\/57545210-2adc-472b-a24f-2df6ee8dfe63",
        "modifyDate": 1749737035.949899,
        "recordTags": [
            "System"
        ]
    },
    {
        "@type": "NetshotOutputReport",
        "timestamp": 1749736550,
        "name": "FG2 - get system status",
        "context": "get system status",
        "activeReport": false,
        "reportOutputMarkdown": "**ID:12 FG2 - get system status ( 2025-06-12 13:55:34 +00:00 )**\nNo Exceptions Found!\n",
        "exceptionsFound": 0,
        "score": 25,
        "netshotOutputReportProfiles": "\/api\/3\/netshot_output_report_profiles\/d197c262-4b5f-46bc-8153-7527e6c71ee2",
        "netshotDomains": "\/api\/3\/netshot_domains\/9d908807-86a9-4d51-b63f-a89e90647643",
        "netshotTargets": "\/api\/3\/netshot_targets\/038e67d5-2d15-4290-bc3c-00895cb49184",
        "type": "\/api\/3\/picklists\/c1d5d38e-9dbd-4a8e-bd6d-1479cad1d42a",
        "status": "\/api\/3\/picklists\/27e6a838-db8e-4b96-b9f3-23878e57d148",
        "netshotTargetOutputs": [
            "\/api\/3\/netshot_target_outputs\/b760af0b-44f0-47f4-aca2-0b67e53f35ee"
        ],
        "comments": [],
        "exceptionStatus": "\/api\/3\/picklists\/6d27204d-dae5-40de-a042-883446b4ca50",
        "uuid": "91e40f8a-fd82-4e96-ae60-0cdaefdbd862",
        "createUser": "\/api\/3\/appliances\/57545210-2adc-472b-a24f-2df6ee8dfe63",
        "createDate": 1749736539.643369,
        "modifyUser": "\/api\/3\/appliances\/57545210-2adc-472b-a24f-2df6ee8dfe63",
        "modifyDate": 1749737036.071675,
        "recordTags": [
            "System"
        ]
    },
    {
        "@type": "NetshotOutputReport",
        "timestamp": 1749735804,
        "name": "FMG - Get ADOMs",
        "context": "Get ADOMs",
        "activeReport": false,
        "reportOutputMarkdown": "**ID:11 FMG - Get ADOMs ( 2025-06-12 13:06:50 +00:00 )**\nNo Exceptions Found!\n",
        "exceptionsFound": 0,
        "score": 10,
        "netshotOutputReportProfiles": "\/api\/3\/netshot_output_report_profiles\/24b7dd0a-102f-4b1f-9f3d-bae1cc8e21b3",
        "netshotDomains": "\/api\/3\/netshot_domains\/9d908807-86a9-4d51-b63f-a89e90647643",
        "netshotTargets": "\/api\/3\/netshot_targets\/80fcb457-4683-4dd8-b4ea-6c82ce56937c",
        "type": "\/api\/3\/picklists\/1af191f9-2d25-42b5-919a-443e4c74f3a7",
        "status": "\/api\/3\/picklists\/27e6a838-db8e-4b96-b9f3-23878e57d148",
        "netshotTargetOutputs": [
            "\/api\/3\/netshot_target_outputs\/03072985-d15f-45e6-abcf-c3281430df03"
        ],
        "comments": [],
        "exceptionStatus": "\/api\/3\/picklists\/6d27204d-dae5-40de-a042-883446b4ca50",
        "uuid": "133091be-c665-49c1-970c-71d75a3d003a",
        "createUser": "\/api\/3\/appliances\/57545210-2adc-472b-a24f-2df6ee8dfe63",
        "createDate": 1749735791.025063,
        "modifyUser": "\/api\/3\/appliances\/57545210-2adc-472b-a24f-2df6ee8dfe63",
        "modifyDate": 1749736491.16602,
        "recordTags": [
            "Scan"
        ]
    },
    {
        "@type": "NetshotOutputReport",
        "timestamp": 1749733205,
        "name": "FMG - get system status",
        "context": "get system status",
        "activeReport": false,
        "reportOutputMarkdown": "**ID:3 FMG - get system status ( 2025-06-12 12:54:17 +00:00 )**\n| Line | Text | Message | \n| ----- | ----- | --------- | \n|1|Version\\s+: v7\\.6\\.(2\/3)-.*|pattern not found in text\n",
        "exceptionsFound": 1,
        "score": -25,
        "netshotOutputReportProfiles": "\/api\/3\/netshot_output_report_profiles\/c03507ea-8f74-4c3c-b0e3-ef1e64aa402f",
        "netshotDomains": "\/api\/3\/netshot_domains\/9d908807-86a9-4d51-b63f-a89e90647643",
        "netshotTargets": "\/api\/3\/netshot_targets\/80fcb457-4683-4dd8-b4ea-6c82ce56937c",
        "type": "\/api\/3\/picklists\/c1d5d38e-9dbd-4a8e-bd6d-1479cad1d42a",
        "status": "\/api\/3\/picklists\/27e6a838-db8e-4b96-b9f3-23878e57d148",
        "netshotTargetOutputs": [
            "\/api\/3\/netshot_target_outputs\/95fe5cd0-cf4c-41d9-bdad-a93be39c9f18"
        ],
        "comments": [],
        "exceptionStatus": "\/api\/3\/picklists\/d16850d9-d8c5-4db2-ba09-206b4192ce99",
        "uuid": "5b7bf300-4f7e-4e48-9ce0-6fd6a846f291",
        "createUser": "\/api\/3\/appliances\/57545210-2adc-472b-a24f-2df6ee8dfe63",
        "createDate": 1749732869.659812,
        "modifyUser": "\/api\/3\/appliances\/57545210-2adc-472b-a24f-2df6ee8dfe63",
        "modifyDate": 1749736491.038147,
        "recordTags": [
            "System"
        ]
    },
    {
        "@type": "NetshotOutputReport",
        "timestamp": 1749732967,
        "name": "FMG - show",
        "context": "show",
        "activeReport": false,
        "reportOutputMarkdown": "**ID:7 FMG - show ( 2025-06-12 12:55:29 +00:00 )**\nNo Exceptions Found!\n",
        "exceptionsFound": 0,
        "score": 10,
        "netshotOutputReportProfiles": "\/api\/3\/netshot_output_report_profiles\/d4910353-a34b-4587-a23a-0da90a92fed6",
        "netshotDomains": "\/api\/3\/netshot_domains\/9d908807-86a9-4d51-b63f-a89e90647643",
        "netshotTargets": "\/api\/3\/netshot_targets\/80fcb457-4683-4dd8-b4ea-6c82ce56937c",
        "type": "\/api\/3\/picklists\/1af191f9-2d25-42b5-919a-443e4c74f3a7",
        "status": "\/api\/3\/picklists\/27e6a838-db8e-4b96-b9f3-23878e57d148",
        "netshotTargetOutputs": [
            "\/api\/3\/netshot_target_outputs\/516574dc-354d-44a9-bd93-a6441e472dd3"
        ],
        "comments": [],
        "exceptionStatus": "\/api\/3\/picklists\/6d27204d-dae5-40de-a042-883446b4ca50",
        "uuid": "3b0de9ac-d4d2-4779-95a1-6e08f21053bb",
        "createUser": "\/api\/3\/appliances\/57545210-2adc-472b-a24f-2df6ee8dfe63",
        "createDate": 1749732941.907955,
        "modifyUser": "\/api\/3\/appliances\/57545210-2adc-472b-a24f-2df6ee8dfe63",
        "modifyDate": 1749736490.963951,
        "recordTags": [
            "Config",
            "System"
        ]
    },
    {
        "@type": "NetshotOutputReport",
        "timestamp": 1749732966,
        "name": "FMG - show",
        "context": "show",
        "activeReport": false,
        "reportOutputMarkdown": "**ID:7 FMG - show ( 2025-06-12 12:55:29 +00:00 )**\nNo Exceptions Found!\n",
        "exceptionsFound": 0,
        "score": 10,
        "netshotOutputReportProfiles": "\/api\/3\/netshot_output_report_profiles\/cfc6099f-2a05-4ede-92d6-77651b9204bf",
        "netshotDomains": "\/api\/3\/netshot_domains\/9d908807-86a9-4d51-b63f-a89e90647643",
        "netshotTargets": "\/api\/3\/netshot_targets\/80fcb457-4683-4dd8-b4ea-6c82ce56937c",
        "type": "\/api\/3\/picklists\/1af191f9-2d25-42b5-919a-443e4c74f3a7",
        "status": "\/api\/3\/picklists\/27e6a838-db8e-4b96-b9f3-23878e57d148",
        "netshotTargetOutputs": [
            "\/api\/3\/netshot_target_outputs\/516574dc-354d-44a9-bd93-a6441e472dd3"
        ],
        "comments": [],
        "exceptionStatus": "\/api\/3\/picklists\/6d27204d-dae5-40de-a042-883446b4ca50",
        "uuid": "ccf6b70f-6e86-4ee7-9bae-53aad4836572",
        "createUser": "\/api\/3\/appliances\/57545210-2adc-472b-a24f-2df6ee8dfe63",
        "createDate": 1749732939.206275,
        "modifyUser": "\/api\/3\/appliances\/57545210-2adc-472b-a24f-2df6ee8dfe63",
        "modifyDate": 1749736490.857465,
        "recordTags": [
            "Config",
            "System"
        ]
    },
    {
        "@type": "NetshotOutputReport",
        "timestamp": 1749732962,
        "name": "FG1 - show",
        "context": "show",
        "activeReport": false,
        "reportOutputMarkdown": "**ID:8 FG1 - show ( 2025-06-12 12:55:21 +00:00 )**\nNo Exceptions Found!\n",
        "exceptionsFound": 0,
        "score": 10,
        "netshotOutputReportProfiles": "\/api\/3\/netshot_output_report_profiles\/d4910353-a34b-4587-a23a-0da90a92fed6",
        "netshotDomains": "\/api\/3\/netshot_domains\/9d908807-86a9-4d51-b63f-a89e90647643",
        "netshotTargets": "\/api\/3\/netshot_targets\/6ffed084-5041-49d9-8242-bfac29cc6774",
        "type": "\/api\/3\/picklists\/1af191f9-2d25-42b5-919a-443e4c74f3a7",
        "status": "\/api\/3\/picklists\/27e6a838-db8e-4b96-b9f3-23878e57d148",
        "netshotTargetOutputs": [
            "\/api\/3\/netshot_target_outputs\/d148a3f3-aa35-4b58-9ba0-3fd701872efc"
        ],
        "comments": [],
        "exceptionStatus": "\/api\/3\/picklists\/6d27204d-dae5-40de-a042-883446b4ca50",
        "uuid": "2dbc3004-c9ce-46de-9695-40fd455e2246",
        "createUser": "\/api\/3\/appliances\/57545210-2adc-472b-a24f-2df6ee8dfe63",
        "createDate": 1749732932.055157,
        "modifyUser": "\/api\/3\/appliances\/57545210-2adc-472b-a24f-2df6ee8dfe63",
        "modifyDate": 1749736490.985128,
        "recordTags": [
            "Config",
            "System"
        ]
    },
    {
        "@type": "NetshotOutputReport",
        "timestamp": 1749732953,
        "name": "FG1 - show",
        "context": "show",
        "activeReport": false,
        "reportOutputMarkdown": "**ID:8 FG1 - show ( 2025-06-12 12:55:21 +00:00 )**\nNo Exceptions Found!\n",
        "exceptionsFound": 0,
        "score": 10,
        "netshotOutputReportProfiles": "\/api\/3\/netshot_output_report_profiles\/cfc6099f-2a05-4ede-92d6-77651b9204bf",
        "netshotDomains": "\/api\/3\/netshot_domains\/9d908807-86a9-4d51-b63f-a89e90647643",
        "netshotTargets": "\/api\/3\/netshot_targets\/6ffed084-5041-49d9-8242-bfac29cc6774",
        "type": "\/api\/3\/picklists\/1af191f9-2d25-42b5-919a-443e4c74f3a7",
        "status": "\/api\/3\/picklists\/27e6a838-db8e-4b96-b9f3-23878e57d148",
        "netshotTargetOutputs": [
            "\/api\/3\/netshot_target_outputs\/d148a3f3-aa35-4b58-9ba0-3fd701872efc"
        ],
        "comments": [],
        "exceptionStatus": "\/api\/3\/picklists\/6d27204d-dae5-40de-a042-883446b4ca50",
        "uuid": "eaae3148-212c-482b-85f3-97660e5fd3a0",
        "createUser": "\/api\/3\/appliances\/57545210-2adc-472b-a24f-2df6ee8dfe63",
        "createDate": 1749732929.377604,
        "modifyUser": "\/api\/3\/appliances\/57545210-2adc-472b-a24f-2df6ee8dfe63",
        "modifyDate": 1749736490.93038,
        "recordTags": [
            "Config",
            "System"
        ]
    },
    {
        "@type": "NetshotOutputReport",
        "timestamp": 1749732947,
        "name": "FG2 - show",
        "context": "show",
        "activeReport": false,
        "reportOutputMarkdown": "**ID:9 FG2 - show ( 2025-06-12 12:55:17 +00:00 )**\nNo Exceptions Found!\n",
        "exceptionsFound": 0,
        "score": 10,
        "netshotOutputReportProfiles": "\/api\/3\/netshot_output_report_profiles\/d4910353-a34b-4587-a23a-0da90a92fed6",
        "netshotDomains": "\/api\/3\/netshot_domains\/9d908807-86a9-4d51-b63f-a89e90647643",
        "netshotTargets": "\/api\/3\/netshot_targets\/038e67d5-2d15-4290-bc3c-00895cb49184",
        "type": "\/api\/3\/picklists\/1af191f9-2d25-42b5-919a-443e4c74f3a7",
        "status": "\/api\/3\/picklists\/27e6a838-db8e-4b96-b9f3-23878e57d148",
        "netshotTargetOutputs": [
            "\/api\/3\/netshot_target_outputs\/fbdc2ae4-0732-4152-95c2-11b3ffde6fb5"
        ],
        "comments": [],
        "exceptionStatus": "\/api\/3\/picklists\/6d27204d-dae5-40de-a042-883446b4ca50",
        "uuid": "18d8d640-90fe-4a8d-9552-3441295598b0",
        "createUser": "\/api\/3\/appliances\/57545210-2adc-472b-a24f-2df6ee8dfe63",
        "createDate": 1749732926.977544,
        "modifyUser": "\/api\/3\/appliances\/57545210-2adc-472b-a24f-2df6ee8dfe63",
        "modifyDate": 1749736490.857279,
        "recordTags": [
            "Config",
            "System"
        ]
    },
    {
        "@type": "NetshotOutputReport",
        "timestamp": 1749732943,
        "name": "FG2 - show",
        "context": "show",
        "activeReport": false,
        "reportOutputMarkdown": "**ID:9 FG2 - show ( 2025-06-12 12:55:17 +00:00 )**\nNo Exceptions Found!\n",
        "exceptionsFound": 0,
        "score": 10,
        "netshotOutputReportProfiles": "\/api\/3\/netshot_output_report_profiles\/cfc6099f-2a05-4ede-92d6-77651b9204bf",
        "netshotDomains": "\/api\/3\/netshot_domains\/9d908807-86a9-4d51-b63f-a89e90647643",
        "netshotTargets": "\/api\/3\/netshot_targets\/038e67d5-2d15-4290-bc3c-00895cb49184",
        "type": "\/api\/3\/picklists\/1af191f9-2d25-42b5-919a-443e4c74f3a7",
        "status": "\/api\/3\/picklists\/27e6a838-db8e-4b96-b9f3-23878e57d148",
        "netshotTargetOutputs": [
            "\/api\/3\/netshot_target_outputs\/fbdc2ae4-0732-4152-95c2-11b3ffde6fb5"
        ],
        "comments": [],
        "exceptionStatus": "\/api\/3\/picklists\/6d27204d-dae5-40de-a042-883446b4ca50",
        "uuid": "615c09cb-372e-4fec-9b47-99581d2778c8",
        "createUser": "\/api\/3\/appliances\/57545210-2adc-472b-a24f-2df6ee8dfe63",
        "createDate": 1749732924.080565,
        "modifyUser": "\/api\/3\/appliances\/57545210-2adc-472b-a24f-2df6ee8dfe63",
        "modifyDate": 1749736490.987281,
        "recordTags": [
            "Config",
            "System"
        ]
    },
    {
        "@type": "NetshotOutputReport",
        "timestamp": 1749732914,
        "name": "FMG - nmap -n -p 22,23,80,443,541",
        "context": "nmap -n -p 22,23,80,443,541",
        "activeReport": false,
        "reportOutputMarkdown": "**ID:4 FMG - nmap -n -p 22,23,80,443,541 ( 2025-06-12 12:54:56 +00:00 )**\nNo Exceptions Found!\n",
        "exceptionsFound": 0,
        "score": 10,
        "netshotOutputReportProfiles": "\/api\/3\/netshot_output_report_profiles\/6b12d68f-29b8-41fb-82e0-80bd32ebe9d5",
        "netshotDomains": "\/api\/3\/netshot_domains\/9d908807-86a9-4d51-b63f-a89e90647643",
        "netshotTargets": "\/api\/3\/netshot_targets\/80fcb457-4683-4dd8-b4ea-6c82ce56937c",
        "type": "\/api\/3\/picklists\/1af191f9-2d25-42b5-919a-443e4c74f3a7",
        "status": "\/api\/3\/picklists\/27e6a838-db8e-4b96-b9f3-23878e57d148",
        "netshotTargetOutputs": [
            "\/api\/3\/netshot_target_outputs\/4959f8a1-d0a8-414f-a6bb-af0b35ea56f4"
        ],
        "comments": [],
        "exceptionStatus": "\/api\/3\/picklists\/6d27204d-dae5-40de-a042-883446b4ca50",
        "uuid": "a6b0ea6f-2529-45ef-aa0c-7cbd12e3f79f",
        "createUser": "\/api\/3\/appliances\/57545210-2adc-472b-a24f-2df6ee8dfe63",
        "createDate": 1749732903.54386,
        "modifyUser": "\/api\/3\/appliances\/57545210-2adc-472b-a24f-2df6ee8dfe63",
        "modifyDate": 1749736491.136776,
        "recordTags": [
            "Scan"
        ]
    },
    {
        "@type": "NetshotOutputReport",
        "timestamp": 1749732911,
        "name": "FMG - nmap -n -p 22,23,80,443,541",
        "context": "nmap -n -p 22,23,80,443,541",
        "activeReport": false,
        "reportOutputMarkdown": "**ID:4 FMG - nmap -n -p 22,23,80,443,541 ( 2025-06-12 12:54:56 +00:00 )**\nNo Exceptions Found!\n",
        "exceptionsFound": 0,
        "score": 10,
        "netshotOutputReportProfiles": "\/api\/3\/netshot_output_report_profiles\/1b190f6f-6018-478c-9653-aabd4a607494",
        "netshotDomains": "\/api\/3\/netshot_domains\/9d908807-86a9-4d51-b63f-a89e90647643",
        "netshotTargets": "\/api\/3\/netshot_targets\/80fcb457-4683-4dd8-b4ea-6c82ce56937c",
        "type": "\/api\/3\/picklists\/1af191f9-2d25-42b5-919a-443e4c74f3a7",
        "status": "\/api\/3\/picklists\/27e6a838-db8e-4b96-b9f3-23878e57d148",
        "netshotTargetOutputs": [
            "\/api\/3\/netshot_target_outputs\/4959f8a1-d0a8-414f-a6bb-af0b35ea56f4"
        ],
        "comments": [],
        "exceptionStatus": "\/api\/3\/picklists\/6d27204d-dae5-40de-a042-883446b4ca50",
        "uuid": "322bb079-d9e1-4328-a8cf-e433b0d46051",
        "createUser": "\/api\/3\/appliances\/57545210-2adc-472b-a24f-2df6ee8dfe63",
        "createDate": 1749732900.931743,
        "modifyUser": "\/api\/3\/appliances\/57545210-2adc-472b-a24f-2df6ee8dfe63",
        "modifyDate": 1749736491.088336,
        "recordTags": [
            "Scan"
        ]
    },
    {
        "@type": "NetshotOutputReport",
        "timestamp": 1749732881,
        "name": "FMG - get system status",
        "context": "get system status",
        "activeReport": false,
        "reportOutputMarkdown": "**ID:3 FMG - get system status ( 2025-06-12 12:54:17 +00:00 )**\nNo Exceptions Found!\n",
        "exceptionsFound": 0,
        "score": 25,
        "netshotOutputReportProfiles": "\/api\/3\/netshot_output_report_profiles\/d197c262-4b5f-46bc-8153-7527e6c71ee2",
        "netshotDomains": "\/api\/3\/netshot_domains\/9d908807-86a9-4d51-b63f-a89e90647643",
        "netshotTargets": "\/api\/3\/netshot_targets\/80fcb457-4683-4dd8-b4ea-6c82ce56937c",
        "type": "\/api\/3\/picklists\/c1d5d38e-9dbd-4a8e-bd6d-1479cad1d42a",
        "status": "\/api\/3\/picklists\/27e6a838-db8e-4b96-b9f3-23878e57d148",
        "netshotTargetOutputs": [
            "\/api\/3\/netshot_target_outputs\/95fe5cd0-cf4c-41d9-bdad-a93be39c9f18"
        ],
        "comments": [],
        "exceptionStatus": "\/api\/3\/picklists\/6d27204d-dae5-40de-a042-883446b4ca50",
        "uuid": "95e13b94-1515-4461-9575-3a8fc6e68f0c",
        "createUser": "\/api\/3\/appliances\/57545210-2adc-472b-a24f-2df6ee8dfe63",
        "createDate": 1749732866.690586,
        "modifyUser": "\/api\/3\/appliances\/57545210-2adc-472b-a24f-2df6ee8dfe63",
        "modifyDate": 1749736490.997637,
        "recordTags": [
            "System"
        ]
    },
    {
        "@type": "NetshotOutputReport",
        "timestamp": 1749732877,
        "name": "FG1 - get system status",
        "context": "get system status",
        "activeReport": false,
        "reportOutputMarkdown": "**ID:1 FG1 - get system status ( 2025-06-12 12:54:15 +00:00 )**\nNo Exceptions Found!\n",
        "exceptionsFound": 0,
        "score": 25,
        "netshotOutputReportProfiles": "\/api\/3\/netshot_output_report_profiles\/d197c262-4b5f-46bc-8153-7527e6c71ee2",
        "netshotDomains": "\/api\/3\/netshot_domains\/9d908807-86a9-4d51-b63f-a89e90647643",
        "netshotTargets": "\/api\/3\/netshot_targets\/6ffed084-5041-49d9-8242-bfac29cc6774",
        "type": "\/api\/3\/picklists\/c1d5d38e-9dbd-4a8e-bd6d-1479cad1d42a",
        "status": "\/api\/3\/picklists\/27e6a838-db8e-4b96-b9f3-23878e57d148",
        "netshotTargetOutputs": [
            "\/api\/3\/netshot_target_outputs\/762561b6-2520-4ee0-8a4d-5a3a5ddeaeaa"
        ],
        "comments": [],
        "exceptionStatus": "\/api\/3\/picklists\/6d27204d-dae5-40de-a042-883446b4ca50",
        "uuid": "92b30fbc-7ec7-4f05-8e9f-36564fec663f",
        "createUser": "\/api\/3\/appliances\/57545210-2adc-472b-a24f-2df6ee8dfe63",
        "createDate": 1749732860.966937,
        "modifyUser": "\/api\/3\/appliances\/57545210-2adc-472b-a24f-2df6ee8dfe63",
        "modifyDate": 1749736491.017125,
        "recordTags": [
            "System"
        ]
    },
    {
        "@type": "NetshotOutputReport",
        "timestamp": 1749732877,
        "name": "FG2 - get system status",
        "context": "get system status",
        "activeReport": false,
        "reportOutputMarkdown": "**ID:2 FG2 - get system status ( 2025-06-12 12:54:14 +00:00 )**\nNo Exceptions Found!\n",
        "exceptionsFound": 0,
        "score": 25,
        "netshotOutputReportProfiles": "\/api\/3\/netshot_output_report_profiles\/d197c262-4b5f-46bc-8153-7527e6c71ee2",
        "netshotDomains": "\/api\/3\/netshot_domains\/9d908807-86a9-4d51-b63f-a89e90647643",
        "netshotTargets": "\/api\/3\/netshot_targets\/038e67d5-2d15-4290-bc3c-00895cb49184",
        "type": "\/api\/3\/picklists\/c1d5d38e-9dbd-4a8e-bd6d-1479cad1d42a",
        "status": "\/api\/3\/picklists\/27e6a838-db8e-4b96-b9f3-23878e57d148",
        "netshotTargetOutputs": [
            "\/api\/3\/netshot_target_outputs\/1db70444-602d-46a0-9cef-5f42ca208428"
        ],
        "comments": [],
        "exceptionStatus": "\/api\/3\/picklists\/6d27204d-dae5-40de-a042-883446b4ca50",
        "uuid": "9ff00f04-3004-4e61-8227-08439fdd2130",
        "createUser": "\/api\/3\/appliances\/57545210-2adc-472b-a24f-2df6ee8dfe63",
        "createDate": 1749732860.51479,
        "modifyUser": "\/api\/3\/appliances\/57545210-2adc-472b-a24f-2df6ee8dfe63",
        "modifyDate": 1749736490.957682,
        "recordTags": [
            "System"
        ]
    }
]