{
    "@context": "\/api\/3\/contexts\/SystemViewTemplate",
    "@type": "SystemViewTemplate",
    "type": "form",
    "config": {
        "rows": [
            {
                "columns": [
                    {
                        "widgets": [
                            {
                                "type": "formGroup",
                                "config": {
                                    "wid": "a54168d5-f64f-465a-a591-537c3548f83c",
                                    "rows": [
                                        {
                                            "columns": [
                                                {
                                                    "fields": [
                                                        {
                                                            "name": "netshotDomains",
                                                            "highlightMode": true,
                                                            "linky": true,
                                                            "readOnly": false
                                                        },
                                                        {
                                                            "name": "name",
                                                            "highlightMode": true,
                                                            "linky": true,
                                                            "readOnly": false
                                                        },
                                                        {
                                                            "name": "type",
                                                            "highlightMode": true,
                                                            "linky": true,
                                                            "readOnly": false
                                                        }
                                                    ],
                                                    "style": "col-lg-6"
                                                },
                                                {
                                                    "fields": [
                                                        {
                                                            "name": "deviceIP",
                                                            "highlightMode": true,
                                                            "linky": true,
                                                            "readOnly": false
                                                        },
                                                        {
                                                            "name": "deviceUsername",
                                                            "highlightMode": true,
                                                            "linky": true,
                                                            "readOnly": false
                                                        },
                                                        {
                                                            "name": "devicePassword",
                                                            "highlightMode": true,
                                                            "linky": true,
                                                            "readOnly": false
                                                        },
                                                        {
                                                            "name": "deviceAPIKey",
                                                            "highlightMode": true,
                                                            "linky": true,
                                                            "readOnly": false
                                                        }
                                                    ],
                                                    "style": "col-lg-6"
                                                }
                                            ]
                                        }
                                    ]
                                }
                            },
                            {
                                "type": "formGroup",
                                "config": {
                                    "wid": "cbd7fcf1-ff41-4d1d-b4a4-8ff6393607f6",
                                    "rows": [
                                        {
                                            "columns": [
                                                {
                                                    "fields": [
                                                        {
                                                            "name": "description",
                                                            "highlightMode": true,
                                                            "linky": true,
                                                            "readOnly": false
                                                        }
                                                    ]
                                                }
                                            ]
                                        }
                                    ]
                                }
                            }
                        ],
                        "style": "col-lg-12"
                    }
                ],
                "wid": "4d8480df-619f-4a59-a7f3-6372befa1374",
                "_collapsed": false
            }
        ],
        "wid": "2f4c7fe5-d8b6-4a84-853c-092229544ab3",
        "metadata": {
            "customTemplateTitle": "Netshot Targets",
            "originalTemplateTitle": "Netshot Targets"
        },
        "style": "col-lg-6 col-lg-offset-3 col-md-8 col-md-offset-2 col-sm-10 col-sm-offset-1",
        "actionButtons": []
    },
    "uuid": "modules-netshot_targets-form"
}