{
    "@context": "\/api\/3\/contexts\/SystemViewTemplate",
    "@type": "SystemViewTemplate",
    "type": "rows",
    "config": {
        "rows": [
            {
                "columns": [
                    {
                        "widgets": [
                            {
                                "type": "rows",
                                "config": {
                                    "wid": "31489758-6a3a-44de-9182-f5afbf1a1c2e",
                                    "rows": [
                                        {
                                            "columns": [
                                                {
                                                    "widgets": [
                                                        {
                                                            "type": "sectionHeader",
                                                            "config": {
                                                                "wid": "0ae74171-fd21-4482-af14-67ebe6d13a9a",
                                                                "query": {
                                                                    "filters": [],
                                                                    "sort": [],
                                                                    "limit": 10
                                                                },
                                                                "editorType": "html",
                                                                "sectionText": "<p><strong>Netshot Targets<\/strong><\/p>\n<ul>\n<li>Create Target<\/li>\n<li>Assign Target(s) to Domain<\/li>\n<li>In Domain Unlink Profiles and then Run Netshot on Target(s)<\/li>\n<li>See Report Results<\/li>\n<\/ul>"
                                                            }
                                                        }
                                                    ],
                                                    "style": "col-lg-12"
                                                }
                                            ],
                                            "wid": "f87652fd-0088-4bd3-ab57-96f84ef0520c",
                                            "_collapsed": false
                                        }
                                    ]
                                }
                            }
                        ],
                        "style": "col-lg-12"
                    }
                ],
                "wid": "9433bbcf-bb47-456d-a19c-04f35a2a4fb3",
                "_collapsed": false
            },
            {
                "columns": [
                    {
                        "widgets": [
                            {
                                "type": "grid",
                                "config": {
                                    "wid": "ee357409-1f53-43f5-a57d-884ee813394f",
                                    "module": "netshot_targets",
                                    "columns": [
                                        "netshotDomains",
                                        "id",
                                        "name",
                                        "type",
                                        "recordTags",
                                        "totalScorePossible",
                                        "totalScore"
                                    ],
                                    "expandableCol": [
                                        {
                                            "openTab": false,
                                            "name": "recordTags"
                                        },
                                        {
                                            "openTab": false,
                                            "name": "description"
                                        }
                                    ],
                                    "relationshipField": [],
                                    "checkboxStatus": true,
                                    "editableFields": false,
                                    "actionButtons": [],
                                    "query": {
                                        "sort": [],
                                        "limit": 250,
                                        "logic": "AND",
                                        "filters": []
                                    },
                                    "title": "Netshot Targets"
                                }
                            }
                        ],
                        "style": "col-lg-12"
                    }
                ],
                "wid": "e4ecfaa2-3d32-4f56-b39d-070d6b815ced",
                "_collapsed": false
            }
        ],
        "wid": "c43f4337-b047-4ca7-ab4d-9a4d43debe6f",
        "metadata": {
            "customTemplateTitle": "Netshot Targets",
            "originalTemplateTitle": "Netshot Targets"
        }
    },
    "uuid": "modules-netshot_targets-list"
}