{
    "@context": "\/api\/3\/contexts\/StagingModelMetadata",
    "@type": "StagingModelMetadata",
    "type": "netshot_targets",
    "parentType": null,
    "tableName": "netshot_target",
    "ownable": false,
    "userOwnable": false,
    "queueable": false,
    "trackable": true,
    "taggable": true,
    "peerReplicable": false,
    "defaultSort": [
        {
            "direction": "ASC",
            "field": "name"
        }
    ],
    "uniqueConstraint": [
        {
            "netshot_targets_unique": {
                "columns": [
                    "name"
                ]
            }
        }
    ],
    "indexable": true,
    "writable": true,
    "attributes": [
        {
            "@id": "\/api\/3\/attribute_metadatas\/6263eaf4-ca39-47bb-88dc-9039e7b4b441",
            "@type": "AttributeMetadata",
            "type": "netshot_domains",
            "name": "netshotDomains",
            "length": null,
            "orderIndex": 1,
            "formType": "lookup",
            "dataSource": {
                "model": "netshot_domains"
            },
            "searchable": false,
            "peerReplicable": true,
            "system": false,
            "encrypted": false,
            "gridColumn": true,
            "collection": false,
            "inversedField": null,
            "ownsRelationship": false,
            "validation": {
                "required": false,
                "minlength": 0,
                "maxlength": 10485761,
                "_enableRange": false
            },
            "bulkAction": {
                "allow": true,
                "buttonText": "",
                "buttonIcon": "",
                "buttonClass": "btn btn-default btn-sm"
            },
            "dataSourceFilters": null,
            "defaultValue": null,
            "tooltip": null,
            "visibility": true,
            "htmlEscape": false,
            "orphanRemoval": null,
            "readable": true,
            "writeable": true,
            "identifier": null,
            "unique": false,
            "recommend": false,
            "skipSerialization": false,
            "uuid": "6263eaf4-ca39-47bb-88dc-9039e7b4b441",
            "displayName": "{{ netshotDomains }}",
            "descriptions": {
                "singular": "Domain"
            }
        },
        {
            "@id": "\/api\/3\/attribute_metadatas\/1622e111-a5e2-421c-b402-a1eab5a40841",
            "@type": "AttributeMetadata",
            "type": "string",
            "name": "name",
            "length": null,
            "orderIndex": 2,
            "formType": "text",
            "dataSource": null,
            "searchable": true,
            "peerReplicable": true,
            "system": false,
            "encrypted": false,
            "gridColumn": true,
            "collection": false,
            "inversedField": null,
            "ownsRelationship": false,
            "validation": {
                "required": true,
                "minlength": 0,
                "maxlength": 10485761,
                "_enableRange": false
            },
            "bulkAction": {
                "allow": false,
                "buttonText": "",
                "buttonIcon": "",
                "buttonClass": "btn btn-default btn-sm"
            },
            "dataSourceFilters": null,
            "defaultValue": "",
            "tooltip": null,
            "visibility": true,
            "htmlEscape": false,
            "orphanRemoval": null,
            "readable": true,
            "writeable": true,
            "identifier": null,
            "unique": false,
            "recommend": false,
            "skipSerialization": false,
            "uuid": "1622e111-a5e2-421c-b402-a1eab5a40841",
            "displayName": "{{ name }}",
            "descriptions": {
                "singular": "Name"
            }
        },
        {
            "@id": "\/api\/3\/attribute_metadatas\/0c7273b5-07b8-494b-8b3a-0037d8c9d4c2",
            "@type": "AttributeMetadata",
            "type": "picklists",
            "name": "type",
            "length": null,
            "orderIndex": 3,
            "formType": "picklist",
            "dataSource": {
                "model": "picklists",
                "query": {
                    "logic": "AND",
                    "filters": [
                        {
                            "field": "listName__name",
                            "operator": "eq",
                            "value": "Netshot Target Type"
                        }
                    ],
                    "sort": [
                        {
                            "field": "orderIndex",
                            "direction": "ASC"
                        }
                    ]
                },
                "displayConditions": {
                    "5f04a004-1ec5-4dd1-8054-f170546f5969": {
                        "visibility": "visible",
                        "conditions": null
                    },
                    "228fcdb4-db1d-4097-8c88-b654372ce47f": {
                        "visibility": "visible",
                        "conditions": null
                    },
                    "cb8300b4-527a-41cf-91c4-c14a281f095b": {
                        "visibility": "visible",
                        "conditions": null
                    },
                    "d15f0b7b-1a8e-4bbc-aff0-22cc917f9a3d": {
                        "visibility": "visible",
                        "conditions": null
                    }
                }
            },
            "searchable": false,
            "peerReplicable": true,
            "system": false,
            "encrypted": false,
            "gridColumn": true,
            "collection": false,
            "inversedField": null,
            "ownsRelationship": false,
            "validation": {
                "required": false,
                "minlength": 0,
                "maxlength": 10485761,
                "_enableRange": false
            },
            "bulkAction": {
                "allow": false,
                "buttonText": "",
                "buttonIcon": "",
                "buttonClass": "btn btn-default btn-sm"
            },
            "dataSourceFilters": null,
            "defaultValue": "\/api\/3\/picklists\/5f04a004-1ec5-4dd1-8054-f170546f5969",
            "tooltip": null,
            "visibility": true,
            "htmlEscape": false,
            "orphanRemoval": null,
            "readable": true,
            "writeable": true,
            "identifier": null,
            "unique": false,
            "recommend": false,
            "skipSerialization": false,
            "uuid": "0c7273b5-07b8-494b-8b3a-0037d8c9d4c2",
            "displayName": "{{ type }}",
            "descriptions": {
                "singular": "Type"
            }
        },
        {
            "@id": "\/api\/3\/attribute_metadatas\/d61fbed0-a320-48b9-8ab6-ee8b25467702",
            "@type": "AttributeMetadata",
            "type": "string",
            "name": "description",
            "length": null,
            "orderIndex": 4,
            "formType": "richtext",
            "dataSource": null,
            "searchable": true,
            "peerReplicable": true,
            "system": false,
            "encrypted": false,
            "gridColumn": false,
            "collection": false,
            "inversedField": null,
            "ownsRelationship": false,
            "validation": {
                "required": false,
                "minlength": 0,
                "maxlength": 10485761,
                "_enableRange": false
            },
            "bulkAction": {
                "allow": false,
                "buttonText": "",
                "buttonIcon": "",
                "buttonClass": "btn btn-default btn-sm"
            },
            "dataSourceFilters": null,
            "defaultValue": null,
            "tooltip": null,
            "visibility": true,
            "htmlEscape": false,
            "orphanRemoval": null,
            "readable": true,
            "writeable": true,
            "identifier": null,
            "unique": false,
            "recommend": false,
            "skipSerialization": false,
            "uuid": "d61fbed0-a320-48b9-8ab6-ee8b25467702",
            "displayName": "{{ description }}",
            "descriptions": {
                "singular": "Description"
            }
        },
        {
            "@id": "\/api\/3\/attribute_metadatas\/fd986152-a07f-42cd-875f-a97234d0b2fb",
            "@type": "AttributeMetadata",
            "type": "comments",
            "name": "comments",
            "length": null,
            "orderIndex": 5,
            "formType": "manyToMany",
            "dataSource": {
                "model": "comments"
            },
            "searchable": false,
            "peerReplicable": true,
            "system": false,
            "encrypted": false,
            "gridColumn": false,
            "collection": true,
            "inversedField": "netshotTargets",
            "ownsRelationship": true,
            "validation": {
                "required": false,
                "minlength": 0,
                "maxlength": 10485761
            },
            "bulkAction": [],
            "dataSourceFilters": null,
            "defaultValue": null,
            "tooltip": null,
            "visibility": true,
            "htmlEscape": false,
            "orphanRemoval": null,
            "readable": true,
            "writeable": true,
            "identifier": null,
            "unique": false,
            "recommend": false,
            "skipSerialization": false,
            "uuid": "fd986152-a07f-42cd-875f-a97234d0b2fb",
            "displayName": "{{ comments }}",
            "descriptions": {
                "singular": "Comments"
            }
        },
        {
            "@id": "\/api\/3\/attribute_metadatas\/922566bf-9644-401e-8afa-2d094cff9faa",
            "@type": "AttributeMetadata",
            "type": "string",
            "name": "deviceIP",
            "length": null,
            "orderIndex": 6,
            "formType": "text",
            "dataSource": null,
            "searchable": false,
            "peerReplicable": true,
            "system": false,
            "encrypted": true,
            "gridColumn": false,
            "collection": false,
            "inversedField": null,
            "ownsRelationship": false,
            "validation": {
                "required": false,
                "minlength": 0,
                "maxlength": 10485761,
                "_enableRange": false
            },
            "bulkAction": {
                "allow": false,
                "buttonText": "",
                "buttonIcon": "",
                "buttonClass": "btn btn-default btn-sm"
            },
            "dataSourceFilters": null,
            "defaultValue": "",
            "tooltip": null,
            "visibility": [
                {
                    "sort": [],
                    "limit": 30,
                    "logic": "AND",
                    "filters": [
                        {
                            "field": "type",
                            "operator": "eq",
                            "value": "\/api\/3\/picklists\/5f04a004-1ec5-4dd1-8054-f170546f5969",
                            "_value": {
                                "display": "Device",
                                "itemValue": "Device",
                                "@id": "\/api\/3\/picklists\/5f04a004-1ec5-4dd1-8054-f170546f5969"
                            },
                            "type": "object"
                        }
                    ]
                }
            ],
            "htmlEscape": false,
            "orphanRemoval": null,
            "readable": true,
            "writeable": true,
            "identifier": null,
            "unique": false,
            "recommend": false,
            "skipSerialization": false,
            "uuid": "922566bf-9644-401e-8afa-2d094cff9faa",
            "displayName": "{{ deviceIP }}",
            "descriptions": {
                "singular": "Device IP"
            }
        },
        {
            "@id": "\/api\/3\/attribute_metadatas\/694c150d-c3cb-440f-8d75-843b1d01eb3a",
            "@type": "AttributeMetadata",
            "type": "string",
            "name": "deviceUsername",
            "length": null,
            "orderIndex": 7,
            "formType": "text",
            "dataSource": null,
            "searchable": false,
            "peerReplicable": true,
            "system": false,
            "encrypted": true,
            "gridColumn": false,
            "collection": false,
            "inversedField": null,
            "ownsRelationship": false,
            "validation": {
                "required": false,
                "minlength": 0,
                "maxlength": 10485761,
                "_enableRange": false
            },
            "bulkAction": {
                "allow": false,
                "buttonText": "",
                "buttonIcon": "",
                "buttonClass": "btn btn-default btn-sm"
            },
            "dataSourceFilters": null,
            "defaultValue": "",
            "tooltip": null,
            "visibility": [
                {
                    "sort": [],
                    "limit": 30,
                    "logic": "AND",
                    "filters": [
                        {
                            "field": "type",
                            "operator": "eq",
                            "value": "\/api\/3\/picklists\/5f04a004-1ec5-4dd1-8054-f170546f5969",
                            "_value": {
                                "display": "Device",
                                "itemValue": "Device",
                                "@id": "\/api\/3\/picklists\/5f04a004-1ec5-4dd1-8054-f170546f5969"
                            },
                            "type": "object"
                        }
                    ]
                }
            ],
            "htmlEscape": false,
            "orphanRemoval": null,
            "readable": true,
            "writeable": true,
            "identifier": null,
            "unique": false,
            "recommend": false,
            "skipSerialization": false,
            "uuid": "694c150d-c3cb-440f-8d75-843b1d01eb3a",
            "displayName": "{{ deviceUsername }}",
            "descriptions": {
                "singular": "Device Username"
            }
        },
        {
            "@id": "\/api\/3\/attribute_metadatas\/65368d10-114d-415d-8618-13742e280424",
            "@type": "AttributeMetadata",
            "type": "string",
            "name": "devicePassword",
            "length": null,
            "orderIndex": 8,
            "formType": "text",
            "dataSource": null,
            "searchable": false,
            "peerReplicable": true,
            "system": false,
            "encrypted": true,
            "gridColumn": false,
            "collection": false,
            "inversedField": null,
            "ownsRelationship": false,
            "validation": {
                "required": false,
                "minlength": 0,
                "maxlength": 10485761,
                "_enableRange": false
            },
            "bulkAction": {
                "allow": false,
                "buttonText": "",
                "buttonIcon": "",
                "buttonClass": "btn btn-default btn-sm"
            },
            "dataSourceFilters": null,
            "defaultValue": "",
            "tooltip": null,
            "visibility": [
                {
                    "sort": [],
                    "limit": 30,
                    "logic": "AND",
                    "filters": [
                        {
                            "field": "type",
                            "operator": "eq",
                            "value": "\/api\/3\/picklists\/5f04a004-1ec5-4dd1-8054-f170546f5969",
                            "_value": {
                                "display": "Device",
                                "itemValue": "Device",
                                "@id": "\/api\/3\/picklists\/5f04a004-1ec5-4dd1-8054-f170546f5969"
                            },
                            "type": "object"
                        }
                    ]
                }
            ],
            "htmlEscape": false,
            "orphanRemoval": null,
            "readable": true,
            "writeable": true,
            "identifier": null,
            "unique": false,
            "recommend": false,
            "skipSerialization": false,
            "uuid": "65368d10-114d-415d-8618-13742e280424",
            "displayName": "{{ devicePassword }}",
            "descriptions": {
                "singular": "Device Password"
            }
        },
        {
            "@id": "\/api\/3\/attribute_metadatas\/79fabede-bf5d-4c33-b614-668ab5db42b0",
            "@type": "AttributeMetadata",
            "type": "string",
            "name": "deviceAPIKey",
            "length": null,
            "orderIndex": 9,
            "formType": "text",
            "dataSource": null,
            "searchable": false,
            "peerReplicable": true,
            "system": false,
            "encrypted": false,
            "gridColumn": false,
            "collection": false,
            "inversedField": null,
            "ownsRelationship": false,
            "validation": {
                "required": false,
                "minlength": 0,
                "maxlength": 10485761,
                "_enableRange": false
            },
            "bulkAction": {
                "allow": false,
                "buttonText": "",
                "buttonIcon": "",
                "buttonClass": "btn btn-default btn-sm"
            },
            "dataSourceFilters": null,
            "defaultValue": "",
            "tooltip": null,
            "visibility": [
                {
                    "sort": [],
                    "limit": 30,
                    "logic": "AND",
                    "filters": [
                        {
                            "field": "type",
                            "operator": "eq",
                            "value": "\/api\/3\/picklists\/5f04a004-1ec5-4dd1-8054-f170546f5969",
                            "_value": {
                                "display": "Device",
                                "itemValue": "Device",
                                "@id": "\/api\/3\/picklists\/5f04a004-1ec5-4dd1-8054-f170546f5969"
                            },
                            "type": "object"
                        }
                    ]
                }
            ],
            "htmlEscape": false,
            "orphanRemoval": null,
            "readable": true,
            "writeable": true,
            "identifier": null,
            "unique": false,
            "recommend": false,
            "skipSerialization": false,
            "uuid": "79fabede-bf5d-4c33-b614-668ab5db42b0",
            "displayName": "{{ deviceAPIKey }}",
            "descriptions": {
                "singular": "Device API Key"
            }
        },
        {
            "@id": "\/api\/3\/attribute_metadatas\/52da24c2-26cd-4964-acef-2b401d9990be",
            "@type": "AttributeMetadata",
            "type": "netshot_output_groups",
            "name": "netshotOutputGroups",
            "length": null,
            "orderIndex": 10,
            "formType": "manyToMany",
            "dataSource": {
                "model": "netshot_output_groups"
            },
            "searchable": false,
            "peerReplicable": true,
            "system": false,
            "encrypted": false,
            "gridColumn": false,
            "collection": true,
            "inversedField": "netshotTargets",
            "ownsRelationship": false,
            "validation": null,
            "bulkAction": null,
            "dataSourceFilters": null,
            "defaultValue": null,
            "tooltip": null,
            "visibility": true,
            "htmlEscape": false,
            "orphanRemoval": null,
            "readable": true,
            "writeable": true,
            "identifier": null,
            "unique": false,
            "recommend": false,
            "skipSerialization": false,
            "uuid": "52da24c2-26cd-4964-acef-2b401d9990be",
            "displayName": "{{ netshotOutputGroups }}",
            "descriptions": {
                "singular": "Groups"
            }
        },
        {
            "@id": "\/api\/3\/attribute_metadatas\/f97dda34-481a-4896-a09e-7fa54a5df0c0",
            "@type": "AttributeMetadata",
            "type": "netshot_target_output_profiles",
            "name": "netshotTargetOutputProfiles",
            "length": null,
            "orderIndex": 11,
            "formType": "manyToMany",
            "dataSource": {
                "model": "netshot_target_output_profiles"
            },
            "searchable": false,
            "peerReplicable": true,
            "system": false,
            "encrypted": false,
            "gridColumn": false,
            "collection": true,
            "inversedField": "netshotTargets",
            "ownsRelationship": false,
            "validation": null,
            "bulkAction": null,
            "dataSourceFilters": null,
            "defaultValue": null,
            "tooltip": null,
            "visibility": true,
            "htmlEscape": false,
            "orphanRemoval": null,
            "readable": true,
            "writeable": true,
            "identifier": null,
            "unique": false,
            "recommend": false,
            "skipSerialization": false,
            "uuid": "f97dda34-481a-4896-a09e-7fa54a5df0c0",
            "displayName": "{{ netshotTargetOutputProfiles }}",
            "descriptions": {
                "singular": "Output Profiles"
            }
        },
        {
            "@id": "\/api\/3\/attribute_metadatas\/f2247f83-a836-4d5c-8200-6539eff40360",
            "@type": "AttributeMetadata",
            "type": "netshot_output_report_profiles",
            "name": "netshotOutputReportProfiles",
            "length": null,
            "orderIndex": 12,
            "formType": "manyToMany",
            "dataSource": {
                "model": "netshot_output_report_profiles"
            },
            "searchable": false,
            "peerReplicable": true,
            "system": false,
            "encrypted": false,
            "gridColumn": false,
            "collection": true,
            "inversedField": "netshotTargets",
            "ownsRelationship": true,
            "validation": {
                "required": false,
                "minlength": 0,
                "maxlength": 10485761,
                "_enableRange": false
            },
            "bulkAction": [],
            "dataSourceFilters": null,
            "defaultValue": null,
            "tooltip": null,
            "visibility": true,
            "htmlEscape": false,
            "orphanRemoval": null,
            "readable": true,
            "writeable": true,
            "identifier": null,
            "unique": false,
            "recommend": false,
            "skipSerialization": false,
            "uuid": "f2247f83-a836-4d5c-8200-6539eff40360",
            "displayName": "{{ netshotOutputReportProfiles }}",
            "descriptions": {
                "singular": "Report Profiles"
            }
        },
        {
            "@id": "\/api\/3\/attribute_metadatas\/77ab7fe0-ff0c-4d3b-b17d-e9f0e364e5ca",
            "@type": "AttributeMetadata",
            "type": "netshot_target_outputs",
            "name": "netshotTargetOutputs",
            "length": null,
            "orderIndex": 13,
            "formType": "oneToMany",
            "dataSource": {
                "model": "netshot_target_outputs"
            },
            "searchable": false,
            "peerReplicable": true,
            "system": false,
            "encrypted": false,
            "gridColumn": false,
            "collection": true,
            "inversedField": "netshotTargets",
            "ownsRelationship": false,
            "validation": {
                "required": false,
                "minlength": 0,
                "maxlength": 10485761,
                "_enableRange": false
            },
            "bulkAction": [],
            "dataSourceFilters": null,
            "defaultValue": null,
            "tooltip": null,
            "visibility": true,
            "htmlEscape": false,
            "orphanRemoval": null,
            "readable": true,
            "writeable": true,
            "identifier": null,
            "unique": false,
            "recommend": false,
            "skipSerialization": false,
            "uuid": "77ab7fe0-ff0c-4d3b-b17d-e9f0e364e5ca",
            "displayName": "{{ netshotTargetOutputs }}",
            "descriptions": {
                "singular": "Outputs"
            }
        },
        {
            "@id": "\/api\/3\/attribute_metadatas\/1b373127-bec1-4714-bd70-6b09debc51e6",
            "@type": "AttributeMetadata",
            "type": "netshot_output_reports",
            "name": "netshotOutputReports",
            "length": null,
            "orderIndex": 14,
            "formType": "oneToMany",
            "dataSource": {
                "model": "netshot_output_reports"
            },
            "searchable": false,
            "peerReplicable": true,
            "system": false,
            "encrypted": false,
            "gridColumn": false,
            "collection": true,
            "inversedField": "netshotTargets",
            "ownsRelationship": true,
            "validation": {
                "required": false,
                "minlength": 0,
                "maxlength": 10485761,
                "_enableRange": false
            },
            "bulkAction": [],
            "dataSourceFilters": null,
            "defaultValue": null,
            "tooltip": null,
            "visibility": true,
            "htmlEscape": false,
            "orphanRemoval": null,
            "readable": true,
            "writeable": true,
            "identifier": null,
            "unique": false,
            "recommend": false,
            "skipSerialization": false,
            "uuid": "1b373127-bec1-4714-bd70-6b09debc51e6",
            "displayName": "{{ netshotOutputReports }}",
            "descriptions": {
                "singular": "Reports"
            }
        },
        {
            "@id": "\/api\/3\/attribute_metadatas\/fa70e5ca-1ee6-4b18-8a03-605261260b60",
            "@type": "AttributeMetadata",
            "type": "integer",
            "name": "totalScorePossible",
            "length": null,
            "orderIndex": 15,
            "formType": "integer",
            "dataSource": null,
            "searchable": true,
            "peerReplicable": true,
            "system": false,
            "encrypted": false,
            "gridColumn": false,
            "collection": false,
            "inversedField": null,
            "ownsRelationship": false,
            "validation": {
                "required": false,
                "minlength": -2147483648,
                "maxlength": 10485761
            },
            "bulkAction": {
                "allow": false,
                "buttonText": "",
                "buttonIcon": "",
                "buttonClass": "btn btn-default btn-sm"
            },
            "dataSourceFilters": null,
            "defaultValue": null,
            "tooltip": null,
            "visibility": true,
            "htmlEscape": false,
            "orphanRemoval": null,
            "readable": true,
            "writeable": true,
            "identifier": null,
            "unique": false,
            "recommend": false,
            "skipSerialization": false,
            "uuid": "fa70e5ca-1ee6-4b18-8a03-605261260b60",
            "displayName": "{{ totalScorePossible }}",
            "descriptions": {
                "singular": "Total Score Possible"
            }
        },
        {
            "@id": "\/api\/3\/attribute_metadatas\/f176933d-122b-4da2-b927-fbb754050e4b",
            "@type": "AttributeMetadata",
            "type": "integer",
            "name": "totalScore",
            "length": null,
            "orderIndex": 16,
            "formType": "integer",
            "dataSource": null,
            "searchable": true,
            "peerReplicable": true,
            "system": false,
            "encrypted": false,
            "gridColumn": false,
            "collection": false,
            "inversedField": null,
            "ownsRelationship": false,
            "validation": {
                "required": false,
                "minlength": -2147483648,
                "maxlength": 10485761
            },
            "bulkAction": {
                "allow": false,
                "buttonText": "",
                "buttonIcon": "",
                "buttonClass": "btn btn-default btn-sm"
            },
            "dataSourceFilters": null,
            "defaultValue": null,
            "tooltip": null,
            "visibility": true,
            "htmlEscape": false,
            "orphanRemoval": null,
            "readable": true,
            "writeable": true,
            "identifier": null,
            "unique": false,
            "recommend": false,
            "skipSerialization": false,
            "uuid": "f176933d-122b-4da2-b927-fbb754050e4b",
            "displayName": "{{ totalScore }}",
            "descriptions": {
                "singular": "Total Score"
            }
        },
        {
            "@id": "\/api\/3\/attribute_metadatas\/35c45cf3-c901-4403-aba1-f6107fc1f2d4",
            "@type": "AttributeMetadata",
            "type": "boolean",
            "name": "reQueueOutputs",
            "length": null,
            "orderIndex": 17,
            "formType": "checkbox",
            "dataSource": null,
            "searchable": true,
            "peerReplicable": true,
            "system": false,
            "encrypted": false,
            "gridColumn": false,
            "collection": false,
            "inversedField": null,
            "ownsRelationship": false,
            "validation": {
                "required": false,
                "minlength": 0,
                "maxlength": 10485761,
                "_enableRange": false
            },
            "bulkAction": {
                "allow": false,
                "buttonText": "",
                "buttonIcon": "",
                "buttonClass": "btn btn-default btn-sm"
            },
            "dataSourceFilters": null,
            "defaultValue": "",
            "tooltip": "Trigger for starting the re-queuing process",
            "visibility": true,
            "htmlEscape": false,
            "orphanRemoval": null,
            "readable": true,
            "writeable": true,
            "identifier": null,
            "unique": false,
            "recommend": false,
            "skipSerialization": false,
            "uuid": "35c45cf3-c901-4403-aba1-f6107fc1f2d4",
            "displayName": "{{ reQueueOutputs }}",
            "descriptions": {
                "singular": "Re-Queue Outputs"
            }
        },
        {
            "@id": "\/api\/3\/attribute_metadatas\/5ea6aa24-998e-4b7d-aac9-4e5356a42769",
            "@type": "AttributeMetadata",
            "type": "integer",
            "name": "outputsLinked",
            "length": null,
            "orderIndex": 18,
            "formType": "integer",
            "dataSource": null,
            "searchable": true,
            "peerReplicable": true,
            "system": false,
            "encrypted": false,
            "gridColumn": false,
            "collection": false,
            "inversedField": null,
            "ownsRelationship": false,
            "validation": {
                "required": false,
                "minlength": -2147483648,
                "maxlength": 10485761
            },
            "bulkAction": {
                "allow": false,
                "buttonText": "",
                "buttonIcon": "",
                "buttonClass": "btn btn-default btn-sm"
            },
            "dataSourceFilters": null,
            "defaultValue": null,
            "tooltip": null,
            "visibility": true,
            "htmlEscape": false,
            "orphanRemoval": null,
            "readable": true,
            "writeable": true,
            "identifier": null,
            "unique": false,
            "recommend": false,
            "skipSerialization": false,
            "uuid": "5ea6aa24-998e-4b7d-aac9-4e5356a42769",
            "displayName": "{{ outputsLinked }}",
            "descriptions": {
                "singular": "Outputs Linked"
            }
        },
        {
            "@id": "\/api\/3\/attribute_metadatas\/d9ff4745-a89a-4dfa-9be2-4fd6fcb1b90e",
            "@type": "AttributeMetadata",
            "type": "integer",
            "name": "outputsPending",
            "length": null,
            "orderIndex": 19,
            "formType": "integer",
            "dataSource": null,
            "searchable": true,
            "peerReplicable": true,
            "system": false,
            "encrypted": false,
            "gridColumn": false,
            "collection": false,
            "inversedField": null,
            "ownsRelationship": false,
            "validation": {
                "required": false,
                "minlength": -2147483648,
                "maxlength": 10485761
            },
            "bulkAction": {
                "allow": false,
                "buttonText": "",
                "buttonIcon": "",
                "buttonClass": "btn btn-default btn-sm"
            },
            "dataSourceFilters": null,
            "defaultValue": null,
            "tooltip": null,
            "visibility": true,
            "htmlEscape": false,
            "orphanRemoval": null,
            "readable": true,
            "writeable": true,
            "identifier": null,
            "unique": false,
            "recommend": false,
            "skipSerialization": false,
            "uuid": "d9ff4745-a89a-4dfa-9be2-4fd6fcb1b90e",
            "displayName": "{{ outputsPending }}",
            "descriptions": {
                "singular": "Outputs Pending"
            }
        },
        {
            "@id": "\/api\/3\/attribute_metadatas\/7be7c22b-3e67-4c2c-8815-d73d5a8b38d9",
            "@type": "AttributeMetadata",
            "type": "integer",
            "name": "outputsComplete",
            "length": null,
            "orderIndex": 20,
            "formType": "integer",
            "dataSource": null,
            "searchable": true,
            "peerReplicable": true,
            "system": false,
            "encrypted": false,
            "gridColumn": false,
            "collection": false,
            "inversedField": null,
            "ownsRelationship": false,
            "validation": {
                "required": false,
                "minlength": -2147483648,
                "maxlength": 10485761
            },
            "bulkAction": {
                "allow": false,
                "buttonText": "",
                "buttonIcon": "",
                "buttonClass": "btn btn-default btn-sm"
            },
            "dataSourceFilters": null,
            "defaultValue": null,
            "tooltip": null,
            "visibility": true,
            "htmlEscape": false,
            "orphanRemoval": null,
            "readable": true,
            "writeable": true,
            "identifier": null,
            "unique": false,
            "recommend": false,
            "skipSerialization": false,
            "uuid": "7be7c22b-3e67-4c2c-8815-d73d5a8b38d9",
            "displayName": "{{ outputsComplete }}",
            "descriptions": {
                "singular": "Outputs Complete"
            }
        },
        {
            "@id": "\/api\/3\/attribute_metadatas\/d7108966-4cdf-4356-b790-7b751950f37d",
            "@type": "AttributeMetadata",
            "type": "integer",
            "name": "reportsLinked",
            "length": null,
            "orderIndex": 21,
            "formType": "integer",
            "dataSource": null,
            "searchable": true,
            "peerReplicable": true,
            "system": false,
            "encrypted": false,
            "gridColumn": false,
            "collection": false,
            "inversedField": null,
            "ownsRelationship": false,
            "validation": {
                "required": false,
                "minlength": -2147483648,
                "maxlength": 10485761
            },
            "bulkAction": {
                "allow": false,
                "buttonText": "",
                "buttonIcon": "",
                "buttonClass": "btn btn-default btn-sm"
            },
            "dataSourceFilters": null,
            "defaultValue": null,
            "tooltip": null,
            "visibility": true,
            "htmlEscape": false,
            "orphanRemoval": null,
            "readable": true,
            "writeable": true,
            "identifier": null,
            "unique": false,
            "recommend": false,
            "skipSerialization": false,
            "uuid": "d7108966-4cdf-4356-b790-7b751950f37d",
            "displayName": "{{ reportsLinked }}",
            "descriptions": {
                "singular": "Reports Linked"
            }
        },
        {
            "@id": "\/api\/3\/attribute_metadatas\/1647452a-133e-4230-a322-114a471fec07",
            "@type": "AttributeMetadata",
            "type": "integer",
            "name": "reportsPending",
            "length": null,
            "orderIndex": 22,
            "formType": "integer",
            "dataSource": null,
            "searchable": true,
            "peerReplicable": true,
            "system": false,
            "encrypted": false,
            "gridColumn": false,
            "collection": false,
            "inversedField": null,
            "ownsRelationship": false,
            "validation": {
                "required": false,
                "minlength": -2147483648,
                "maxlength": 10485761
            },
            "bulkAction": {
                "allow": false,
                "buttonText": "",
                "buttonIcon": "",
                "buttonClass": "btn btn-default btn-sm"
            },
            "dataSourceFilters": null,
            "defaultValue": null,
            "tooltip": null,
            "visibility": true,
            "htmlEscape": false,
            "orphanRemoval": null,
            "readable": true,
            "writeable": true,
            "identifier": null,
            "unique": false,
            "recommend": false,
            "skipSerialization": false,
            "uuid": "1647452a-133e-4230-a322-114a471fec07",
            "displayName": "{{ reportsPending }}",
            "descriptions": {
                "singular": "Reports Pending"
            }
        },
        {
            "@id": "\/api\/3\/attribute_metadatas\/510d8a68-999c-464e-895c-76b259036087",
            "@type": "AttributeMetadata",
            "type": "integer",
            "name": "reportsComplete",
            "length": null,
            "orderIndex": 23,
            "formType": "integer",
            "dataSource": null,
            "searchable": true,
            "peerReplicable": true,
            "system": false,
            "encrypted": false,
            "gridColumn": false,
            "collection": false,
            "inversedField": null,
            "ownsRelationship": false,
            "validation": {
                "required": false,
                "minlength": -2147483648,
                "maxlength": 10485761
            },
            "bulkAction": {
                "allow": false,
                "buttonText": "",
                "buttonIcon": "",
                "buttonClass": "btn btn-default btn-sm"
            },
            "dataSourceFilters": null,
            "defaultValue": null,
            "tooltip": null,
            "visibility": true,
            "htmlEscape": false,
            "orphanRemoval": null,
            "readable": true,
            "writeable": true,
            "identifier": null,
            "unique": false,
            "recommend": false,
            "skipSerialization": false,
            "uuid": "510d8a68-999c-464e-895c-76b259036087",
            "displayName": "{{ reportsComplete }}",
            "descriptions": {
                "singular": "Reports Complete"
            }
        },
        {
            "@id": "\/api\/3\/attribute_metadatas\/bdda3f27-f802-4f79-a332-daba3df27905",
            "@type": "AttributeMetadata",
            "type": "picklists",
            "name": "netshotStatus",
            "length": null,
            "orderIndex": 24,
            "formType": "picklist",
            "dataSource": {
                "model": "picklists",
                "query": {
                    "logic": "AND",
                    "filters": [
                        {
                            "field": "listName__name",
                            "operator": "eq",
                            "value": "Netshot Status of Target"
                        }
                    ],
                    "sort": [
                        {
                            "field": "orderIndex",
                            "direction": "ASC"
                        }
                    ]
                },
                "displayConditions": {
                    "2aeef259-2cf5-4cdf-84db-84a241bcdec2": {
                        "visibility": "visible",
                        "conditions": null
                    },
                    "d7b3a940-f5f1-49b5-b07a-c2e64e42d402": {
                        "visibility": "visible",
                        "conditions": null
                    },
                    "471d69a2-dd26-474c-937f-733beb7ba827": {
                        "visibility": "visible",
                        "conditions": null
                    },
                    "3bfda5ef-65b0-48cf-becf-1a29ecb9f7a3": {
                        "visibility": "visible",
                        "conditions": null
                    },
                    "ff1c800c-45d6-43aa-a51b-642d3a73caaf": {
                        "visibility": "visible",
                        "conditions": null
                    }
                }
            },
            "searchable": false,
            "peerReplicable": true,
            "system": false,
            "encrypted": false,
            "gridColumn": false,
            "collection": false,
            "inversedField": null,
            "ownsRelationship": false,
            "validation": {
                "required": false,
                "minlength": 0,
                "maxlength": 10485761,
                "_enableRange": false
            },
            "bulkAction": {
                "allow": false,
                "buttonText": "",
                "buttonIcon": "",
                "buttonClass": "btn btn-default btn-sm"
            },
            "dataSourceFilters": null,
            "defaultValue": "\/api\/3\/picklists\/2aeef259-2cf5-4cdf-84db-84a241bcdec2",
            "tooltip": null,
            "visibility": true,
            "htmlEscape": false,
            "orphanRemoval": null,
            "readable": true,
            "writeable": true,
            "identifier": null,
            "unique": false,
            "recommend": false,
            "skipSerialization": false,
            "uuid": "bdda3f27-f802-4f79-a332-daba3df27905",
            "displayName": "{{ netshotStatus }}",
            "descriptions": {
                "singular": "Netshot Status"
            }
        }
    ],
    "system": false,
    "module": "netshot_targets",
    "softDeleteable": false,
    "archivable": false,
    "paused": false,
    "partitionBy": "modifyDate",
    "archivalCriteria": {
        "keep_primary_data_for": 24,
        "delete_primary_data_after": 60
    },
    "archivalFilters": [],
    "replicationFilters": [],
    "enableReplication": true,
    "displayName": "{{ name }}",
    "descriptions": {
        "singular": "Netshot Target",
        "plural": "Netshot Targets"
    }
}