[
    {
        "@type": "NetshotDomain",
        "orderPriority": 50,
        "name": "Netshot Workshop",
        "description": "This domain creates a Netshot Report of FGs and FMGs. It gathers information from these devices, normalizes the data, and then reports on the findings in the form of data rules. If the devices have exceptions to the rules it will be flagged.",
        "netshotOutputGroups": [
            "\/api\/3\/netshot_output_groups\/d1db8e6d-5f4d-4936-8077-672090ad2ab3",
            "\/api\/3\/netshot_output_groups\/89839208-127b-47d5-b538-976788543ff9"
        ],
        "netshotTargetOutputProfiles": [
            "\/api\/3\/netshot_target_output_profiles\/756028c5-b094-48a4-982e-e1c9a29bbeac",
            "\/api\/3\/netshot_target_output_profiles\/953073b7-6f52-438c-961f-657e98b2ba2d",
            "\/api\/3\/netshot_target_output_profiles\/eea66c19-9b1b-4758-b18d-adde0c125f11",
            "\/api\/3\/netshot_target_output_profiles\/42a66ca2-96a3-4653-a9a0-df5007c06eae",
            "\/api\/3\/netshot_target_output_profiles\/f4a6ba7b-b888-41f3-afb8-580bf14871f5"
        ],
        "netshotOutputReportProfiles": [
            "\/api\/3\/netshot_output_report_profiles\/2f4bce96-a3c6-4fc7-a10b-61eefdcc42e9",
            "\/api\/3\/netshot_output_report_profiles\/24b7dd0a-102f-4b1f-9f3d-bae1cc8e21b3",
            "\/api\/3\/netshot_output_report_profiles\/c03507ea-8f74-4c3c-b0e3-ef1e64aa402f",
            "\/api\/3\/netshot_output_report_profiles\/d197c262-4b5f-46bc-8153-7527e6c71ee2",
            "\/api\/3\/netshot_output_report_profiles\/d4910353-a34b-4587-a23a-0da90a92fed6",
            "\/api\/3\/netshot_output_report_profiles\/cfc6099f-2a05-4ede-92d6-77651b9204bf",
            "\/api\/3\/netshot_output_report_profiles\/6b12d68f-29b8-41fb-82e0-80bd32ebe9d5",
            "\/api\/3\/netshot_output_report_profiles\/1b190f6f-6018-478c-9653-aabd4a607494"
        ],
        "netshotTargets": [
            "\/api\/3\/netshot_targets\/80fcb457-4683-4dd8-b4ea-6c82ce56937c",
            "\/api\/3\/netshot_targets\/038e67d5-2d15-4290-bc3c-00895cb49184",
            "\/api\/3\/netshot_targets\/6ffed084-5041-49d9-8242-bfac29cc6774"
        ],
        "netshotOutputReports": [
            "\/api\/3\/netshot_output_reports\/c1f4372b-88d8-4b21-9b01-315ec9f35760",
            "\/api\/3\/netshot_output_reports\/e5fcc560-a95a-4925-ac05-d6d627822603",
            "\/api\/3\/netshot_output_reports\/3c426234-0336-4bbf-958e-3f43c673d9c3",
            "\/api\/3\/netshot_output_reports\/a7d782f8-3fec-4e9c-bc91-bb99048ebe1d",
            "\/api\/3\/netshot_output_reports\/a00c6add-e9bc-4aac-920b-3bb6af78304c",
            "\/api\/3\/netshot_output_reports\/f7271747-512f-42ff-af92-85a6d5243500",
            "\/api\/3\/netshot_output_reports\/29c369f5-d3d3-4f96-96a9-1712e26913ae",
            "\/api\/3\/netshot_output_reports\/34a0b0b8-b470-4e95-b2c6-770cd946030d",
            "\/api\/3\/netshot_output_reports\/5bb53333-9fa2-469a-8645-5c842aa240ad",
            "\/api\/3\/netshot_output_reports\/6404ad85-5a8b-47f1-b47e-d75fd4ac10c9",
            "\/api\/3\/netshot_output_reports\/8ce6d768-5066-4328-a770-2e239fb7e231",
            "\/api\/3\/netshot_output_reports\/e6cea718-82de-4f07-91de-07fbb6936a2f",
            "\/api\/3\/netshot_output_reports\/124d3b7f-e053-4550-830e-189e5d3045bd",
            "\/api\/3\/netshot_output_reports\/b05771ae-e117-465c-931a-d18057a14563",
            "\/api\/3\/netshot_output_reports\/a94641f4-b995-4fec-b553-b278bf6145ac",
            "\/api\/3\/netshot_output_reports\/d8417d19-f28b-4ec4-bf0b-6b8e4418831c",
            "\/api\/3\/netshot_output_reports\/f208a2a1-d75b-4bd9-aaf3-66328bcb892b",
            "\/api\/3\/netshot_output_reports\/d4802dff-014a-4369-a3f5-b8c2e75c3c65",
            "\/api\/3\/netshot_output_reports\/021b6db0-8e02-4441-9f9b-45dd52b50459",
            "\/api\/3\/netshot_output_reports\/64ddea7b-9d19-42d6-aecd-be2bd5353f71",
            "\/api\/3\/netshot_output_reports\/ac65db22-92d5-414c-8afc-2a02c05b3643",
            "\/api\/3\/netshot_output_reports\/54a78044-a349-4a43-bb9e-0ae008631555",
            "\/api\/3\/netshot_output_reports\/32a03180-7e37-4821-aa6d-cd4e8055d44d",
            "\/api\/3\/netshot_output_reports\/75311752-ccbc-45f1-92d9-ba83f51902e2",
            "\/api\/3\/netshot_output_reports\/617ab340-fb73-4033-bc13-2b38615ed9c6",
            "\/api\/3\/netshot_output_reports\/53598350-c957-4595-875f-4d171203ac96",
            "\/api\/3\/netshot_output_reports\/1dce19c7-2fe7-4dae-9dbc-67c5fe276e5c",
            "\/api\/3\/netshot_output_reports\/994872ad-90c0-4ab6-8364-0d41eff8d8b4",
            "\/api\/3\/netshot_output_reports\/8f3f3ca9-5b30-485b-9a9e-c53ff381a8ea",
            "\/api\/3\/netshot_output_reports\/ebb1bdd7-3c9a-496f-8c37-c82f4702eb95",
            "\/api\/3\/netshot_output_reports\/db0084c2-eec4-48bd-91ea-338316076250",
            "\/api\/3\/netshot_output_reports\/8ec3c352-a043-4236-9945-cbad5a8615b3",
            "\/api\/3\/netshot_output_reports\/9e942e96-67ba-40bc-8916-9eb06d5a0a06",
            "\/api\/3\/netshot_output_reports\/91e40f8a-fd82-4e96-ae60-0cdaefdbd862",
            "\/api\/3\/netshot_output_reports\/f696d8af-1416-4e54-8565-94b18f22a35b",
            "\/api\/3\/netshot_output_reports\/1165144c-1156-4f1e-b380-fa0164c8e5f5",
            "\/api\/3\/netshot_output_reports\/23f9515b-7c85-4017-8268-4479932c5948",
            "\/api\/3\/netshot_output_reports\/8f9ae900-bcff-4108-b3ac-e258c5b12fd6",
            "\/api\/3\/netshot_output_reports\/0103cd58-f60a-4b5d-870d-a5c384e72eec",
            "\/api\/3\/netshot_output_reports\/133091be-c665-49c1-970c-71d75a3d003a",
            "\/api\/3\/netshot_output_reports\/a6b0ea6f-2529-45ef-aa0c-7cbd12e3f79f",
            "\/api\/3\/netshot_output_reports\/322bb079-d9e1-4328-a8cf-e433b0d46051",
            "\/api\/3\/netshot_output_reports\/5b7bf300-4f7e-4e48-9ce0-6fd6a846f291",
            "\/api\/3\/netshot_output_reports\/92b30fbc-7ec7-4f05-8e9f-36564fec663f",
            "\/api\/3\/netshot_output_reports\/95e13b94-1515-4461-9575-3a8fc6e68f0c",
            "\/api\/3\/netshot_output_reports\/615c09cb-372e-4fec-9b47-99581d2778c8",
            "\/api\/3\/netshot_output_reports\/2dbc3004-c9ce-46de-9695-40fd455e2246",
            "\/api\/3\/netshot_output_reports\/3b0de9ac-d4d2-4779-95a1-6e08f21053bb",
            "\/api\/3\/netshot_output_reports\/9ff00f04-3004-4e61-8227-08439fdd2130",
            "\/api\/3\/netshot_output_reports\/eaae3148-212c-482b-85f3-97660e5fd3a0",
            "\/api\/3\/netshot_output_reports\/ccf6b70f-6e86-4ee7-9bae-53aad4836572",
            "\/api\/3\/netshot_output_reports\/18d8d640-90fe-4a8d-9552-3441295598b0"
        ],
        "uuid": "9d908807-86a9-4d51-b63f-a89e90647643",
        "createUser": "\/api\/3\/people\/3451141c-bac6-467c-8d72-85e0fab569ce",
        "createDate": 1749731954.640093,
        "modifyUser": "\/api\/3\/people\/3451141c-bac6-467c-8d72-85e0fab569ce",
        "modifyDate": 1749736990.054337,
        "recordTags": []
    }
]