{
    "@context": "\/api\/3\/contexts\/SystemViewTemplate",
    "@type": "SystemViewTemplate",
    "type": "app",
    "config": {
        "navigation": [
            {
                "editMode": false,
                "icon": "icon icon-generate-incident-summary-report",
                "items": [
                    {
                        "editMode": false,
                        "icon": "fa fa-globe",
                        "require": {
                            "action": "read",
                            "module": "netshot_domains"
                        },
                        "state": {
                            "name": "main.modules.list",
                            "parameters": {
                                "module": "netshot_domains"
                            }
                        },
                        "title": "Domains"
                    },
                    {
                        "editMode": false,
                        "icon": "icon icon-assets",
                        "require": {
                            "action": "read",
                            "module": "netshot_targets"
                        },
                        "state": {
                            "name": "main.modules.list",
                            "parameters": {
                                "module": "netshot_targets"
                            }
                        },
                        "title": "Targets"
                    },
                    {
                        "editMode": false,
                        "icon": "icon icon-data_sets",
                        "require": {
                            "action": "read",
                            "module": "netshot_target_outputs"
                        },
                        "state": {
                            "name": "main.modules.list",
                            "parameters": {
                                "module": "netshot_target_outputs"
                            }
                        },
                        "title": "Outputs"
                    },
                    {
                        "editMode": false,
                        "icon": "icon icon-reports",
                        "require": {
                            "action": "read",
                            "module": "netshot_output_reports"
                        },
                        "state": {
                            "name": "main.modules.list",
                            "parameters": {
                                "module": "netshot_output_reports"
                            }
                        },
                        "title": "Reports"
                    },
                    {
                        "editMode": false,
                        "icon": "fa fa-object-ungroup",
                        "require": {
                            "action": "read",
                            "module": "netshot_output_groups"
                        },
                        "state": {
                            "name": "main.modules.list",
                            "parameters": {
                                "module": "netshot_output_groups"
                            }
                        },
                        "title": "Groups"
                    },
                    {
                        "editMode": false,
                        "icon": "icon icon-custom-api-endpoint",
                        "require": {
                            "action": "read",
                            "module": "netshot_target_output_profiles"
                        },
                        "state": {
                            "name": "main.modules.list",
                            "parameters": {
                                "module": "netshot_target_output_profiles"
                            }
                        },
                        "title": "Output Profiles"
                    },
                    {
                        "editMode": false,
                        "icon": "icon icon-data_sets",
                        "require": {
                            "action": "read",
                            "module": "netshot_output_data_profiles"
                        },
                        "state": {
                            "name": "main.modules.list",
                            "parameters": {
                                "module": "netshot_output_data_profiles"
                            }
                        },
                        "title": "Data Profiles"
                    },
                    {
                        "editMode": false,
                        "icon": "icon icon-user-profile",
                        "require": {
                            "action": "read",
                            "module": "netshot_output_report_profiles"
                        },
                        "state": {
                            "name": "main.modules.list",
                            "parameters": {
                                "module": "netshot_output_report_profiles"
                            }
                        },
                        "title": "Report Profiles"
                    }
                ],
                "mergeType": "merge",
                "title": "Netshot"
            }
        ]
    },
    "uuid": "navigation"
}