{
    "@context": "\/api\/3\/contexts\/SystemViewTemplate",
    "@type": "SystemViewTemplate",
    "type": "rows",
    "config": {
        "rows": [
            {
                "columns": [
                    {
                        "widgets": [
                            {
                                "type": "relationshipCount",
                                "config": {
                                    "wid": "4d2b885d-faf7-4ff4-9c7e-06c7fa86754e",
                                    "widgetAlwaysDisplay": true,
                                    "showTabularData": false,
                                    "query": {
                                        "sort": [
                                            {
                                                "field": "name",
                                                "direction": "ASC"
                                            }
                                        ],
                                        "limit": 2147483647,
                                        "logic": "AND",
                                        "filters": [],
                                        "aggregates": [
                                            {
                                                "operator": "count",
                                                "alias": "total",
                                                "field": "netshotTargetOutputProfiles.uuid"
                                            },
                                            {
                                                "operator": "groupby",
                                                "alias": "name",
                                                "field": "name"
                                            }
                                        ]
                                    },
                                    "mapping": {
                                        "firstGrouping": "name"
                                    },
                                    "assignedToSetting": "all",
                                    "aggregate": true,
                                    "title": "Output Profiles",
                                    "chart": "relationshipBar",
                                    "resource": "netshot_output_groups",
                                    "primaryDataSourceLabel": "Groups",
                                    "resourceRelationship": "netshotTargetOutputProfiles",
                                    "relatedDataSourceLabel": "Ouput Profiles",
                                    "sortStyle": "ASC"
                                }
                            }
                        ],
                        "style": "col-lg-4"
                    },
                    {
                        "widgets": [
                            {
                                "type": "relationshipCount",
                                "config": {
                                    "wid": "c5ec1f26-e700-4c6d-ac81-339db4722caa",
                                    "widgetAlwaysDisplay": true,
                                    "showTabularData": false,
                                    "query": {
                                        "sort": [
                                            {
                                                "field": "name",
                                                "direction": "ASC"
                                            }
                                        ],
                                        "limit": 2147483647,
                                        "logic": "AND",
                                        "filters": [],
                                        "aggregates": [
                                            {
                                                "operator": "count",
                                                "alias": "total",
                                                "field": "netshotOutputReportProfiles.uuid"
                                            },
                                            {
                                                "operator": "groupby",
                                                "alias": "name",
                                                "field": "name"
                                            }
                                        ]
                                    },
                                    "mapping": {
                                        "firstGrouping": "name"
                                    },
                                    "assignedToSetting": "all",
                                    "aggregate": true,
                                    "title": "Report Profiles",
                                    "chart": "relationshipBar",
                                    "resource": "netshot_output_groups",
                                    "primaryDataSourceLabel": "Groups",
                                    "resourceRelationship": "netshotOutputReportProfiles",
                                    "relatedDataSourceLabel": "Report Profiles",
                                    "sortStyle": "ASC"
                                }
                            }
                        ],
                        "style": "col-lg-4"
                    },
                    {
                        "widgets": [
                            {
                                "type": "relationshipCount",
                                "config": {
                                    "wid": "26045b98-84c6-4f5d-a5d3-55761d48d625",
                                    "widgetAlwaysDisplay": true,
                                    "showTabularData": false,
                                    "query": {
                                        "sort": [
                                            {
                                                "field": "name",
                                                "direction": "ASC"
                                            }
                                        ],
                                        "limit": 2147483647,
                                        "logic": "AND",
                                        "filters": [],
                                        "aggregates": [
                                            {
                                                "operator": "count",
                                                "alias": "total",
                                                "field": "netshotTargets.uuid"
                                            },
                                            {
                                                "operator": "groupby",
                                                "alias": "name",
                                                "field": "name"
                                            }
                                        ]
                                    },
                                    "mapping": {
                                        "firstGrouping": "name"
                                    },
                                    "assignedToSetting": "all",
                                    "aggregate": true,
                                    "title": "Targets",
                                    "chart": "relationshipBar",
                                    "resource": "netshot_output_groups",
                                    "primaryDataSourceLabel": "Groups",
                                    "resourceRelationship": "netshotTargets",
                                    "relatedDataSourceLabel": "Targets",
                                    "sortStyle": "ASC"
                                }
                            }
                        ],
                        "style": "col-lg-4"
                    }
                ],
                "wid": "528a8526-ca09-4eaa-b719-c777eea0c8aa",
                "_collapsed": false,
                "collapsible": false,
                "collapsibleIndex": 0
            },
            {
                "columns": [
                    {
                        "widgets": [
                            {
                                "type": "grid",
                                "config": {
                                    "wid": "f2f49efc-81b5-42ee-b660-1249a6d97274",
                                    "module": "netshot_output_groups",
                                    "columns": [
                                        "id",
                                        "name",
                                        "recordTags",
                                        "description"
                                    ],
                                    "expandableCol": [
                                        {
                                            "openTab": false,
                                            "name": "description"
                                        }
                                    ],
                                    "relationshipField": [],
                                    "checkboxStatus": true,
                                    "editableFields": false,
                                    "actionButtons": [],
                                    "query": {
                                        "sort": [
                                            {
                                                "direction": "ASC",
                                                "field": "name",
                                                "_fieldTitle": "Name",
                                                "_fieldName": "name"
                                            }
                                        ],
                                        "limit": 30,
                                        "logic": "AND",
                                        "filters": []
                                    }
                                }
                            }
                        ],
                        "style": "col-lg-12"
                    }
                ],
                "wid": "2941b88d-6bb9-47b6-9563-aaf076b31ffd",
                "_collapsed": false
            }
        ],
        "wid": "3a64b86a-82ef-4a6f-a0e9-5595ed9cee8d",
        "metadata": {
            "customTemplateTitle": "Netshot Output Groups",
            "originalTemplateTitle": "Netshot Output Groups"
        }
    },
    "uuid": "modules-netshot_output_groups-list"
}