{
    "@type": "Workflow",
    "triggerLimit": null,
    "name": "> create or update manager record",
    "aliasName": null,
    "tag": null,
    "description": "*Only* subroutine to create and primary playbook to update the device records from FMG Data.",
    "isActive": true,
    "debug": false,
    "singleRecordExecution": false,
    "remoteExecutableFlag": false,
    "parameters": [
        "manager_data",
        "manager_name"
    ],
    "synchronous": false,
    "collection": "\/api\/3\/workflow_collections\/30263dc4-42e1-4184-96f5-e8e873450439",
    "versions": [],
    "triggerStep": "\/api\/3\/workflow_steps\/460d27f4-0506-4618-baac-a227f874b61a",
    "steps": [
        {
            "@type": "WorkflowStep",
            "name": "find_record",
            "description": null,
            "arguments": {
                "query": {
                    "sort": [],
                    "limit": 30,
                    "logic": "AND",
                    "filters": [
                        {
                            "type": "primitive",
                            "field": "managerName",
                            "value": "{{vars.input.params['manager_name']}}",
                            "operator": "eq",
                            "_operator": "eq"
                        }
                    ],
                    "__selectFields": [
                        "id"
                    ]
                },
                "module": "managers?$limit=1",
                "checkboxFields": true,
                "step_variables": []
            },
            "status": null,
            "top": "60",
            "left": "360",
            "stepType": "\/api\/3\/workflow_step_types\/b593663d-7d13-40ce-a3a3-96dece928770",
            "group": null,
            "uuid": "32bd3059-dda5-4f72-91a1-8b82b871a51f"
        },
        {
            "@type": "WorkflowStep",
            "name": "Start",
            "description": null,
            "arguments": {
                "step_variables": {
                    "input": {
                        "params": []
                    }
                }
            },
            "status": null,
            "top": "60",
            "left": "40",
            "stepType": "\/api\/3\/workflow_step_types\/b348f017-9a94-471f-87f8-ce88b6a7ad62",
            "group": null,
            "uuid": "460d27f4-0506-4618-baac-a227f874b61a"
        },
        {
            "@type": "WorkflowStep",
            "name": "updated_record",
            "description": null,
            "arguments": {
                "resource": {
                    "sN": "{{vars.input.params['manager_data']['Serial Number']}}",
                    "aDOMMode": "{{vars.input.params['manager_data']['Admin Domain Configuration']}}",
                    "firmware": "{{vars.input.params['manager_data'].Version}}",
                    "maxADOMS": "{{vars.input.params['manager_data']['Max Number of Admin Domains']}}",
                    "platform": "{{vars.input.params['manager_data']['Platform Full Name']}}",
                    "timeZone": "{{vars.input.params['manager_data'].TZ}}",
                    "maxDevices": "{{vars.input.params['manager_data']['Max Number of Device Groups']}}",
                    "sourceData": "{{vars.input.params['manager_data']|toJSON}}",
                    "licenseStatus": "{{vars.input.params['manager_data']['License Status']}}"
                },
                "operation": "Append",
                "collection": "{{vars.steps.find_record[0]['@id']}}",
                "__recommend": [],
                "collectionType": "\/api\/3\/managers",
                "fieldOperation": {
                    "recordTags": "Append"
                },
                "step_variables": []
            },
            "status": null,
            "top": "180",
            "left": "360",
            "stepType": "\/api\/3\/workflow_step_types\/b593663d-7d13-40ce-a3a3-96dece928722",
            "group": null,
            "uuid": "2565a545-1f2c-4042-9ab8-61604042c30b"
        }
    ],
    "routes": [
        {
            "@type": "WorkflowRoute",
            "name": "find_record -> updated_record",
            "targetStep": "\/api\/3\/workflow_steps\/2565a545-1f2c-4042-9ab8-61604042c30b",
            "sourceStep": "\/api\/3\/workflow_steps\/32bd3059-dda5-4f72-91a1-8b82b871a51f",
            "label": null,
            "isExecuted": false,
            "group": null,
            "uuid": "a124ca76-7368-416a-9eea-25c47e6867a2"
        },
        {
            "@type": "WorkflowRoute",
            "name": "Start -> find_record",
            "targetStep": "\/api\/3\/workflow_steps\/32bd3059-dda5-4f72-91a1-8b82b871a51f",
            "sourceStep": "\/api\/3\/workflow_steps\/460d27f4-0506-4618-baac-a227f874b61a",
            "label": null,
            "isExecuted": false,
            "group": null,
            "uuid": "0b8ecbee-d8d3-4dd6-8028-d9eb5180f522"
        }
    ],
    "groups": [],
    "priority": "\/api\/3\/picklists\/2b563c61-ae2c-41c0-a85a-c9709585e3f2",
    "playbookOrigin": "\/api\/3\/picklists\/b6d710a9-a8ec-41ec-8817-fe9fa062fcdd",
    "isEditable": false,
    "uuid": "eee9fe36-f427-4c65-b745-6188c3e63e24",
    "owners": [],
    "isPrivate": false,
    "deletedAt": null,
    "recordTags": [
        "connector_config",
        "device_data",
        "Subroutine"
    ]
}