{
    "@type": "Workflow",
    "triggerLimit": null,
    "name": "> device record spinning status to delete - by connector",
    "aliasName": null,
    "tag": null,
    "description": "Given a connector name find device records that still have a pending state and mark as deleted.",
    "isActive": true,
    "debug": false,
    "singleRecordExecution": false,
    "remoteExecutableFlag": false,
    "parameters": [
        "connector_config"
    ],
    "synchronous": false,
    "collection": "\/api\/3\/workflow_collections\/30263dc4-42e1-4184-96f5-e8e873450439",
    "versions": [],
    "triggerStep": "\/api\/3\/workflow_steps\/a0ec0f23-8397-42a4-a36a-0832c9c7cf4b",
    "steps": [
        {
            "@type": "WorkflowStep",
            "name": "extract_records",
            "description": null,
            "arguments": {
                "record_list": "{{vars.steps.find_records_by_pending_and_connector_config}}"
            },
            "status": null,
            "top": "158",
            "left": "49",
            "stepType": "\/api\/3\/workflow_step_types\/04d0cf46-b6a8-42c4-8683-60a7eaa69e8f",
            "group": "\/api\/3\/workflow_groups\/54b4d745-dbc0-455b-ae1d-21401bc4e5f3",
            "uuid": "fb683deb-9e96-4818-87bb-0eaf55bfa7eb"
        },
        {
            "@type": "WorkflowStep",
            "name": "find_records_by_pending_and_connector_config",
            "description": null,
            "arguments": {
                "query": {
                    "sort": [],
                    "limit": 30,
                    "logic": "AND",
                    "filters": [
                        {
                            "type": "primitive",
                            "field": "connectorConfig",
                            "value": "{{vars.input.params['connector_config']}}",
                            "operator": "eq",
                            "_operator": "eq"
                        },
                        {
                            "type": "primitive",
                            "field": "managementMode",
                            "value": "Pending",
                            "operator": "eq",
                            "_operator": "eq"
                        }
                    ],
                    "__selectFields": [
                        "connectorConfig",
                        "deviceName"
                    ]
                },
                "module": "devices?$limit=5000",
                "checkboxFields": true,
                "step_variables": []
            },
            "status": null,
            "top": "58",
            "left": "49",
            "stepType": "\/api\/3\/workflow_step_types\/b593663d-7d13-40ce-a3a3-96dece928770",
            "group": "\/api\/3\/workflow_groups\/54b4d745-dbc0-455b-ae1d-21401bc4e5f3",
            "uuid": "4d718103-9cdd-43c6-93e1-efa05bef7d0b"
        },
        {
            "@type": "WorkflowStep",
            "name": "Start",
            "description": null,
            "arguments": {
                "step_variables": {
                    "input": {
                        "params": []
                    }
                }
            },
            "status": null,
            "top": "100",
            "left": "60",
            "stepType": "\/api\/3\/workflow_step_types\/b348f017-9a94-471f-87f8-ce88b6a7ad62",
            "group": null,
            "uuid": "a0ec0f23-8397-42a4-a36a-0832c9c7cf4b"
        },
        {
            "@type": "WorkflowStep",
            "name": "update_device_status_delete",
            "description": null,
            "arguments": {
                "arguments": {
                    "record_list": "{{vars.record_list}}"
                },
                "apply_async": false,
                "step_variables": [],
                "pass_parent_env": false,
                "pass_input_record": false,
                "workflowReference": "\/api\/3\/workflows\/2bc174b5-a6d1-44d4-89c6-dd615b5d9df8"
            },
            "status": null,
            "top": "200",
            "left": "60",
            "stepType": "\/api\/3\/workflow_step_types\/74932bdc-b8b6-4d24-88c4-1a4dfbc524f3",
            "group": null,
            "uuid": "0ea33fb9-19c5-4c4d-bf14-db1c63bbe320"
        }
    ],
    "routes": [
        {
            "@type": "WorkflowRoute",
            "name": "extract_records -> update_device_status_delete",
            "targetStep": "\/api\/3\/workflow_steps\/0ea33fb9-19c5-4c4d-bf14-db1c63bbe320",
            "sourceStep": "\/api\/3\/workflow_steps\/fb683deb-9e96-4818-87bb-0eaf55bfa7eb",
            "label": null,
            "isExecuted": false,
            "group": null,
            "uuid": "8ec569ec-6d0d-4c0a-9391-bc6888a8a113"
        },
        {
            "@type": "WorkflowRoute",
            "name": "find_records_by_pending_and_connector_config -> extract_records",
            "targetStep": "\/api\/3\/workflow_steps\/fb683deb-9e96-4818-87bb-0eaf55bfa7eb",
            "sourceStep": "\/api\/3\/workflow_steps\/4d718103-9cdd-43c6-93e1-efa05bef7d0b",
            "label": null,
            "isExecuted": false,
            "group": null,
            "uuid": "038e3919-c4b1-4890-bf37-e0920a08a43d"
        },
        {
            "@type": "WorkflowRoute",
            "name": "Start -> find_device_record",
            "targetStep": "\/api\/3\/workflow_steps\/4d718103-9cdd-43c6-93e1-efa05bef7d0b",
            "sourceStep": "\/api\/3\/workflow_steps\/a0ec0f23-8397-42a4-a36a-0832c9c7cf4b",
            "label": null,
            "isExecuted": false,
            "group": null,
            "uuid": "ea61fe2e-2f11-4daa-9e31-5f664d7251d6"
        }
    ],
    "groups": [
        {
            "@type": "WorkflowGroup",
            "name": "Find Records",
            "description": "Find Pending records by Connector",
            "type": "block",
            "isCollapsed": false,
            "hasTriggerStep": false,
            "hideInLogs": false,
            "metadata": [],
            "reusable": false,
            "top": "42",
            "left": "451",
            "height": "272",
            "width": "348",
            "uuid": "54b4d745-dbc0-455b-ae1d-21401bc4e5f3",
            "recordTags": []
        }
    ],
    "priority": "\/api\/3\/picklists\/2b563c61-ae2c-41c0-a85a-c9709585e3f2",
    "playbookOrigin": "\/api\/3\/picklists\/b6d710a9-a8ec-41ec-8817-fe9fa062fcdd",
    "isEditable": false,
    "uuid": "e75c187b-4623-403c-b58c-1f43a04e33ec",
    "owners": [],
    "isPrivate": false,
    "deletedAt": null,
    "recordTags": [
        "connector_config",
        "device_name",
        "json_rpc",
        "Subroutine"
    ]
}