{
    "@context": "\/api\/3\/contexts\/SystemViewTemplate",
    "@type": "SystemViewTemplate",
    "type": "rows",
    "config": {
        "rows": [
            {
                "columns": [
                    {
                        "widgets": [
                            {
                                "type": "sectionHeader",
                                "config": {
                                    "wid": "1767b88a-fb23-4d70-9c5d-5274831a2a45",
                                    "query": {
                                        "filters": [],
                                        "sort": [],
                                        "limit": 10
                                    },
                                    "editorType": "html",
                                    "sectionText": "<p style=\"text-align: left;\"><span style=\"font-size: 12pt;\"><strong>Netshot Output Report Details<\/strong><\/span><\/p>"
                                }
                            },
                            {
                                "type": "editableFormGroup",
                                "config": {
                                    "wid": "18f29a1c-8485-4f1c-a50a-9f329ab38fe3",
                                    "rows": [
                                        {
                                            "columns": [
                                                {
                                                    "fields": [
                                                        {
                                                            "name": "netshotOutputReportProfiles",
                                                            "highlightMode": true,
                                                            "linky": true,
                                                            "readOnly": true
                                                        },
                                                        {
                                                            "name": "netshotTargets",
                                                            "highlightMode": true,
                                                            "linky": true,
                                                            "readOnly": true
                                                        },
                                                        {
                                                            "name": "type",
                                                            "highlightMode": true,
                                                            "linky": true,
                                                            "readOnly": true
                                                        },
                                                        {
                                                            "name": "name",
                                                            "highlightMode": true,
                                                            "linky": true,
                                                            "readOnly": false
                                                        }
                                                    ],
                                                    "style": "col-lg-4"
                                                },
                                                {
                                                    "fields": [
                                                        {
                                                            "name": "activeReport",
                                                            "highlightMode": true,
                                                            "linky": true,
                                                            "readOnly": true
                                                        },
                                                        {
                                                            "name": "status",
                                                            "highlightMode": true,
                                                            "linky": true,
                                                            "readOnly": true
                                                        },
                                                        {
                                                            "name": "timestamp",
                                                            "highlightMode": true,
                                                            "linky": true,
                                                            "readOnly": false
                                                        },
                                                        {
                                                            "name": "exceptionStatus",
                                                            "highlightMode": true,
                                                            "linky": true,
                                                            "readOnly": true
                                                        },
                                                        {
                                                            "name": "exceptionsFound",
                                                            "highlightMode": true,
                                                            "linky": true,
                                                            "readOnly": true
                                                        },
                                                        {
                                                            "name": "score",
                                                            "highlightMode": true,
                                                            "linky": true,
                                                            "readOnly": true
                                                        }
                                                    ],
                                                    "style": "col-lg-4"
                                                },
                                                {
                                                    "fields": [
                                                        {
                                                            "name": "createDate",
                                                            "highlightMode": true,
                                                            "linky": true,
                                                            "readOnly": false
                                                        },
                                                        {
                                                            "name": "createUser",
                                                            "highlightMode": true,
                                                            "linky": true,
                                                            "readOnly": false
                                                        },
                                                        {
                                                            "name": "modifyDate",
                                                            "highlightMode": true,
                                                            "linky": true,
                                                            "readOnly": false
                                                        },
                                                        {
                                                            "name": "modifyUser",
                                                            "highlightMode": true,
                                                            "linky": true,
                                                            "readOnly": false
                                                        }
                                                    ],
                                                    "style": "col-lg-4"
                                                }
                                            ]
                                        }
                                    ]
                                }
                            }
                        ],
                        "style": "col-lg-12"
                    }
                ],
                "wid": "d8a3fa69-dcbb-4747-896e-382a1607a7e6",
                "_collapsed": false
            },
            {
                "columns": [
                    {
                        "widgets": [
                            {
                                "type": "tabs",
                                "config": {
                                    "wid": "c31faff4-d284-4521-952c-bbbf1e282391",
                                    "tabs": [
                                        {
                                            "title": "Output Report",
                                            "active": 0,
                                            "widget": {
                                                "type": "rows",
                                                "config": {
                                                    "wid": "ba6e7f7c-4119-4e95-8d62-488ec2cd8afa",
                                                    "rows": [
                                                        {
                                                            "columns": [
                                                                {
                                                                    "widgets": [
                                                                        {
                                                                            "type": "sectionHeader",
                                                                            "config": {
                                                                                "wid": "faf5526a-cc2b-430d-aa12-cc12778cb424",
                                                                                "query": {
                                                                                    "filters": [],
                                                                                    "sort": [],
                                                                                    "limit": 10
                                                                                },
                                                                                "editorType": "html",
                                                                                "sectionText": "<p style=\"text-align: left;\"><span style=\"font-size: 12pt;\"><strong>Netshot Data Report<\/strong><\/span><\/p>"
                                                                            }
                                                                        },
                                                                        {
                                                                            "type": "playbookButtons-1.0.1",
                                                                            "config": {
                                                                                "wid": "e3c5e0f4-7cf0-4980-8f48-b45c1cbb9052",
                                                                                "widgetName": "Playbook Execution Wizard",
                                                                                "selectedPlaybooksWithRecord": [
                                                                                    {
                                                                                        "@id": "\/api\/3\/workflows\/ae9abefc-926a-465f-9fff-91edecba91c8",
                                                                                        "@type": "Workflow",
                                                                                        "triggerLimit": null,
                                                                                        "name": "Netshot Output Report - Set Report to Pending",
                                                                                        "aliasName": null,
                                                                                        "tag": null,
                                                                                        "description": "This will kick off a report.",
                                                                                        "isActive": true,
                                                                                        "debug": false,
                                                                                        "singleRecordExecution": false,
                                                                                        "remoteExecutableFlag": false,
                                                                                        "parameters": [],
                                                                                        "synchronous": false,
                                                                                        "lastModifyDate": 1738858975,
                                                                                        "collection": "\/api\/3\/workflow_collections\/678ed3a6-ac0a-42a6-b96a-20fa792566b2",
                                                                                        "versions": [],
                                                                                        "triggerStep": "\/api\/3\/workflow_steps\/c76d1f9d-b3b7-45dc-bc73-33bf29ce4d77",
                                                                                        "steps": [
                                                                                            {
                                                                                                "@id": "\/api\/3\/workflow_steps\/c76d1f9d-b3b7-45dc-bc73-33bf29ce4d77",
                                                                                                "@type": "WorkflowStep",
                                                                                                "name": "Start",
                                                                                                "description": null,
                                                                                                "arguments": {
                                                                                                    "route": "54eff062-cf15-40fd-a5f9-956d93a61dda",
                                                                                                    "title": "Start Report",
                                                                                                    "resources": [
                                                                                                        "netshot_output_reports"
                                                                                                    ],
                                                                                                    "__triggerLimit": true,
                                                                                                    "inputVariables": [],
                                                                                                    "step_variables": {
                                                                                                        "input": {
                                                                                                            "params": [],
                                                                                                            "records": "{{vars.input.records}}"
                                                                                                        }
                                                                                                    },
                                                                                                    "triggerOnSource": true,
                                                                                                    "displayConditions": {
                                                                                                        "netshot_output_reports": {
                                                                                                            "sort": [],
                                                                                                            "limit": 30,
                                                                                                            "logic": "AND",
                                                                                                            "filters": [
                                                                                                                {
                                                                                                                    "type": "object",
                                                                                                                    "field": "status",
                                                                                                                    "value": "\/api\/3\/picklists\/2f63f907-d342-4ad6-9a77-68c654bba2d2",
                                                                                                                    "_value": {
                                                                                                                        "@id": "\/api\/3\/picklists\/2f63f907-d342-4ad6-9a77-68c654bba2d2",
                                                                                                                        "display": "Pending",
                                                                                                                        "itemValue": "Pending"
                                                                                                                    },
                                                                                                                    "operator": "neq",
                                                                                                                    "display": "Pending"
                                                                                                                }
                                                                                                            ]
                                                                                                        }
                                                                                                    },
                                                                                                    "executeButtonText": "Execute",
                                                                                                    "noRecordExecution": false,
                                                                                                    "showToasterMessage": {
                                                                                                        "visible": false,
                                                                                                        "messageVisible": true
                                                                                                    },
                                                                                                    "triggerOnReplicate": false,
                                                                                                    "singleRecordExecution": false
                                                                                                },
                                                                                                "status": null,
                                                                                                "top": "40",
                                                                                                "left": "40",
                                                                                                "stepType": {
                                                                                                    "@id": "\/api\/3\/workflow_step_types\/f414d039-bb0d-4e59-9c39-a8f1e880b18a",
                                                                                                    "@type": "WorkflowStepType",
                                                                                                    "name": "cybersponse.action",
                                                                                                    "displayName": "Manual",
                                                                                                    "widget": null,
                                                                                                    "collection": "\/api\/3\/step_type_collections\/51627f80-3dd5-4260-b86d-cc53a7cece15",
                                                                                                    "arguments": [],
                                                                                                    "parent": {
                                                                                                        "@id": "\/api\/3\/workflow_step_types\/b348f017-9a94-471f-87f8-ce88b6a7ad62",
                                                                                                        "@type": "WorkflowStepType",
                                                                                                        "name": "cybersponse.abstract_trigger",
                                                                                                        "displayName": "Referenced",
                                                                                                        "widget": null,
                                                                                                        "collection": "\/api\/3\/step_type_collections\/51627f80-3dd5-4260-b86d-cc53a7cece15",
                                                                                                        "arguments": [],
                                                                                                        "parent": {
                                                                                                            "@id": "\/api\/3\/workflow_step_types\/04d0cf46-b6a8-42c4-8683-60a7eaa69e8f",
                                                                                                            "@type": "WorkflowStepType",
                                                                                                            "name": "SetVariable",
                                                                                                            "displayName": "Set Variable",
                                                                                                            "widget": null,
                                                                                                            "collection": "\/api\/3\/step_type_collections\/c04ab14a-669e-4502-92a3-3beef3cf6219",
                                                                                                            "arguments": {
                                                                                                                "script": "\/wf\/workflow\/tasks\/set_multiple"
                                                                                                            },
                                                                                                            "parent": "\/api\/3\/workflow_step_types\/ee73e569-2188-43fe-a7f0-1964ba82a4de",
                                                                                                            "icon": "icon icon-set-variables",
                                                                                                            "background": "#f7ac20",
                                                                                                            "index": 140,
                                                                                                            "visible": true,
                                                                                                            "deprecated": false,
                                                                                                            "description": null,
                                                                                                            "uuid": "04d0cf46-b6a8-42c4-8683-60a7eaa69e8f",
                                                                                                            "id": 6
                                                                                                        },
                                                                                                        "icon": "icon icon-referenced",
                                                                                                        "background": null,
                                                                                                        "index": 140,
                                                                                                        "visible": true,
                                                                                                        "deprecated": false,
                                                                                                        "description": "Triggered from another playbook using a \"Reference Playbook\" step or from a schedule.",
                                                                                                        "uuid": "b348f017-9a94-471f-87f8-ce88b6a7ad62",
                                                                                                        "id": 30
                                                                                                    },
                                                                                                    "icon": "icon icon-manual",
                                                                                                    "background": "#e1e815",
                                                                                                    "index": 110,
                                                                                                    "visible": true,
                                                                                                    "deprecated": false,
                                                                                                    "description": "Triggered when the user selects record(s) and then selects the playbook from the \"Execute\" list.",
                                                                                                    "uuid": "f414d039-bb0d-4e59-9c39-a8f1e880b18a",
                                                                                                    "id": 29
                                                                                                },
                                                                                                "group": null,
                                                                                                "uuid": "c76d1f9d-b3b7-45dc-bc73-33bf29ce4d77"
                                                                                            }
                                                                                        ],
                                                                                        "routes": [],
                                                                                        "groups": [],
                                                                                        "priority": {
                                                                                            "@id": "\/api\/3\/picklists\/2b563c61-ae2c-41c0-a85a-c9709585e3f2",
                                                                                            "@type": "Picklist",
                                                                                            "itemValue": "Medium",
                                                                                            "orderIndex": 1,
                                                                                            "color": null,
                                                                                            "icon": null,
                                                                                            "listName": "\/api\/3\/picklist_names\/e104ef72-11b4-4d0c-be0e-e1cf3b87b5f2",
                                                                                            "uuid": "2b563c61-ae2c-41c0-a85a-c9709585e3f2",
                                                                                            "id": 111,
                                                                                            "importedBy": []
                                                                                        },
                                                                                        "uuid": "ae9abefc-926a-465f-9fff-91edecba91c8",
                                                                                        "id": 464,
                                                                                        "createUser": {
                                                                                            "@id": "\/api\/3\/people\/3451141c-bac6-467c-8d72-85e0fab569ce",
                                                                                            "@type": "Person",
                                                                                            "firstname": "CS",
                                                                                            "lastname": "Admin",
                                                                                            "title": "Admin",
                                                                                            "department": null,
                                                                                            "email": "admin@example.com",
                                                                                            "description": null,
                                                                                            "phoneFax": null,
                                                                                            "phoneHome": null,
                                                                                            "phoneMobile": null,
                                                                                            "phoneWork": "+16462759691",
                                                                                            "csActive": true,
                                                                                            "accessType": "Named",
                                                                                            "companyId": null,
                                                                                            "type": null,
                                                                                            "userType": null,
                                                                                            "avatar": null,
                                                                                            "uuid": "3451141c-bac6-467c-8d72-85e0fab569ce",
                                                                                            "createUser": "\/api\/3\/people\/3451141c-bac6-467c-8d72-85e0fab569ce",
                                                                                            "createDate": 1722524616,
                                                                                            "modifyUser": "\/api\/3\/people\/3451141c-bac6-467c-8d72-85e0fab569ce",
                                                                                            "modifyDate": 1738262010.793472,
                                                                                            "id": 3,
                                                                                            "userId": "0c3322c1-7dd6-4ef7-8a32-5b8f59b0d14b",
                                                                                            "@settings": "\/api\/3\/user_settings\/3451141c-bac6-467c-8d72-85e0fab569ce"
                                                                                        },
                                                                                        "createDate": 1738858897.282406,
                                                                                        "modifyUser": {
                                                                                            "@id": "\/api\/3\/people\/3451141c-bac6-467c-8d72-85e0fab569ce",
                                                                                            "@type": "Person",
                                                                                            "firstname": "CS",
                                                                                            "lastname": "Admin",
                                                                                            "title": "Admin",
                                                                                            "department": null,
                                                                                            "email": "admin@example.com",
                                                                                            "description": null,
                                                                                            "phoneFax": null,
                                                                                            "phoneHome": null,
                                                                                            "phoneMobile": null,
                                                                                            "phoneWork": "+16462759691",
                                                                                            "csActive": true,
                                                                                            "accessType": "Named",
                                                                                            "companyId": null,
                                                                                            "type": null,
                                                                                            "userType": null,
                                                                                            "avatar": null,
                                                                                            "uuid": "3451141c-bac6-467c-8d72-85e0fab569ce",
                                                                                            "createUser": "\/api\/3\/people\/3451141c-bac6-467c-8d72-85e0fab569ce",
                                                                                            "createDate": 1722524616,
                                                                                            "modifyUser": "\/api\/3\/people\/3451141c-bac6-467c-8d72-85e0fab569ce",
                                                                                            "modifyDate": 1738262010.793472,
                                                                                            "id": 3,
                                                                                            "userId": "0c3322c1-7dd6-4ef7-8a32-5b8f59b0d14b",
                                                                                            "@settings": "\/api\/3\/user_settings\/3451141c-bac6-467c-8d72-85e0fab569ce"
                                                                                        },
                                                                                        "modifyDate": 1738858975.105768,
                                                                                        "owners": [],
                                                                                        "isPrivate": false,
                                                                                        "deletedAt": null,
                                                                                        "importedBy": [],
                                                                                        "recordTags": [],
                                                                                        "collectionName": "Netshot - Buttons",
                                                                                        "actionTriggerName": "Start Report",
                                                                                        "_hide": false,
                                                                                        "icon": "icon icon-start"
                                                                                    }
                                                                                ]
                                                                            }
                                                                        },
                                                                        {
                                                                            "type": "editableFormGroup",
                                                                            "config": {
                                                                                "wid": "74cfd0b7-bd69-4d44-aebc-69e4c2ddca41",
                                                                                "rows": [
                                                                                    {
                                                                                        "columns": [
                                                                                            {
                                                                                                "fields": [
                                                                                                    {
                                                                                                        "name": "reportOutputMarkdown",
                                                                                                        "highlightMode": true,
                                                                                                        "linky": true,
                                                                                                        "readOnly": true
                                                                                                    }
                                                                                                ]
                                                                                            }
                                                                                        ]
                                                                                    }
                                                                                ],
                                                                                "title": ""
                                                                            }
                                                                        }
                                                                    ],
                                                                    "style": "col-lg-6"
                                                                },
                                                                {
                                                                    "widgets": [
                                                                        {
                                                                            "type": "sectionHeader",
                                                                            "config": {
                                                                                "wid": "f3e161a5-238c-4981-8688-a66733bbb27f",
                                                                                "query": {
                                                                                    "filters": [],
                                                                                    "sort": [],
                                                                                    "limit": 10
                                                                                },
                                                                                "editorType": "html",
                                                                                "sectionText": "<p style=\"text-align: left;\"><strong>Target Output Data<\/strong><\/p>"
                                                                            }
                                                                        },
                                                                        {
                                                                            "type": "relationship.lineItem",
                                                                            "config": {
                                                                                "wid": "0988a6b7-f6a2-48ec-b4dd-7de148ee6b29",
                                                                                "query": {
                                                                                    "sort": [
                                                                                        {
                                                                                            "direction": "DESC",
                                                                                            "field": "timestamp"
                                                                                        },
                                                                                        {
                                                                                            "direction": "ASC",
                                                                                            "field": "name"
                                                                                        },
                                                                                        {
                                                                                            "direction": "ASC",
                                                                                            "field": "context"
                                                                                        }
                                                                                    ],
                                                                                    "limit": 10,
                                                                                    "logic": "AND",
                                                                                    "filters": []
                                                                                },
                                                                                "mapping": {
                                                                                    "assignedToPerson": ""
                                                                                },
                                                                                "assignedToSetting": "all",
                                                                                "columns": [
                                                                                    {
                                                                                        "column_name": "timestamp",
                                                                                        "display_type": "block"
                                                                                    },
                                                                                    {
                                                                                        "column_name": "id",
                                                                                        "display_type": "block"
                                                                                    },
                                                                                    {
                                                                                        "column_name": "name",
                                                                                        "display_type": "block"
                                                                                    },
                                                                                    {
                                                                                        "column_name": "sourceData",
                                                                                        "display_type": "inline"
                                                                                    }
                                                                                ],
                                                                                "title": "Data Records",
                                                                                "module": "netshot_target_outputs",
                                                                                "fieldName": "netshotTargetOutputs"
                                                                            }
                                                                        }
                                                                    ],
                                                                    "style": "col-lg-6"
                                                                }
                                                            ],
                                                            "wid": "0ec27073-bbf4-47d7-9185-5a4c9d5e60d5",
                                                            "_collapsed": false,
                                                            "collapsible": false,
                                                            "collapsibleIndex": 0
                                                        }
                                                    ]
                                                },
                                                "visible": true
                                            },
                                            "icon": "icon icon-generate-incident-summary-report",
                                            "show": false,
                                            "visible": true
                                        },
                                        {
                                            "title": "Related Records",
                                            "active": 0,
                                            "widget": {
                                                "type": "relationship.subtab",
                                                "config": {
                                                    "wid": "c029eb30-5f11-45c8-82ea-57f9a4699fe3",
                                                    "excludes": [
                                                        "notes",
                                                        "comments",
                                                        "userOwners",
                                                        "attachments"
                                                    ]
                                                },
                                                "visible": true
                                            },
                                            "icon": "icon icon-relationships",
                                            "show": true,
                                            "visible": true
                                        }
                                    ]
                                }
                            }
                        ],
                        "style": "col-lg-12"
                    }
                ],
                "wid": "385b4961-a474-49a3-90e8-b4aa6a8903bc",
                "_collapsed": false
            }
        ],
        "actionButtons": [],
        "wid": "190dec48-6acd-44af-846b-7945541e2bc0",
        "metadata": []
    },
    "uuid": "modules-netshot_output_reports-detail"
}