{
    "@context": "\/api\/3\/contexts\/SystemViewTemplate",
    "@type": "SystemViewTemplate",
    "type": "rows",
    "config": {
        "rows": [
            {
                "columns": [
                    {
                        "widgets": [
                            {
                                "type": "chart",
                                "config": {
                                    "wid": "fc10d64b-c088-423e-b250-aa6c74143e68",
                                    "widgetAlwaysDisplay": true,
                                    "showTabularData": false,
                                    "query": {
                                        "sort": [],
                                        "limit": 2147483647,
                                        "logic": "AND",
                                        "filters": [],
                                        "aggregates": [
                                            {
                                                "operator": "select",
                                                "alias": "context",
                                                "field": "context"
                                            },
                                            {
                                                "operator": "select",
                                                "alias": "timestamp",
                                                "field": "timestamp"
                                            }
                                        ]
                                    },
                                    "mapping": {
                                        "fieldName": "context",
                                        "dateFieldName": "timestamp",
                                        "timeScope": "day",
                                        "dateFormat": "%Y-%b-%e"
                                    },
                                    "assignedToSetting": "all",
                                    "aggregate": true,
                                    "title": "Reports Over Time",
                                    "resource": "netshot_output_reports",
                                    "chart": "timeseries"
                                }
                            }
                        ],
                        "style": "col-lg-12"
                    }
                ],
                "wid": "230a8457-c726-4d49-bae1-4da38b7c0cac",
                "_collapsed": false
            },
            {
                "columns": [
                    {
                        "widgets": [
                            {
                                "type": "chart",
                                "config": {
                                    "wid": "57d31356-8204-44c5-8749-e477d03d105a",
                                    "widgetAlwaysDisplay": true,
                                    "showTabularData": false,
                                    "query": {
                                        "sort": [
                                            {
                                                "field": "status.orderIndex",
                                                "direction": "ASC"
                                            }
                                        ],
                                        "limit": 2147483647,
                                        "logic": "AND",
                                        "filters": [],
                                        "aggregates": [
                                            {
                                                "operator": "countdistinct",
                                                "field": "*",
                                                "alias": "total"
                                            },
                                            {
                                                "operator": "groupby",
                                                "alias": "status",
                                                "field": "status.itemValue"
                                            },
                                            {
                                                "operator": "groupby",
                                                "alias": "color",
                                                "field": "status.color"
                                            },
                                            {
                                                "operator": "groupby",
                                                "alias": "orderIndex",
                                                "field": "status.orderIndex"
                                            }
                                        ]
                                    },
                                    "mapping": {
                                        "fieldName": "status"
                                    },
                                    "assignedToSetting": "all",
                                    "aggregate": true,
                                    "title": "Report Status",
                                    "resource": "netshot_output_reports",
                                    "chart": "donut",
                                    "showCount": true,
                                    "widgetAlwaysExpanded": true
                                }
                            }
                        ],
                        "style": "col-lg-3"
                    },
                    {
                        "widgets": [
                            {
                                "type": "chart",
                                "config": {
                                    "wid": "61b9b085-2a8c-408d-afc4-0b70a7a3642e",
                                    "widgetAlwaysDisplay": true,
                                    "showTabularData": false,
                                    "query": {
                                        "sort": [
                                            {
                                                "field": "exceptionStatus.orderIndex",
                                                "direction": "ASC"
                                            }
                                        ],
                                        "limit": 2147483647,
                                        "logic": "AND",
                                        "filters": [],
                                        "aggregates": [
                                            {
                                                "operator": "countdistinct",
                                                "field": "*",
                                                "alias": "total"
                                            },
                                            {
                                                "operator": "groupby",
                                                "alias": "exceptionStatus",
                                                "field": "exceptionStatus.itemValue"
                                            },
                                            {
                                                "operator": "groupby",
                                                "alias": "color",
                                                "field": "exceptionStatus.color"
                                            },
                                            {
                                                "operator": "groupby",
                                                "alias": "orderIndex",
                                                "field": "exceptionStatus.orderIndex"
                                            }
                                        ]
                                    },
                                    "mapping": {
                                        "fieldName": "exceptionStatus"
                                    },
                                    "assignedToSetting": "all",
                                    "aggregate": true,
                                    "title": "Exceptions Status",
                                    "resource": "netshot_output_reports",
                                    "chart": "donut",
                                    "showCount": true,
                                    "widgetAlwaysExpanded": true
                                }
                            }
                        ],
                        "style": "col-lg-3"
                    },
                    {
                        "widgets": [
                            {
                                "type": "chart",
                                "config": {
                                    "wid": "6ac4204b-66bc-49f6-bca9-f903f8cd4609",
                                    "widgetAlwaysDisplay": true,
                                    "showTabularData": false,
                                    "query": {
                                        "sort": [],
                                        "limit": 2147483647,
                                        "logic": "AND",
                                        "filters": [],
                                        "aggregates": [
                                            {
                                                "operator": "countdistinct",
                                                "field": "*",
                                                "alias": "total"
                                            },
                                            {
                                                "operator": "groupby",
                                                "alias": "activeReport",
                                                "field": "activeReport"
                                            }
                                        ]
                                    },
                                    "mapping": {
                                        "fieldName": "activeReport"
                                    },
                                    "assignedToSetting": "all",
                                    "aggregate": true,
                                    "title": "Active Reports",
                                    "resource": "netshot_output_reports",
                                    "chart": "donut",
                                    "showCount": true,
                                    "widgetAlwaysExpanded": true
                                }
                            }
                        ],
                        "style": "col-lg-3"
                    },
                    {
                        "widgets": [
                            {
                                "type": "chart",
                                "config": {
                                    "wid": "45d176e9-0ddd-4bde-bde1-57a8afed3cae",
                                    "widgetAlwaysDisplay": true,
                                    "showTabularData": false,
                                    "query": {
                                        "sort": [],
                                        "limit": 2147483647,
                                        "logic": "AND",
                                        "filters": [
                                            {
                                                "field": "recordTags",
                                                "operator": "isnull",
                                                "value": "false",
                                                "_value": "false",
                                                "type": "array"
                                            }
                                        ],
                                        "aggregates": [
                                            {
                                                "operator": "countdistinct",
                                                "field": "*",
                                                "alias": "total"
                                            },
                                            {
                                                "operator": "groupby",
                                                "alias": "recordTags",
                                                "field": "recordTags.uuid"
                                            }
                                        ]
                                    },
                                    "mapping": {
                                        "fieldName": "recordTags"
                                    },
                                    "assignedToSetting": "onlyMe",
                                    "aggregate": true,
                                    "title": "Tags",
                                    "resource": "netshot_output_reports",
                                    "chart": "pie",
                                    "widgetAlwaysExpanded": true
                                }
                            }
                        ],
                        "style": "col-lg-3"
                    }
                ],
                "wid": "40f19ccf-3f6c-4780-8ee0-39286b23521d",
                "collapsible": false,
                "collapsibleIndex": 0,
                "_collapsed": false
            },
            {
                "columns": [
                    {
                        "widgets": [
                            {
                                "type": "chart",
                                "config": {
                                    "wid": "5a449724-fe35-4b4f-bdf5-84958f23d21d",
                                    "widgetAlwaysDisplay": true,
                                    "showTabularData": false,
                                    "query": {
                                        "sort": [
                                            {
                                                "field": "context",
                                                "direction": "ASC"
                                            },
                                            {
                                                "field": "netshotDomains.name",
                                                "direction": "ASC"
                                            }
                                        ],
                                        "limit": 2147483647,
                                        "logic": "AND",
                                        "filters": [],
                                        "aggregates": [
                                            {
                                                "operator": "countdistinct",
                                                "field": "*",
                                                "alias": "total"
                                            },
                                            {
                                                "operator": "groupby",
                                                "alias": "context",
                                                "field": "context"
                                            },
                                            {
                                                "operator": "select",
                                                "alias": "netshotDomains__name",
                                                "field": "netshotDomains.name"
                                            },
                                            {
                                                "operator": "groupby",
                                                "alias": "netshotDomains__uuid",
                                                "field": "netshotDomains.uuid"
                                            }
                                        ]
                                    },
                                    "mapping": {
                                        "fieldName": "",
                                        "firstGrouping": "context",
                                        "secondGrouping": "netshotDomains"
                                    },
                                    "assignedToSetting": "all",
                                    "aggregate": true,
                                    "title": "Report Context by Domain",
                                    "resource": "netshot_output_reports",
                                    "chart": "bar",
                                    "showCount": true,
                                    "widgetAlwaysExpanded": true
                                }
                            },
                            {
                                "type": "chart",
                                "config": {
                                    "wid": "9b3bd6c5-91c9-4b05-aa83-6355a6792a83",
                                    "widgetAlwaysDisplay": true,
                                    "showTabularData": false,
                                    "query": {
                                        "sort": [
                                            {
                                                "field": "exceptionStatus.orderIndex",
                                                "direction": "ASC"
                                            },
                                            {
                                                "field": "netshotDomains.name",
                                                "direction": "ASC"
                                            }
                                        ],
                                        "limit": 2147483647,
                                        "logic": "AND",
                                        "filters": [
                                            {
                                                "field": "exceptionStatus",
                                                "operator": "eq",
                                                "value": "\/api\/3\/picklists\/d16850d9-d8c5-4db2-ba09-206b4192ce99",
                                                "_value": {
                                                    "display": "Exceptions Found",
                                                    "itemValue": "Exceptions Found",
                                                    "@id": "\/api\/3\/picklists\/d16850d9-d8c5-4db2-ba09-206b4192ce99"
                                                },
                                                "type": "object"
                                            }
                                        ],
                                        "aggregates": [
                                            {
                                                "operator": "countdistinct",
                                                "field": "*",
                                                "alias": "total"
                                            },
                                            {
                                                "operator": "groupby",
                                                "alias": "exceptionStatus",
                                                "field": "exceptionStatus.itemValue"
                                            },
                                            {
                                                "operator": "groupby",
                                                "alias": "firstOrderIndex",
                                                "field": "exceptionStatus.orderIndex"
                                            },
                                            {
                                                "operator": "select",
                                                "alias": "netshotDomains__name",
                                                "field": "netshotDomains.name"
                                            },
                                            {
                                                "operator": "groupby",
                                                "alias": "netshotDomains__uuid",
                                                "field": "netshotDomains.uuid"
                                            }
                                        ]
                                    },
                                    "mapping": {
                                        "fieldName": "",
                                        "firstGrouping": "exceptionStatus",
                                        "secondGrouping": "netshotDomains"
                                    },
                                    "assignedToSetting": "all",
                                    "aggregate": true,
                                    "title": "Report Exceptions by Domain",
                                    "resource": "netshot_output_reports",
                                    "chart": "bar",
                                    "showCount": true,
                                    "widgetAlwaysExpanded": true
                                }
                            }
                        ],
                        "style": "col-lg-6"
                    },
                    {
                        "widgets": [
                            {
                                "type": "chart",
                                "config": {
                                    "wid": "a33f0336-a2e5-40ec-8b02-ba3395af1a15",
                                    "widgetAlwaysDisplay": true,
                                    "showTabularData": false,
                                    "query": {
                                        "sort": [
                                            {
                                                "field": "context",
                                                "direction": "ASC"
                                            },
                                            {
                                                "field": "netshotTargets.name",
                                                "direction": "ASC"
                                            }
                                        ],
                                        "limit": 2147483647,
                                        "logic": "AND",
                                        "filters": [],
                                        "aggregates": [
                                            {
                                                "operator": "countdistinct",
                                                "field": "*",
                                                "alias": "total"
                                            },
                                            {
                                                "operator": "groupby",
                                                "alias": "context",
                                                "field": "context"
                                            },
                                            {
                                                "operator": "select",
                                                "alias": "netshotTargets__name",
                                                "field": "netshotTargets.name"
                                            },
                                            {
                                                "operator": "groupby",
                                                "alias": "netshotTargets__uuid",
                                                "field": "netshotTargets.uuid"
                                            }
                                        ]
                                    },
                                    "mapping": {
                                        "fieldName": "",
                                        "firstGrouping": "context",
                                        "secondGrouping": "netshotTargets"
                                    },
                                    "assignedToSetting": "all",
                                    "aggregate": true,
                                    "title": "Report Context by Target",
                                    "resource": "netshot_output_reports",
                                    "chart": "bar",
                                    "showCount": true,
                                    "widgetAlwaysExpanded": true
                                }
                            },
                            {
                                "type": "chart",
                                "config": {
                                    "wid": "e5ce1153-31be-4c93-9513-ae0baad7404d",
                                    "widgetAlwaysDisplay": true,
                                    "showTabularData": false,
                                    "query": {
                                        "sort": [
                                            {
                                                "field": "exceptionStatus.orderIndex",
                                                "direction": "ASC"
                                            },
                                            {
                                                "field": "netshotTargets.name",
                                                "direction": "ASC"
                                            }
                                        ],
                                        "limit": 2147483647,
                                        "logic": "AND",
                                        "filters": [
                                            {
                                                "field": "exceptionStatus",
                                                "operator": "eq",
                                                "value": "\/api\/3\/picklists\/d16850d9-d8c5-4db2-ba09-206b4192ce99",
                                                "_value": {
                                                    "display": "Exceptions Found",
                                                    "itemValue": "Exceptions Found",
                                                    "@id": "\/api\/3\/picklists\/d16850d9-d8c5-4db2-ba09-206b4192ce99"
                                                },
                                                "type": "object"
                                            }
                                        ],
                                        "aggregates": [
                                            {
                                                "operator": "countdistinct",
                                                "field": "*",
                                                "alias": "total"
                                            },
                                            {
                                                "operator": "groupby",
                                                "alias": "exceptionStatus",
                                                "field": "exceptionStatus.itemValue"
                                            },
                                            {
                                                "operator": "groupby",
                                                "alias": "firstOrderIndex",
                                                "field": "exceptionStatus.orderIndex"
                                            },
                                            {
                                                "operator": "select",
                                                "alias": "netshotTargets__name",
                                                "field": "netshotTargets.name"
                                            },
                                            {
                                                "operator": "groupby",
                                                "alias": "netshotTargets__uuid",
                                                "field": "netshotTargets.uuid"
                                            }
                                        ]
                                    },
                                    "mapping": {
                                        "fieldName": "",
                                        "firstGrouping": "exceptionStatus",
                                        "secondGrouping": "netshotTargets"
                                    },
                                    "assignedToSetting": "all",
                                    "aggregate": true,
                                    "title": "Report Exceptions by Target",
                                    "resource": "netshot_output_reports",
                                    "chart": "bar",
                                    "showCount": true,
                                    "widgetAlwaysExpanded": true
                                }
                            }
                        ],
                        "style": "col-lg-6"
                    }
                ],
                "wid": "6f448253-a03d-44be-a956-42f83d69a3d9",
                "collapsible": false,
                "collapsibleIndex": 0,
                "_collapsed": false
            },
            {
                "columns": [
                    {
                        "widgets": [
                            {
                                "type": "grid",
                                "config": {
                                    "wid": "63697406-87ac-4cbf-9d5e-3cb77cb6e836",
                                    "module": "netshot_output_reports",
                                    "columns": [
                                        "timestamp",
                                        "activeReport",
                                        "netshotDomains",
                                        "netshotTargets",
                                        "id",
                                        "name",
                                        "type",
                                        "status",
                                        "exceptionStatus",
                                        "score",
                                        "recordTags"
                                    ],
                                    "expandableCol": [
                                        {
                                            "openTab": false,
                                            "name": "reportOutputMarkdown"
                                        }
                                    ],
                                    "relationshipField": [],
                                    "checkboxStatus": true,
                                    "editableFields": false,
                                    "actionButtons": [],
                                    "query": {
                                        "sort": [
                                            {
                                                "direction": "DESC",
                                                "field": "timestamp",
                                                "_fieldTitle": "Timestamp",
                                                "_fieldName": "timestamp"
                                            }
                                        ],
                                        "limit": 30,
                                        "logic": "AND",
                                        "filters": []
                                    }
                                }
                            }
                        ],
                        "style": "col-lg-12"
                    }
                ],
                "wid": "a770d3e8-3870-46fe-b05e-ca6e1328909a",
                "_collapsed": false
            }
        ],
        "wid": "33a1c4c2-e8c5-4afa-9cff-bab68d864d0a",
        "metadata": {
            "customTemplateTitle": "Netshot Output Reports",
            "originalTemplateTitle": "Netshot Output Reports"
        }
    },
    "uuid": "modules-netshot_output_reports-list"
}