{
    "@context": "\/api\/3\/contexts\/StagingModelMetadata",
    "@type": "StagingModelMetadata",
    "type": "netshot_output_reports",
    "parentType": null,
    "tableName": "netshot_output_report",
    "ownable": false,
    "userOwnable": false,
    "queueable": false,
    "trackable": true,
    "taggable": true,
    "peerReplicable": false,
    "defaultSort": [
        {
            "direction": "DESC",
            "field": "timestamp"
        },
        {
            "direction": "ASC",
            "field": "name"
        },
        {
            "direction": "ASC",
            "field": "context"
        }
    ],
    "uniqueConstraint": [],
    "indexable": true,
    "writable": true,
    "attributes": [
        {
            "@id": "\/api\/3\/attribute_metadatas\/a24567eb-1101-400f-9b3d-ae94d27d2919",
            "@type": "AttributeMetadata",
            "type": "integer",
            "name": "timestamp",
            "length": null,
            "orderIndex": 1,
            "formType": "datetime",
            "dataSource": null,
            "searchable": true,
            "peerReplicable": true,
            "system": false,
            "encrypted": false,
            "gridColumn": true,
            "collection": false,
            "inversedField": null,
            "ownsRelationship": false,
            "validation": {
                "required": false,
                "minlength": 0,
                "maxlength": 10485761,
                "_enableRange": false
            },
            "bulkAction": {
                "allow": false,
                "buttonText": "",
                "buttonIcon": "",
                "buttonClass": "btn btn-default btn-sm"
            },
            "dataSourceFilters": null,
            "defaultValue": null,
            "tooltip": null,
            "visibility": true,
            "htmlEscape": false,
            "orphanRemoval": null,
            "readable": true,
            "writeable": true,
            "identifier": null,
            "unique": false,
            "recommend": false,
            "skipSerialization": false,
            "uuid": "a24567eb-1101-400f-9b3d-ae94d27d2919",
            "displayName": "{{ timestamp }}",
            "descriptions": {
                "singular": "Timestamp"
            }
        },
        {
            "@id": "\/api\/3\/attribute_metadatas\/1a14dcbb-a623-49a6-b044-047caf09567d",
            "@type": "AttributeMetadata",
            "type": "netshot_output_report_profiles",
            "name": "netshotOutputReportProfiles",
            "length": null,
            "orderIndex": 2,
            "formType": "lookup",
            "dataSource": {
                "model": "netshot_output_report_profiles"
            },
            "searchable": false,
            "peerReplicable": true,
            "system": false,
            "encrypted": false,
            "gridColumn": true,
            "collection": false,
            "inversedField": null,
            "ownsRelationship": false,
            "validation": {
                "required": false,
                "minlength": 0,
                "maxlength": 10485761,
                "_enableRange": false
            },
            "bulkAction": {
                "allow": false,
                "buttonText": "",
                "buttonIcon": "",
                "buttonClass": "btn btn-default btn-sm"
            },
            "dataSourceFilters": null,
            "defaultValue": null,
            "tooltip": null,
            "visibility": true,
            "htmlEscape": false,
            "orphanRemoval": null,
            "readable": true,
            "writeable": true,
            "identifier": null,
            "unique": false,
            "recommend": false,
            "skipSerialization": false,
            "uuid": "1a14dcbb-a623-49a6-b044-047caf09567d",
            "displayName": "{{ netshotOutputReportProfiles }}",
            "descriptions": {
                "singular": "Report Profile"
            }
        },
        {
            "@id": "\/api\/3\/attribute_metadatas\/4fd50a2b-c4b8-499f-b8c5-203258ccc85b",
            "@type": "AttributeMetadata",
            "type": "netshot_domains",
            "name": "netshotDomains",
            "length": null,
            "orderIndex": 3,
            "formType": "lookup",
            "dataSource": {
                "model": "netshot_domains"
            },
            "searchable": false,
            "peerReplicable": true,
            "system": false,
            "encrypted": false,
            "gridColumn": false,
            "collection": false,
            "inversedField": null,
            "ownsRelationship": false,
            "validation": {
                "required": false,
                "minlength": 0,
                "maxlength": 10485761,
                "_enableRange": false
            },
            "bulkAction": {
                "allow": false,
                "buttonText": "",
                "buttonIcon": "",
                "buttonClass": "btn btn-default btn-sm"
            },
            "dataSourceFilters": null,
            "defaultValue": null,
            "tooltip": null,
            "visibility": true,
            "htmlEscape": false,
            "orphanRemoval": null,
            "readable": true,
            "writeable": true,
            "identifier": null,
            "unique": false,
            "recommend": false,
            "skipSerialization": false,
            "uuid": "4fd50a2b-c4b8-499f-b8c5-203258ccc85b",
            "displayName": "{{ netshotDomains }}",
            "descriptions": {
                "singular": "Domain"
            }
        },
        {
            "@id": "\/api\/3\/attribute_metadatas\/9b1e2a7d-0d42-4463-b92e-683206cea0d8",
            "@type": "AttributeMetadata",
            "type": "netshot_targets",
            "name": "netshotTargets",
            "length": null,
            "orderIndex": 4,
            "formType": "lookup",
            "dataSource": {
                "model": "netshot_targets"
            },
            "searchable": false,
            "peerReplicable": true,
            "system": false,
            "encrypted": false,
            "gridColumn": false,
            "collection": false,
            "inversedField": null,
            "ownsRelationship": false,
            "validation": {
                "required": false,
                "minlength": 0,
                "maxlength": 10485761,
                "_enableRange": false
            },
            "bulkAction": {
                "allow": false,
                "buttonText": "",
                "buttonIcon": "",
                "buttonClass": "btn btn-default btn-sm"
            },
            "dataSourceFilters": null,
            "defaultValue": null,
            "tooltip": null,
            "visibility": true,
            "htmlEscape": false,
            "orphanRemoval": null,
            "readable": true,
            "writeable": true,
            "identifier": null,
            "unique": false,
            "recommend": false,
            "skipSerialization": false,
            "uuid": "9b1e2a7d-0d42-4463-b92e-683206cea0d8",
            "displayName": "{{ netshotTargets }}",
            "descriptions": {
                "singular": "Target"
            }
        },
        {
            "@id": "\/api\/3\/attribute_metadatas\/ca791df4-932c-4338-b5ed-02b64dc5a24e",
            "@type": "AttributeMetadata",
            "type": "string",
            "name": "name",
            "length": null,
            "orderIndex": 5,
            "formType": "text",
            "dataSource": null,
            "searchable": true,
            "peerReplicable": true,
            "system": false,
            "encrypted": false,
            "gridColumn": true,
            "collection": false,
            "inversedField": null,
            "ownsRelationship": false,
            "validation": {
                "required": false,
                "minlength": 0,
                "maxlength": 10485761,
                "_enableRange": false
            },
            "bulkAction": {
                "allow": false,
                "buttonText": "",
                "buttonIcon": "",
                "buttonClass": "btn btn-default btn-sm"
            },
            "dataSourceFilters": null,
            "defaultValue": "",
            "tooltip": null,
            "visibility": true,
            "htmlEscape": false,
            "orphanRemoval": null,
            "readable": true,
            "writeable": true,
            "identifier": null,
            "unique": false,
            "recommend": false,
            "skipSerialization": false,
            "uuid": "ca791df4-932c-4338-b5ed-02b64dc5a24e",
            "displayName": "{{ name }}",
            "descriptions": {
                "singular": "Name"
            }
        },
        {
            "@id": "\/api\/3\/attribute_metadatas\/2524085c-c913-4d6c-bf76-98802daa069e",
            "@type": "AttributeMetadata",
            "type": "picklists",
            "name": "type",
            "length": null,
            "orderIndex": 6,
            "formType": "picklist",
            "dataSource": {
                "model": "picklists",
                "query": {
                    "logic": "AND",
                    "filters": [
                        {
                            "field": "listName__name",
                            "operator": "eq",
                            "value": "Netshot Output Report Type"
                        }
                    ],
                    "sort": [
                        {
                            "field": "orderIndex",
                            "direction": "ASC"
                        }
                    ]
                },
                "displayConditions": {
                    "5f04a004-1ec5-4dd1-8054-f170546f5969": {
                        "visibility": "visible",
                        "conditions": null
                    },
                    "228fcdb4-db1d-4097-8c88-b654372ce47f": {
                        "visibility": "visible",
                        "conditions": null
                    },
                    "cb8300b4-527a-41cf-91c4-c14a281f095b": {
                        "visibility": "visible",
                        "conditions": null
                    },
                    "d15f0b7b-1a8e-4bbc-aff0-22cc917f9a3d": {
                        "visibility": "visible",
                        "conditions": null
                    },
                    "071a0f63-cf86-4be0-9dc6-30cabd4d283a": {
                        "visibility": "visible",
                        "conditions": null
                    },
                    "c1d5d38e-9dbd-4a8e-bd6d-1479cad1d42a": {
                        "visibility": "visible",
                        "conditions": null
                    },
                    "e8fa4833-9374-4ec8-a37c-0589110f4203": {
                        "visibility": "visible",
                        "conditions": null
                    }
                }
            },
            "searchable": false,
            "peerReplicable": true,
            "system": false,
            "encrypted": false,
            "gridColumn": true,
            "collection": false,
            "inversedField": null,
            "ownsRelationship": false,
            "validation": {
                "required": false,
                "minlength": 0,
                "maxlength": 10485761,
                "_enableRange": false
            },
            "bulkAction": {
                "allow": false,
                "buttonText": "",
                "buttonIcon": "",
                "buttonClass": "btn btn-default btn-sm"
            },
            "dataSourceFilters": null,
            "defaultValue": null,
            "tooltip": null,
            "visibility": true,
            "htmlEscape": false,
            "orphanRemoval": null,
            "readable": true,
            "writeable": true,
            "identifier": null,
            "unique": false,
            "recommend": false,
            "skipSerialization": false,
            "uuid": "2524085c-c913-4d6c-bf76-98802daa069e",
            "displayName": "{{ type }}",
            "descriptions": {
                "singular": "Type"
            }
        },
        {
            "@id": "\/api\/3\/attribute_metadatas\/ed44ca2b-3432-44c5-9b92-d575192b5b7b",
            "@type": "AttributeMetadata",
            "type": "string",
            "name": "context",
            "length": null,
            "orderIndex": 7,
            "formType": "text",
            "dataSource": null,
            "searchable": true,
            "peerReplicable": true,
            "system": false,
            "encrypted": false,
            "gridColumn": false,
            "collection": false,
            "inversedField": null,
            "ownsRelationship": false,
            "validation": {
                "required": false,
                "minlength": 0,
                "maxlength": 10485761,
                "_enableRange": false
            },
            "bulkAction": {
                "allow": false,
                "buttonText": "",
                "buttonIcon": "",
                "buttonClass": "btn btn-default btn-sm"
            },
            "dataSourceFilters": null,
            "defaultValue": "",
            "tooltip": null,
            "visibility": true,
            "htmlEscape": false,
            "orphanRemoval": null,
            "readable": true,
            "writeable": true,
            "identifier": null,
            "unique": false,
            "recommend": false,
            "skipSerialization": false,
            "uuid": "ed44ca2b-3432-44c5-9b92-d575192b5b7b",
            "displayName": "{{ context }}",
            "descriptions": {
                "singular": "Context"
            }
        },
        {
            "@id": "\/api\/3\/attribute_metadatas\/144f87fc-1c08-4df1-9d28-c5cbe6c60229",
            "@type": "AttributeMetadata",
            "type": "picklists",
            "name": "status",
            "length": null,
            "orderIndex": 8,
            "formType": "picklist",
            "dataSource": {
                "model": "picklists",
                "query": {
                    "logic": "AND",
                    "filters": [
                        {
                            "field": "listName__name",
                            "operator": "eq",
                            "value": "Netshot Output Report Status"
                        }
                    ],
                    "sort": [
                        {
                            "field": "orderIndex",
                            "direction": "ASC"
                        }
                    ]
                },
                "displayConditions": {
                    "5f04a004-1ec5-4dd1-8054-f170546f5969": {
                        "visibility": "visible",
                        "conditions": null
                    },
                    "228fcdb4-db1d-4097-8c88-b654372ce47f": {
                        "visibility": "visible",
                        "conditions": null
                    },
                    "cb8300b4-527a-41cf-91c4-c14a281f095b": {
                        "visibility": "visible",
                        "conditions": null
                    },
                    "d15f0b7b-1a8e-4bbc-aff0-22cc917f9a3d": {
                        "visibility": "visible",
                        "conditions": null
                    },
                    "2f63f907-d342-4ad6-9a77-68c654bba2d2": {
                        "visibility": "visible",
                        "conditions": null
                    },
                    "7c18340b-215d-4396-b052-623e4c085727": {
                        "visibility": "visible",
                        "conditions": null
                    },
                    "8c8e3f80-e373-4068-9ee5-3935174290fa": {
                        "visibility": "visible",
                        "conditions": null
                    },
                    "27e6a838-db8e-4b96-b9f3-23878e57d148": {
                        "visibility": "visible",
                        "conditions": null
                    },
                    "6ce0660f-784b-4e50-b770-c2d9a8d058e8": {
                        "visibility": "visible",
                        "conditions": null
                    },
                    "40982496-7c2f-4d6f-b0c0-bb998387821b": {
                        "visibility": "visible",
                        "conditions": null
                    },
                    "caf00cc5-ecf8-4342-982b-3a9bdf81115a": {
                        "visibility": "visible",
                        "conditions": null
                    },
                    "fa525507-5356-4387-8a8e-fcbd0c132d3d": {
                        "visibility": "visible",
                        "conditions": null
                    }
                }
            },
            "searchable": false,
            "peerReplicable": true,
            "system": false,
            "encrypted": false,
            "gridColumn": true,
            "collection": false,
            "inversedField": null,
            "ownsRelationship": false,
            "validation": {
                "required": false,
                "minlength": 0,
                "maxlength": 10485761,
                "_enableRange": false
            },
            "bulkAction": {
                "allow": false,
                "buttonText": "",
                "buttonIcon": "",
                "buttonClass": "btn btn-default btn-sm"
            },
            "dataSourceFilters": null,
            "defaultValue": null,
            "tooltip": null,
            "visibility": true,
            "htmlEscape": false,
            "orphanRemoval": null,
            "readable": true,
            "writeable": true,
            "identifier": null,
            "unique": false,
            "recommend": false,
            "skipSerialization": false,
            "uuid": "144f87fc-1c08-4df1-9d28-c5cbe6c60229",
            "displayName": "{{ status }}",
            "descriptions": {
                "singular": "Status"
            }
        },
        {
            "@id": "\/api\/3\/attribute_metadatas\/9c902556-8f07-4147-9c59-5082f6792a3f",
            "@type": "AttributeMetadata",
            "type": "boolean",
            "name": "activeReport",
            "length": null,
            "orderIndex": 9,
            "formType": "checkbox",
            "dataSource": null,
            "searchable": true,
            "peerReplicable": true,
            "system": false,
            "encrypted": false,
            "gridColumn": true,
            "collection": false,
            "inversedField": null,
            "ownsRelationship": false,
            "validation": {
                "required": false,
                "minlength": 0,
                "maxlength": 10485761,
                "_enableRange": false
            },
            "bulkAction": {
                "allow": false,
                "buttonText": "",
                "buttonIcon": "",
                "buttonClass": "btn btn-default btn-sm"
            },
            "dataSourceFilters": null,
            "defaultValue": "",
            "tooltip": null,
            "visibility": true,
            "htmlEscape": false,
            "orphanRemoval": null,
            "readable": true,
            "writeable": true,
            "identifier": null,
            "unique": false,
            "recommend": false,
            "skipSerialization": false,
            "uuid": "9c902556-8f07-4147-9c59-5082f6792a3f",
            "displayName": "{{ activeReport }}",
            "descriptions": {
                "singular": "Active Report"
            }
        },
        {
            "@id": "\/api\/3\/attribute_metadatas\/1af6eb7b-7bd9-4cc5-a4d3-aa2a0f5c57f6",
            "@type": "AttributeMetadata",
            "type": "string",
            "name": "reportOutputMarkdown",
            "length": null,
            "orderIndex": 10,
            "formType": "richtext",
            "dataSource": null,
            "searchable": true,
            "peerReplicable": true,
            "system": false,
            "encrypted": false,
            "gridColumn": false,
            "collection": false,
            "inversedField": null,
            "ownsRelationship": false,
            "validation": {
                "required": false,
                "minlength": 0,
                "maxlength": 10485761,
                "_enableRange": false
            },
            "bulkAction": {
                "allow": false,
                "buttonText": "",
                "buttonIcon": "",
                "buttonClass": "btn btn-default btn-sm"
            },
            "dataSourceFilters": null,
            "defaultValue": null,
            "tooltip": null,
            "visibility": true,
            "htmlEscape": false,
            "orphanRemoval": null,
            "readable": true,
            "writeable": true,
            "identifier": null,
            "unique": false,
            "recommend": false,
            "skipSerialization": false,
            "uuid": "1af6eb7b-7bd9-4cc5-a4d3-aa2a0f5c57f6",
            "displayName": "{{ reportOutputMarkdown }}",
            "descriptions": {
                "singular": "Report Markdown"
            }
        },
        {
            "@id": "\/api\/3\/attribute_metadatas\/fb9e0dbb-9bd3-4c7c-afb1-5366fcbfca0a",
            "@type": "AttributeMetadata",
            "type": "netshot_target_outputs",
            "name": "netshotTargetOutputs",
            "length": null,
            "orderIndex": 11,
            "formType": "manyToMany",
            "dataSource": {
                "model": "netshot_target_outputs"
            },
            "searchable": false,
            "peerReplicable": true,
            "system": false,
            "encrypted": false,
            "gridColumn": false,
            "collection": true,
            "inversedField": "netshotOutputReports",
            "ownsRelationship": false,
            "validation": null,
            "bulkAction": null,
            "dataSourceFilters": null,
            "defaultValue": null,
            "tooltip": null,
            "visibility": true,
            "htmlEscape": false,
            "orphanRemoval": null,
            "readable": true,
            "writeable": true,
            "identifier": null,
            "unique": false,
            "recommend": false,
            "skipSerialization": false,
            "uuid": "fb9e0dbb-9bd3-4c7c-afb1-5366fcbfca0a",
            "displayName": "{{ netshotTargetOutputs }}",
            "descriptions": {
                "singular": "Outputs"
            }
        },
        {
            "@id": "\/api\/3\/attribute_metadatas\/060b0206-da46-447c-a04d-f272de182072",
            "@type": "AttributeMetadata",
            "type": "comments",
            "name": "comments",
            "length": null,
            "orderIndex": 12,
            "formType": "manyToMany",
            "dataSource": {
                "model": "comments"
            },
            "searchable": false,
            "peerReplicable": true,
            "system": false,
            "encrypted": false,
            "gridColumn": false,
            "collection": true,
            "inversedField": "netshotOutputReports",
            "ownsRelationship": true,
            "validation": {
                "required": false,
                "minlength": 0,
                "maxlength": 10485761
            },
            "bulkAction": [],
            "dataSourceFilters": null,
            "defaultValue": null,
            "tooltip": null,
            "visibility": true,
            "htmlEscape": false,
            "orphanRemoval": null,
            "readable": true,
            "writeable": true,
            "identifier": null,
            "unique": false,
            "recommend": false,
            "skipSerialization": false,
            "uuid": "060b0206-da46-447c-a04d-f272de182072",
            "displayName": "{{ comments }}",
            "descriptions": {
                "singular": "Comments"
            }
        },
        {
            "@id": "\/api\/3\/attribute_metadatas\/b9644a55-9115-4c89-85d4-e9e46c7ba716",
            "@type": "AttributeMetadata",
            "type": "picklists",
            "name": "exceptionStatus",
            "length": null,
            "orderIndex": 13,
            "formType": "picklist",
            "dataSource": {
                "model": "picklists",
                "query": {
                    "logic": "AND",
                    "filters": [
                        {
                            "field": "listName__name",
                            "operator": "eq",
                            "value": "Netshot Output Report Exception Status"
                        }
                    ],
                    "sort": [
                        {
                            "field": "orderIndex",
                            "direction": "ASC"
                        }
                    ]
                },
                "displayConditions": {
                    "071a0f63-cf86-4be0-9dc6-30cabd4d283a": {
                        "visibility": "visible",
                        "conditions": null
                    },
                    "c1d5d38e-9dbd-4a8e-bd6d-1479cad1d42a": {
                        "visibility": "visible",
                        "conditions": null
                    },
                    "e8fa4833-9374-4ec8-a37c-0589110f4203": {
                        "visibility": "visible",
                        "conditions": null
                    },
                    "d16850d9-d8c5-4db2-ba09-206b4192ce99": {
                        "visibility": "visible",
                        "conditions": null
                    },
                    "6d27204d-dae5-40de-a042-883446b4ca50": {
                        "visibility": "visible",
                        "conditions": null
                    },
                    "9c48e936-144c-46aa-8cf6-04a11b0cf479": {
                        "visibility": "visible",
                        "conditions": null
                    },
                    "6fb60f10-05ad-40e3-b194-3a7ad53421e1": {
                        "visibility": "visible",
                        "conditions": null
                    },
                    "a3cb347c-0da7-4a75-a089-03b32f063a56": {
                        "visibility": "visible",
                        "conditions": null
                    }
                }
            },
            "searchable": false,
            "peerReplicable": true,
            "system": false,
            "encrypted": false,
            "gridColumn": true,
            "collection": false,
            "inversedField": null,
            "ownsRelationship": false,
            "validation": {
                "required": false,
                "minlength": 0,
                "maxlength": 10485761,
                "_enableRange": false
            },
            "bulkAction": {
                "allow": false,
                "buttonText": "",
                "buttonIcon": "",
                "buttonClass": "btn btn-default btn-sm"
            },
            "dataSourceFilters": null,
            "defaultValue": "\/api\/3\/picklists\/6fb60f10-05ad-40e3-b194-3a7ad53421e1",
            "tooltip": null,
            "visibility": true,
            "htmlEscape": false,
            "orphanRemoval": null,
            "readable": true,
            "writeable": true,
            "identifier": null,
            "unique": false,
            "recommend": false,
            "skipSerialization": false,
            "uuid": "b9644a55-9115-4c89-85d4-e9e46c7ba716",
            "displayName": "{{ exceptionStatus }}",
            "descriptions": {
                "singular": "Exception Status"
            }
        },
        {
            "@id": "\/api\/3\/attribute_metadatas\/242a4dd0-0dfb-4022-8718-ad3ccbbf12dc",
            "@type": "AttributeMetadata",
            "type": "integer",
            "name": "exceptionsFound",
            "length": null,
            "orderIndex": 14,
            "formType": "integer",
            "dataSource": null,
            "searchable": true,
            "peerReplicable": true,
            "system": false,
            "encrypted": false,
            "gridColumn": true,
            "collection": false,
            "inversedField": null,
            "ownsRelationship": false,
            "validation": {
                "required": false,
                "minlength": -2147483648,
                "maxlength": 10485761
            },
            "bulkAction": {
                "allow": false,
                "buttonText": "",
                "buttonIcon": "",
                "buttonClass": "btn btn-default btn-sm"
            },
            "dataSourceFilters": null,
            "defaultValue": "0",
            "tooltip": null,
            "visibility": true,
            "htmlEscape": false,
            "orphanRemoval": null,
            "readable": true,
            "writeable": true,
            "identifier": null,
            "unique": false,
            "recommend": false,
            "skipSerialization": false,
            "uuid": "242a4dd0-0dfb-4022-8718-ad3ccbbf12dc",
            "displayName": "{{ exceptionsFound }}",
            "descriptions": {
                "singular": "Exceptions Found"
            }
        },
        {
            "@id": "\/api\/3\/attribute_metadatas\/7d37a0d1-3180-4230-915b-2ffb3bf10c49",
            "@type": "AttributeMetadata",
            "type": "integer",
            "name": "score",
            "length": null,
            "orderIndex": 15,
            "formType": "integer",
            "dataSource": null,
            "searchable": true,
            "peerReplicable": true,
            "system": false,
            "encrypted": false,
            "gridColumn": false,
            "collection": false,
            "inversedField": null,
            "ownsRelationship": false,
            "validation": {
                "required": false,
                "minlength": -2147483648,
                "maxlength": 10485761
            },
            "bulkAction": {
                "allow": false,
                "buttonText": "",
                "buttonIcon": "",
                "buttonClass": "btn btn-default btn-sm"
            },
            "dataSourceFilters": null,
            "defaultValue": null,
            "tooltip": null,
            "visibility": true,
            "htmlEscape": false,
            "orphanRemoval": null,
            "readable": true,
            "writeable": true,
            "identifier": null,
            "unique": false,
            "recommend": false,
            "skipSerialization": false,
            "uuid": "7d37a0d1-3180-4230-915b-2ffb3bf10c49",
            "displayName": "{{ score }}",
            "descriptions": {
                "singular": "Score"
            }
        }
    ],
    "system": false,
    "module": "netshot_output_reports",
    "softDeleteable": false,
    "archivable": false,
    "paused": false,
    "partitionBy": "modifyDate",
    "archivalCriteria": {
        "keep_primary_data_for": 24,
        "delete_primary_data_after": 60
    },
    "archivalFilters": [],
    "replicationFilters": [],
    "enableReplication": true,
    "displayName": "{{ name }} {{ context }}",
    "descriptions": {
        "singular": "Netshot Output Report",
        "plural": "Netshot Output Reports"
    }
}