{
    "@context": "\/api\/3\/contexts\/Reporting",
    "@type": "Reporting",
    "uuid": "3ddb6701-4640-4f03-a47f-75b0bd790b6d",
    "displayName": "Netshot Report Domain",
    "type": "rows",
    "templateType": "reporting",
    "roles": [],
    "parentTemplateId": null,
    "config": {
        "wid": "319bd4a1-fdc4-4ea7-af57-34be7024bb21",
        "rows": [
            {
                "columns": [
                    {
                        "widgets": [
                            {
                                "type": "sectionHeader",
                                "config": {
                                    "wid": "8b4f63de-616e-4031-b5c6-c4f4ec454633",
                                    "query": {
                                        "filters": [],
                                        "sort": [],
                                        "limit": 10
                                    },
                                    "editorType": "html",
                                    "sectionText": "<h1 style=\"text-align: center;\">Netshot Domain Report<br><em><strong><span class=\"cs-richtext-field\" title=\"Configured Input Field - Netshot Domain\">{{ netshotDomain.name }}<\/span><\/strong><\/em><\/h1>",
                                    "fieldType": "configured input fields",
                                    "resource": "netshot_domains",
                                    "resourceId": "{{netshotDomain}}"
                                }
                            }
                        ],
                        "style": "col-lg-12"
                    }
                ],
                "wid": "72bcba14-3c36-4654-8e75-56c7975a54df",
                "_collapsed": false
            },
            {
                "columns": [
                    {
                        "widgets": [
                            {
                                "type": "chart",
                                "config": {
                                    "wid": "8acd4534-d81a-480b-be15-81e0825eeeaa",
                                    "widgetAlwaysDisplay": true,
                                    "showTabularData": false,
                                    "query": {
                                        "sort": [],
                                        "limit": 2147483647,
                                        "logic": "AND",
                                        "filters": [
                                            {
                                                "field": "activeReport",
                                                "operator": "eq",
                                                "_operator": "eq",
                                                "value": true,
                                                "type": "primitive"
                                            },
                                            {
                                                "field": "netshotDomains",
                                                "operator": "eq",
                                                "value": "{{netshotDomain}}",
                                                "_value": {
                                                    "display": "",
                                                    "itemValue": "",
                                                    "@id": "{{netshotDomain}}"
                                                },
                                                "type": "object"
                                            }
                                        ],
                                        "aggregates": [
                                            {
                                                "operator": "countdistinct",
                                                "field": "*",
                                                "alias": "total"
                                            },
                                            {
                                                "operator": "groupby",
                                                "alias": "uuid",
                                                "field": "netshotTargets.uuid"
                                            },
                                            {
                                                "operator": "groupby",
                                                "alias": "name",
                                                "field": "netshotTargets.name"
                                            }
                                        ]
                                    },
                                    "mapping": {
                                        "fieldName": "netshotTargets",
                                        "displayValues": [
                                            "name"
                                        ]
                                    },
                                    "assignedToSetting": "all",
                                    "aggregate": true,
                                    "title": "Targets",
                                    "resource": "netshot_output_reports",
                                    "chart": "donut",
                                    "showCount": true
                                }
                            }
                        ],
                        "style": "col-lg-3"
                    },
                    {
                        "widgets": [
                            {
                                "type": "chart",
                                "config": {
                                    "wid": "300c3b8d-c27c-46ab-98d3-e3ea34be965b",
                                    "widgetAlwaysDisplay": true,
                                    "showTabularData": false,
                                    "query": {
                                        "sort": [],
                                        "limit": 2147483647,
                                        "logic": "AND",
                                        "filters": [
                                            {
                                                "field": "activeReport",
                                                "operator": "eq",
                                                "_operator": "eq",
                                                "value": true,
                                                "type": "primitive"
                                            },
                                            {
                                                "field": "netshotDomains",
                                                "operator": "eq",
                                                "value": "{{netshotDomain}}",
                                                "_value": {
                                                    "display": "",
                                                    "itemValue": "",
                                                    "@id": "{{netshotDomain}}"
                                                },
                                                "type": "object"
                                            }
                                        ],
                                        "aggregates": [
                                            {
                                                "operator": "countdistinct",
                                                "field": "*",
                                                "alias": "total"
                                            },
                                            {
                                                "operator": "groupby",
                                                "alias": "context",
                                                "field": "context"
                                            }
                                        ]
                                    },
                                    "mapping": {
                                        "fieldName": "context",
                                        "firstGrouping": "exceptionStatus",
                                        "secondGrouping": "netshotTargets"
                                    },
                                    "assignedToSetting": "all",
                                    "aggregate": true,
                                    "title": "Reports by Output Context",
                                    "resource": "netshot_output_reports",
                                    "chart": "donut",
                                    "showCount": true
                                }
                            }
                        ],
                        "style": "col-lg-3"
                    },
                    {
                        "widgets": [
                            {
                                "type": "chart",
                                "config": {
                                    "wid": "16a6aecb-89d6-4e4f-916a-42ed1c75a82c",
                                    "widgetAlwaysDisplay": true,
                                    "showTabularData": false,
                                    "query": {
                                        "sort": [
                                            {
                                                "field": "exceptionStatus.orderIndex",
                                                "direction": "ASC"
                                            }
                                        ],
                                        "limit": 2147483647,
                                        "logic": "AND",
                                        "filters": [
                                            {
                                                "field": "activeReport",
                                                "operator": "eq",
                                                "_operator": "eq",
                                                "value": true,
                                                "type": "primitive"
                                            },
                                            {
                                                "field": "netshotDomains",
                                                "operator": "eq",
                                                "value": "{{netshotDomain}}",
                                                "_value": {
                                                    "display": "",
                                                    "itemValue": "",
                                                    "@id": "{{netshotDomain}}"
                                                },
                                                "type": "object"
                                            }
                                        ],
                                        "aggregates": [
                                            {
                                                "operator": "countdistinct",
                                                "field": "*",
                                                "alias": "total"
                                            },
                                            {
                                                "operator": "groupby",
                                                "alias": "exceptionStatus",
                                                "field": "exceptionStatus.itemValue"
                                            },
                                            {
                                                "operator": "groupby",
                                                "alias": "color",
                                                "field": "exceptionStatus.color"
                                            },
                                            {
                                                "operator": "groupby",
                                                "alias": "orderIndex",
                                                "field": "exceptionStatus.orderIndex"
                                            }
                                        ]
                                    },
                                    "mapping": {
                                        "fieldName": "exceptionStatus",
                                        "firstGrouping": "type",
                                        "secondGrouping": "netshotTargets",
                                        "displayValues": [
                                            "name"
                                        ]
                                    },
                                    "assignedToSetting": "all",
                                    "aggregate": true,
                                    "title": "Exception Status",
                                    "resource": "netshot_output_reports",
                                    "chart": "donut",
                                    "showCount": true
                                }
                            }
                        ],
                        "style": "col-lg-3"
                    },
                    {
                        "widgets": [
                            {
                                "type": "chart",
                                "config": {
                                    "wid": "4dc42ada-e1f3-405e-9c38-cbaa860b3137",
                                    "widgetAlwaysDisplay": true,
                                    "showTabularData": false,
                                    "query": {
                                        "sort": [],
                                        "limit": 2147483647,
                                        "logic": "AND",
                                        "filters": [
                                            {
                                                "field": "activeReport",
                                                "operator": "eq",
                                                "_operator": "eq",
                                                "value": true,
                                                "type": "primitive"
                                            },
                                            {
                                                "field": "netshotDomains",
                                                "operator": "eq",
                                                "value": "{{netshotDomain}}",
                                                "_value": {
                                                    "display": "",
                                                    "itemValue": "",
                                                    "@id": "{{netshotDomain}}"
                                                },
                                                "type": "object"
                                            }
                                        ],
                                        "aggregates": [
                                            {
                                                "operator": "countdistinct",
                                                "field": "*",
                                                "alias": "total"
                                            },
                                            {
                                                "operator": "groupby",
                                                "alias": "recordTags",
                                                "field": "recordTags.uuid"
                                            }
                                        ]
                                    },
                                    "mapping": {
                                        "fieldName": "recordTags",
                                        "firstGrouping": "type",
                                        "secondGrouping": "netshotTargets"
                                    },
                                    "assignedToSetting": "all",
                                    "aggregate": true,
                                    "title": "Report Tags",
                                    "resource": "netshot_output_reports",
                                    "chart": "donut",
                                    "showCount": true
                                }
                            }
                        ],
                        "style": "col-lg-3"
                    }
                ],
                "wid": "dd7b830e-969c-4ad8-9ae2-14db404f8fa3",
                "_collapsed": false,
                "collapsible": false,
                "collapsibleIndex": 0,
                "pageBreak": "before"
            },
            {
                "columns": [
                    {
                        "widgets": [
                            {
                                "type": "sectionHeader",
                                "config": {
                                    "wid": "576ac5d3-3d6e-419c-8017-6a8f246dca81",
                                    "query": {
                                        "filters": [],
                                        "sort": [],
                                        "limit": 10
                                    },
                                    "editorType": "html",
                                    "sectionText": "<h2 style=\"text-align: center;\"><strong>Targets in the Domain<\/strong><\/h2>\n<p><strong>Tags on the target indicate the context of the raw data collected for each target.&nbsp;<\/strong><\/p>"
                                }
                            },
                            {
                                "type": "simpleGrid",
                                "config": {
                                    "wid": "a3c53c1a-ec40-4f98-a160-e493d56cd861",
                                    "widgetAlwaysDisplay": true,
                                    "query": {
                                        "sort": [],
                                        "limit": 10,
                                        "logic": "AND",
                                        "filters": [
                                            {
                                                "field": "netshotDomains",
                                                "operator": "eq",
                                                "value": "{{netshotDomain}}",
                                                "_value": {
                                                    "display": "",
                                                    "itemValue": "",
                                                    "@id": "{{netshotDomain}}"
                                                },
                                                "type": "object"
                                            }
                                        ]
                                    },
                                    "mapping": {
                                        "assignedToPerson": "",
                                        "columns": {
                                            "type": {
                                                "width": "8"
                                            },
                                            "name": {
                                                "width": "10"
                                            },
                                            "recordTags": {
                                                "width": ""
                                            },
                                            "totalScorePossible": {
                                                "width": "10"
                                            },
                                            "totalScore": {
                                                "width": "10"
                                            }
                                        }
                                    },
                                    "columns": [
                                        "type",
                                        "name",
                                        "totalScorePossible",
                                        "totalScore",
                                        "recordTags"
                                    ],
                                    "module": "netshot_targets",
                                    "enableColumnWidthConfig": true
                                }
                            }
                        ],
                        "style": "col-lg-12"
                    }
                ],
                "wid": "e07b2fdf-e735-46df-9ba3-f3ae3f662a51",
                "_collapsed": false,
                "pageBreak": "before"
            },
            {
                "columns": [
                    {
                        "widgets": [
                            {
                                "type": "sectionHeader",
                                "config": {
                                    "wid": "1ed224ce-965d-4c8e-9713-cfabe0cf40d5",
                                    "query": {
                                        "filters": [],
                                        "sort": [],
                                        "limit": 10
                                    },
                                    "editorType": "html",
                                    "sectionText": "<h1 style=\"text-align: center;\"><span style=\"color: rgb(224, 62, 45);\">Exceptions Found!<\/span><\/h1>"
                                }
                            },
                            {
                                "type": "simpleGrid",
                                "config": {
                                    "wid": "a084082e-0fa9-4173-a088-0e6dc37c677c",
                                    "widgetAlwaysDisplay": true,
                                    "query": {
                                        "sort": [
                                            {
                                                "direction": "ASC",
                                                "field": "timestamp",
                                                "_fieldTitle": "Timestamp",
                                                "_fieldName": "timestamp"
                                            }
                                        ],
                                        "limit": 200,
                                        "logic": "AND",
                                        "filters": [
                                            {
                                                "field": "netshotDomains",
                                                "operator": "eq",
                                                "value": "{{netshotDomain}}",
                                                "_value": {
                                                    "display": "",
                                                    "itemValue": "",
                                                    "@id": "{{netshotDomain}}"
                                                },
                                                "type": "object"
                                            },
                                            {
                                                "field": "activeReport",
                                                "operator": "eq",
                                                "_operator": "eq",
                                                "value": true,
                                                "type": "primitive"
                                            },
                                            {
                                                "field": "exceptionStatus",
                                                "operator": "eq",
                                                "value": "\/api\/3\/picklists\/d16850d9-d8c5-4db2-ba09-206b4192ce99",
                                                "_value": {
                                                    "display": "Exceptions Found",
                                                    "itemValue": "Exceptions Found",
                                                    "@id": "\/api\/3\/picklists\/d16850d9-d8c5-4db2-ba09-206b4192ce99"
                                                },
                                                "type": "object"
                                            }
                                        ]
                                    },
                                    "mapping": {
                                        "assignedToPerson": "",
                                        "columns": {
                                            "timestamp": {
                                                "width": "9"
                                            },
                                            "name": {
                                                "width": "10"
                                            },
                                            "exceptionStatus": {
                                                "width": "8"
                                            },
                                            "exceptionsFound": {
                                                "width": "6"
                                            },
                                            "recordTags": {
                                                "width": "25"
                                            },
                                            "netshotOutputReportProfiles": {
                                                "width": "10"
                                            }
                                        }
                                    },
                                    "columns": [
                                        "timestamp",
                                        "name",
                                        "exceptionStatus",
                                        "exceptionsFound",
                                        "netshotOutputReportProfiles",
                                        "recordTags",
                                        "reportOutputMarkdown"
                                    ],
                                    "module": "netshot_output_reports",
                                    "enableColumnWidthConfig": true
                                }
                            }
                        ],
                        "style": "col-lg-12"
                    }
                ],
                "wid": "7f324b0c-4d66-4f17-bf6c-ce7b60f1c3dc",
                "_collapsed": false,
                "pageBreak": "before"
            },
            {
                "columns": [
                    {
                        "widgets": [
                            {
                                "type": "sectionHeader",
                                "config": {
                                    "wid": "92297c3b-02fe-455b-b5ee-521a54b6ab6b",
                                    "query": {
                                        "filters": [],
                                        "sort": [],
                                        "limit": 10
                                    },
                                    "editorType": "html",
                                    "sectionText": "<h1 style=\"text-align: center;\"><span style=\"color: rgb(255, 255, 255);\">Other Reports<\/span><\/h1>"
                                }
                            },
                            {
                                "type": "simpleGrid",
                                "config": {
                                    "wid": "32a5ee5b-8d71-46b8-9332-83a9400cca31",
                                    "widgetAlwaysDisplay": true,
                                    "query": {
                                        "sort": [
                                            {
                                                "direction": "ASC",
                                                "field": "timestamp",
                                                "_fieldTitle": "Timestamp",
                                                "_fieldName": "timestamp"
                                            }
                                        ],
                                        "limit": 200,
                                        "logic": "AND",
                                        "filters": [
                                            {
                                                "field": "netshotDomains",
                                                "operator": "eq",
                                                "value": "{{netshotDomain}}",
                                                "_value": {
                                                    "display": "",
                                                    "itemValue": "",
                                                    "@id": "{{netshotDomain}}"
                                                },
                                                "type": "object"
                                            },
                                            {
                                                "field": "activeReport",
                                                "operator": "eq",
                                                "_operator": "eq",
                                                "value": true,
                                                "type": "primitive"
                                            },
                                            {
                                                "field": "exceptionStatus",
                                                "operator": "neq",
                                                "value": "\/api\/3\/picklists\/d16850d9-d8c5-4db2-ba09-206b4192ce99",
                                                "_value": {
                                                    "display": "Exceptions Found",
                                                    "itemValue": "Exceptions Found",
                                                    "@id": "\/api\/3\/picklists\/d16850d9-d8c5-4db2-ba09-206b4192ce99"
                                                },
                                                "type": "object"
                                            }
                                        ]
                                    },
                                    "mapping": {
                                        "assignedToPerson": "",
                                        "columns": {
                                            "timestamp": {
                                                "width": "9"
                                            },
                                            "name": {
                                                "width": "10"
                                            },
                                            "exceptionStatus": {
                                                "width": "8"
                                            },
                                            "exceptionsFound": {
                                                "width": "6"
                                            },
                                            "recordTags": {
                                                "width": "25"
                                            },
                                            "netshotOutputReportProfiles": {
                                                "width": "10"
                                            }
                                        }
                                    },
                                    "columns": [
                                        "timestamp",
                                        "name",
                                        "exceptionStatus",
                                        "exceptionsFound",
                                        "netshotOutputReportProfiles",
                                        "recordTags",
                                        "reportOutputMarkdown"
                                    ],
                                    "module": "netshot_output_reports",
                                    "enableColumnWidthConfig": true
                                }
                            }
                        ],
                        "style": "col-lg-12"
                    }
                ],
                "wid": "f907fe67-a292-4166-b354-545be3d3aacf",
                "_collapsed": false,
                "pageBreak": "before"
            }
        ],
        "metadata": {
            "customTemplateTitle": "TEMPLATES.LABEL_REPORTING"
        },
        "readOnlyFlag": false,
        "refreshInterval": 10
    },
    "filterArray": [
        {
            "key": "netshotDomain",
            "open": true,
            "type": "lookup",
            "label": "Netshot Domain",
            "value": null,
            "module": "netshot_domains",
            "required": true,
            "expression": "{{netshotDomain}}",
            "defaultValue": null,
            "defaultLookupValue": {
                "id": 1,
                "@id": "\/api\/3\/netshot_domains\/8f0c9d73-9472-46a7-a269-e8be084c6e45",
                "name": "FMG Certification Test Plan",
                "uuid": "8f0c9d73-9472-46a7-a269-e8be084c6e45",
                "@type": "NetshotDomain",
                "display": "FMG Certification Test Plan",
                "createDate": 1741625270.548948,
                "createUser": {
                    "id": 3,
                    "@id": "\/api\/3\/people\/3451141c-bac6-467c-8d72-85e0fab569ce",
                    "type": null,
                    "uuid": "3451141c-bac6-467c-8d72-85e0fab569ce",
                    "@type": "Person",
                    "email": "admin@example.com",
                    "title": "Admin",
                    "avatar": null,
                    "userId": "36211651-7293-40ef-8cf8-85e2535a895b",
                    "csActive": true,
                    "lastname": "Admin",
                    "phoneFax": null,
                    "userType": null,
                    "@settings": "\/api\/3\/user_settings\/3451141c-bac6-467c-8d72-85e0fab569ce",
                    "companyId": null,
                    "firstname": "CS",
                    "phoneHome": null,
                    "phoneWork": "+16462759691",
                    "accessType": "Named",
                    "createDate": 1734642569,
                    "createUser": "\/api\/3\/people\/3451141c-bac6-467c-8d72-85e0fab569ce",
                    "department": null,
                    "modifyDate": 1741638943.891155,
                    "modifyUser": "\/api\/3\/people\/3451141c-bac6-467c-8d72-85e0fab569ce",
                    "description": null,
                    "phoneMobile": null
                },
                "modifyDate": 1741885432.723447,
                "modifyUser": {
                    "id": 3,
                    "@id": "\/api\/3\/people\/3451141c-bac6-467c-8d72-85e0fab569ce",
                    "type": null,
                    "uuid": "3451141c-bac6-467c-8d72-85e0fab569ce",
                    "@type": "Person",
                    "email": "admin@example.com",
                    "title": "Admin",
                    "avatar": null,
                    "userId": "36211651-7293-40ef-8cf8-85e2535a895b",
                    "csActive": true,
                    "lastname": "Admin",
                    "phoneFax": null,
                    "userType": null,
                    "@settings": "\/api\/3\/user_settings\/3451141c-bac6-467c-8d72-85e0fab569ce",
                    "companyId": null,
                    "firstname": "CS",
                    "phoneHome": null,
                    "phoneWork": "+16462759691",
                    "accessType": "Named",
                    "createDate": 1734642569,
                    "createUser": "\/api\/3\/people\/3451141c-bac6-467c-8d72-85e0fab569ce",
                    "department": null,
                    "modifyDate": 1741638943.891155,
                    "modifyUser": "\/api\/3\/people\/3451141c-bac6-467c-8d72-85e0fab569ce",
                    "description": null,
                    "phoneMobile": null
                },
                "recordTags": [
                    "SMART93204"
                ],
                "description": "#### Example Certification Test Plan\n - Get FMG `system status` and check `version`, `license`, and `disk space`. \n - Get the FMG Config and check the `config system global`.\n - Configure NTP in FMG and check the status. \n - Check the FMG config for allow access and forbid telnet and allow SSH. \n - Confirm network access to SSH and HTTPS are working. ",
                "displayTemplate": "{{ name }}"
            },
            "selectedLookupField": {
                "name": "netshot_domains",
                "model": "netshot_domains",
                "query": {
                    "page": 1,
                    "sort": [],
                    "limit": 30,
                    "logic": "AND",
                    "search": "",
                    "filters": [],
                    "aggregates": [],
                    "widgetQuery": null,
                    "isRelationshipFieldPresent": false
                },
                "title": "netshot_domains",
                "visible": false,
                "editable": true,
                "required": false,
                "validation": {
                    "maxlength": -1,
                    "minlength": 0
                },
                "defaultSort": true,
                "isFormField": true,
                "defaultValue": null,
                "isRelationship": false,
                "displayTemplate": "{{ name }}",
                "dataSourceFilters": null,
                "defaultValueChanged": false,
                "ignoreTypeValidators": false
            }
        }
    ],
    "updateDate": null
}