[
    {
        "name": "code-snippet",
        "label": "Code Snippet",
        "category": [
            "utilities"
        ],
        "description": "Execute code snippets as part of your Playbooks.",
        "publisher": "Fortinet",
        "operation_roles": [],
        "configurations": [],
        "dataImports": [],
        "install_mode": "rpm"
    },
    {
        "name": "nmap-scanner",
        "label": "NMAP Scanner",
        "category": [
            "investigation"
        ],
        "description": "Nmap is a security scanner provide detailed network information",
        "publisher": "CyberSponse Community",
        "operation_roles": [],
        "configurations": [],
        "dataImports": [],
        "install_mode": "rpm"
    },
    {
        "name": "ssh",
        "label": "SSH",
        "category": [
            "utilities"
        ],
        "description": "Steps that use an ssh connection. Including sftp and remote code execution",
        "publisher": "CyberSponse",
        "operation_roles": [],
        "configurations": [],
        "dataImports": [],
        "install_mode": "rpm"
    }
]