{
    "@context": "\/api\/3\/contexts\/SystemViewTemplate",
    "@type": "SystemViewTemplate",
    "type": "rows",
    "config": {
        "rows": [
            {
                "columns": [
                    {
                        "widgets": [
                            {
                                "type": "rows",
                                "config": {
                                    "wid": "c6ea8d0d-c373-46e8-b157-517c9d27b15b",
                                    "rows": [
                                        {
                                            "columns": [
                                                {
                                                    "widgets": [
                                                        {
                                                            "type": "editableFormGroup",
                                                            "config": {
                                                                "wid": "0ba7aa61-23df-4098-bf51-83f92eb31ef6",
                                                                "rows": [
                                                                    {
                                                                        "columns": [
                                                                            {
                                                                                "fields": [
                                                                                    {
                                                                                        "name": "orderPriority",
                                                                                        "highlightMode": true,
                                                                                        "linky": true,
                                                                                        "readOnly": false
                                                                                    },
                                                                                    {
                                                                                        "name": "name",
                                                                                        "highlightMode": true,
                                                                                        "linky": true,
                                                                                        "readOnly": false
                                                                                    },
                                                                                    {
                                                                                        "name": "type",
                                                                                        "highlightMode": true,
                                                                                        "linky": true,
                                                                                        "readOnly": true
                                                                                    },
                                                                                    {
                                                                                        "name": "regexMode",
                                                                                        "highlightMode": true,
                                                                                        "linky": true,
                                                                                        "readOnly": true
                                                                                    },
                                                                                    {
                                                                                        "name": "score",
                                                                                        "highlightMode": true,
                                                                                        "linky": true,
                                                                                        "readOnly": false
                                                                                    },
                                                                                    {
                                                                                        "name": "createDate",
                                                                                        "highlightMode": true,
                                                                                        "linky": true,
                                                                                        "readOnly": false
                                                                                    },
                                                                                    {
                                                                                        "name": "createUser",
                                                                                        "highlightMode": true,
                                                                                        "linky": true,
                                                                                        "readOnly": false
                                                                                    }
                                                                                ],
                                                                                "style": "col-lg-12"
                                                                            }
                                                                        ]
                                                                    }
                                                                ]
                                                            }
                                                        }
                                                    ],
                                                    "style": "col-lg-12"
                                                }
                                            ],
                                            "wid": "83e03766-e2de-444c-9a32-8c475996d527",
                                            "_collapsed": false
                                        }
                                    ]
                                }
                            }
                        ],
                        "style": "col-lg-3"
                    },
                    {
                        "widgets": [
                            {
                                "type": "rows",
                                "config": {
                                    "wid": "d6e93b8b-cc20-46ca-96f8-c14aca990465",
                                    "rows": [
                                        {
                                            "columns": [
                                                {
                                                    "widgets": [
                                                        {
                                                            "type": "editableFormGroup",
                                                            "config": {
                                                                "wid": "5e476bf4-4498-4db2-8783-6cc2027a7271",
                                                                "rows": [
                                                                    {
                                                                        "columns": [
                                                                            {
                                                                                "fields": [
                                                                                    {
                                                                                        "name": "normalizedDataKey",
                                                                                        "highlightMode": true,
                                                                                        "linky": true,
                                                                                        "readOnly": false
                                                                                    },
                                                                                    {
                                                                                        "name": "normalizedDataScope",
                                                                                        "highlightMode": true,
                                                                                        "linky": true,
                                                                                        "readOnly": false
                                                                                    },
                                                                                    {
                                                                                        "name": "script",
                                                                                        "highlightMode": false,
                                                                                        "linky": true,
                                                                                        "readOnly": false
                                                                                    }
                                                                                ]
                                                                            }
                                                                        ]
                                                                    }
                                                                ]
                                                            }
                                                        }
                                                    ],
                                                    "style": "col-lg-12"
                                                }
                                            ],
                                            "wid": "3f7c7830-17da-4a59-acf8-433f05fa9564",
                                            "_collapsed": false
                                        }
                                    ]
                                }
                            }
                        ],
                        "style": "col-lg-9"
                    }
                ],
                "wid": "d6856540-0fdb-477a-a447-74c874c43288",
                "_collapsed": false,
                "collapsible": false,
                "collapsibleIndex": 0
            },
            {
                "columns": [
                    {
                        "widgets": [
                            {
                                "type": "tabs",
                                "config": {
                                    "tabs": [
                                        {
                                            "title": "Groups",
                                            "active": 0,
                                            "widget": {
                                                "type": "rows",
                                                "config": {
                                                    "wid": "fe15770d-5ee4-49bd-a741-0f231543dc15",
                                                    "rows": [
                                                        {
                                                            "columns": [
                                                                {
                                                                    "widgets": [
                                                                        {
                                                                            "type": "sectionHeader",
                                                                            "config": {
                                                                                "wid": "8b89f8be-f064-4ce9-a895-7de387c9b2ce",
                                                                                "query": {
                                                                                    "filters": [],
                                                                                    "sort": [],
                                                                                    "limit": 10
                                                                                },
                                                                                "editorType": "html",
                                                                                "sectionText": ""
                                                                            }
                                                                        },
                                                                        {
                                                                            "type": "relationship.lineItem",
                                                                            "config": {
                                                                                "wid": "f9e522af-ac6c-4a43-b564-0a96744c34ef",
                                                                                "query": {
                                                                                    "sort": [
                                                                                        {
                                                                                            "direction": "ASC",
                                                                                            "field": "name"
                                                                                        }
                                                                                    ],
                                                                                    "limit": 50,
                                                                                    "logic": "AND",
                                                                                    "filters": []
                                                                                },
                                                                                "mapping": {
                                                                                    "assignedToPerson": ""
                                                                                },
                                                                                "assignedToSetting": "all",
                                                                                "columns": [
                                                                                    {
                                                                                        "column_name": "name",
                                                                                        "display_type": "block"
                                                                                    },
                                                                                    {
                                                                                        "column_name": "recordTags",
                                                                                        "display_type": "block"
                                                                                    },
                                                                                    {
                                                                                        "column_name": "description",
                                                                                        "display_type": "inline"
                                                                                    }
                                                                                ],
                                                                                "title": "Groups",
                                                                                "module": "netshot_output_groups",
                                                                                "fieldName": "netshotOutputGroups"
                                                                            }
                                                                        }
                                                                    ],
                                                                    "style": "col-lg-12"
                                                                }
                                                            ],
                                                            "wid": "a58785e5-e612-4183-a33e-8554ef81902f",
                                                            "_collapsed": false
                                                        }
                                                    ]
                                                },
                                                "visible": true
                                            },
                                            "icon": "fa fa-object-ungroup",
                                            "show": true,
                                            "visible": true
                                        },
                                        {
                                            "title": "Output Profiles",
                                            "active": 0,
                                            "widget": {
                                                "type": "rows",
                                                "config": {
                                                    "wid": "dd011fe8-a5c4-4fd8-b4ca-8e0ae07f5b22",
                                                    "rows": [
                                                        {
                                                            "columns": [
                                                                {
                                                                    "widgets": [
                                                                        {
                                                                            "type": "sectionHeader",
                                                                            "config": {
                                                                                "wid": "1f37672e-b1cc-4793-af44-dfcab7019785",
                                                                                "query": {
                                                                                    "filters": [],
                                                                                    "sort": [],
                                                                                    "limit": 10
                                                                                },
                                                                                "editorType": "html",
                                                                                "sectionText": ""
                                                                            }
                                                                        },
                                                                        {
                                                                            "type": "relationship.lineItem",
                                                                            "config": {
                                                                                "wid": "682cb767-ec78-4a91-a7e5-454272fe6bea",
                                                                                "query": {
                                                                                    "sort": [],
                                                                                    "limit": 50,
                                                                                    "logic": "AND",
                                                                                    "filters": []
                                                                                },
                                                                                "mapping": {
                                                                                    "assignedToPerson": ""
                                                                                },
                                                                                "assignedToSetting": "all",
                                                                                "columns": [
                                                                                    {
                                                                                        "column_name": "orderPriority",
                                                                                        "display_type": "block"
                                                                                    },
                                                                                    {
                                                                                        "column_name": "name",
                                                                                        "display_type": "block"
                                                                                    },
                                                                                    {
                                                                                        "column_name": "targetOutputMethod",
                                                                                        "display_type": "block"
                                                                                    },
                                                                                    {
                                                                                        "column_name": "recordTags",
                                                                                        "display_type": "block"
                                                                                    },
                                                                                    {
                                                                                        "column_name": "outputResource",
                                                                                        "display_type": "inline"
                                                                                    },
                                                                                    {
                                                                                        "column_name": "dataType",
                                                                                        "display_type": "inline"
                                                                                    }
                                                                                ],
                                                                                "title": "Output Profiles",
                                                                                "module": "netshot_target_output_profiles",
                                                                                "fieldName": "netshotTargetOutputProfiles"
                                                                            }
                                                                        }
                                                                    ]
                                                                }
                                                            ],
                                                            "wid": "fb3c7b55-9dbd-45b8-9165-914532980ee4"
                                                        }
                                                    ]
                                                }
                                            },
                                            "icon": "fa fa-file-text-o",
                                            "show": true,
                                            "visible": true
                                        },
                                        {
                                            "title": "Reports",
                                            "active": 0,
                                            "widget": {
                                                "type": "rows",
                                                "config": {
                                                    "wid": "c0da5411-9ebe-489f-9f91-a8018ca254d8",
                                                    "rows": [
                                                        {
                                                            "columns": [
                                                                {
                                                                    "widgets": [
                                                                        {
                                                                            "type": "sectionHeader",
                                                                            "config": {
                                                                                "wid": "065c8fef-086c-4675-9923-64169cb0602d",
                                                                                "query": {
                                                                                    "filters": [],
                                                                                    "sort": [],
                                                                                    "limit": 10
                                                                                },
                                                                                "editorType": "html",
                                                                                "sectionText": ""
                                                                            }
                                                                        },
                                                                        {
                                                                            "type": "relationship.lineItem",
                                                                            "config": {
                                                                                "wid": "505b903a-afb7-4843-adc2-dc0f33207c56",
                                                                                "query": {
                                                                                    "sort": [
                                                                                        {
                                                                                            "direction": "DESC",
                                                                                            "field": "timestamp"
                                                                                        },
                                                                                        {
                                                                                            "direction": "ASC",
                                                                                            "field": "name"
                                                                                        },
                                                                                        {
                                                                                            "direction": "ASC",
                                                                                            "field": "context"
                                                                                        }
                                                                                    ],
                                                                                    "limit": 10,
                                                                                    "logic": "AND",
                                                                                    "filters": [
                                                                                        {
                                                                                            "field": "activeReport",
                                                                                            "operator": "eq",
                                                                                            "_operator": "eq",
                                                                                            "value": true,
                                                                                            "type": "primitive"
                                                                                        }
                                                                                    ]
                                                                                },
                                                                                "mapping": {
                                                                                    "assignedToPerson": ""
                                                                                },
                                                                                "assignedToSetting": "all",
                                                                                "columns": [
                                                                                    {
                                                                                        "column_name": "timestamp",
                                                                                        "display_type": "block"
                                                                                    },
                                                                                    {
                                                                                        "column_name": "netshotDomains",
                                                                                        "display_type": "block"
                                                                                    },
                                                                                    {
                                                                                        "column_name": "name",
                                                                                        "display_type": "block"
                                                                                    },
                                                                                    {
                                                                                        "column_name": "type",
                                                                                        "display_type": "block"
                                                                                    },
                                                                                    {
                                                                                        "column_name": "exceptionStatus",
                                                                                        "display_type": "inline"
                                                                                    },
                                                                                    {
                                                                                        "column_name": "exceptionsFound",
                                                                                        "display_type": "inline"
                                                                                    },
                                                                                    {
                                                                                        "column_name": "reportOutputMarkdown",
                                                                                        "display_type": "inline"
                                                                                    },
                                                                                    {
                                                                                        "column_name": "recordTags",
                                                                                        "display_type": "block"
                                                                                    }
                                                                                ],
                                                                                "title": "Reports",
                                                                                "module": "netshot_output_reports",
                                                                                "fieldName": "netshotOutputReports"
                                                                            }
                                                                        }
                                                                    ],
                                                                    "style": "col-lg-12"
                                                                }
                                                            ],
                                                            "wid": "916d0d11-b75b-4d12-a222-e072fcb3869e",
                                                            "_collapsed": false
                                                        }
                                                    ]
                                                },
                                                "visible": true
                                            },
                                            "icon": "icon icon-generate-incident-summary-report",
                                            "show": false,
                                            "visible": true
                                        },
                                        {
                                            "title": "Related Records",
                                            "widget": {
                                                "type": "relationship.subtab",
                                                "config": {
                                                    "excludes": [
                                                        "notes",
                                                        "comments",
                                                        "userOwners",
                                                        "attachments"
                                                    ],
                                                    "wid": "70dfbbbf-e0f6-4036-8b5c-af8fa377cf6b",
                                                    "selectionType": "exclude",
                                                    "actionButtons": {
                                                        "netshot_output_reports": []
                                                    },
                                                    "expandableCol": {
                                                        "netshotOutputReports": {
                                                            "columns": [
                                                                {
                                                                    "openTab": false,
                                                                    "name": "reportOutputMarkdown"
                                                                }
                                                            ],
                                                            "checkBox": true
                                                        }
                                                    },
                                                    "includes": []
                                                },
                                                "visible": true
                                            },
                                            "show": false,
                                            "visible": true,
                                            "icon": "icon icon-relationships"
                                        }
                                    ],
                                    "wid": "924216ad-8ebe-442f-b540-93d9f25e418f"
                                }
                            }
                        ],
                        "style": "col-lg-12"
                    }
                ],
                "wid": "e4da7e32-940e-47f0-b8e0-07be18616fc2",
                "_collapsed": false
            }
        ],
        "actionButtons": [],
        "wid": "c07bf864-5ffa-4b99-86f2-d7fe444d52bd",
        "metadata": []
    },
    "uuid": "modules-netshot_output_report_profiles-detail"
}