{
    "@context": "\/api\/3\/contexts\/SystemViewTemplate",
    "@type": "SystemViewTemplate",
    "type": "rows",
    "config": {
        "rows": [
            {
                "columns": [
                    {
                        "widgets": [
                            {
                                "type": "chart",
                                "config": {
                                    "wid": "7ed0e749-dd21-4b17-a539-3d8dfd656b64",
                                    "widgetAlwaysDisplay": true,
                                    "showTabularData": false,
                                    "query": {
                                        "sort": [
                                            {
                                                "field": "type.orderIndex",
                                                "direction": "ASC"
                                            }
                                        ],
                                        "limit": 2147483647,
                                        "logic": "AND",
                                        "filters": [],
                                        "aggregates": [
                                            {
                                                "operator": "countdistinct",
                                                "field": "*",
                                                "alias": "total"
                                            },
                                            {
                                                "operator": "groupby",
                                                "alias": "type",
                                                "field": "type.itemValue"
                                            },
                                            {
                                                "operator": "groupby",
                                                "alias": "color",
                                                "field": "type.color"
                                            },
                                            {
                                                "operator": "groupby",
                                                "alias": "orderIndex",
                                                "field": "type.orderIndex"
                                            }
                                        ]
                                    },
                                    "mapping": {
                                        "fieldName": "type"
                                    },
                                    "assignedToSetting": "all",
                                    "aggregate": true,
                                    "title": "Report Types",
                                    "widgetAlwaysExpanded": true,
                                    "resource": "netshot_output_report_profiles",
                                    "chart": "pie",
                                    "showCount": true
                                }
                            }
                        ],
                        "style": "col-lg-6"
                    },
                    {
                        "widgets": [
                            {
                                "type": "chart",
                                "config": {
                                    "wid": "55fdbd62-6675-4af2-b7d8-6ecb78b1e085",
                                    "widgetAlwaysDisplay": true,
                                    "showTabularData": false,
                                    "query": {
                                        "sort": [],
                                        "limit": 2147483647,
                                        "logic": "AND",
                                        "filters": [],
                                        "aggregates": [
                                            {
                                                "operator": "countdistinct",
                                                "field": "*",
                                                "alias": "total"
                                            },
                                            {
                                                "operator": "groupby",
                                                "alias": "recordTags",
                                                "field": "recordTags.uuid"
                                            }
                                        ]
                                    },
                                    "mapping": {
                                        "fieldName": "recordTags"
                                    },
                                    "assignedToSetting": "all",
                                    "aggregate": true,
                                    "title": "Tags",
                                    "widgetAlwaysExpanded": true,
                                    "resource": "netshot_output_report_profiles",
                                    "chart": "pie",
                                    "showCount": true
                                }
                            }
                        ],
                        "style": "col-lg-6"
                    }
                ],
                "wid": "8dde55e1-2e4c-4756-b9f4-e1ea3e397323",
                "collapsible": false,
                "collapsibleIndex": 0,
                "_collapsed": false
            },
            {
                "columns": [
                    {
                        "widgets": [
                            {
                                "type": "grid",
                                "config": {
                                    "wid": "481c5826-e629-4745-b66b-41db69659575",
                                    "module": "netshot_output_report_profiles",
                                    "columns": [
                                        "orderPriority",
                                        "id",
                                        "name",
                                        "type",
                                        "score",
                                        "recordTags",
                                        "modifyDate"
                                    ],
                                    "expandableCol": [
                                        {
                                            "openTab": false,
                                            "name": "script"
                                        }
                                    ],
                                    "relationshipField": [],
                                    "checkboxStatus": true,
                                    "editableFields": false,
                                    "actionButtons": [],
                                    "query": {
                                        "sort": [
                                            {
                                                "direction": "ASC",
                                                "field": "orderPriority",
                                                "_fieldTitle": "Order Priority",
                                                "_fieldName": "orderPriority"
                                            },
                                            {
                                                "direction": "ASC",
                                                "field": "name",
                                                "_fieldTitle": "Name",
                                                "_fieldName": "name"
                                            }
                                        ],
                                        "limit": 30,
                                        "logic": "AND",
                                        "filters": []
                                    }
                                }
                            }
                        ],
                        "style": "col-lg-12"
                    }
                ],
                "wid": "ea5422a4-724a-478d-9e06-e946fd515235",
                "_collapsed": false
            }
        ],
        "wid": "242071e2-4b85-4aa3-bfdc-94c1e4c81a10",
        "metadata": {
            "customTemplateTitle": "Netshot Output Report Profiles",
            "originalTemplateTitle": "Netshot Output Report Profiles"
        }
    },
    "uuid": "modules-netshot_output_report_profiles-list"
}