{
    "@context": "\/api\/3\/contexts\/StagingModelMetadata",
    "@type": "StagingModelMetadata",
    "type": "netshot_output_report_profiles",
    "parentType": null,
    "tableName": "netshot_output_report_profile",
    "ownable": false,
    "userOwnable": false,
    "queueable": false,
    "trackable": true,
    "taggable": true,
    "peerReplicable": false,
    "defaultSort": [
        {
            "direction": "ASC",
            "field": "orderPriority"
        },
        {
            "direction": "ASC",
            "field": "name"
        }
    ],
    "uniqueConstraint": [
        {
            "netshot_output_report_profiles_unique": {
                "columns": [
                    "name"
                ]
            }
        }
    ],
    "indexable": true,
    "writable": true,
    "attributes": [
        {
            "@id": "\/api\/3\/attribute_metadatas\/d557df0b-aa5e-4b71-8f06-b5137fb948a4",
            "@type": "AttributeMetadata",
            "type": "integer",
            "name": "orderPriority",
            "length": null,
            "orderIndex": 1,
            "formType": "integer",
            "dataSource": null,
            "searchable": true,
            "peerReplicable": true,
            "system": false,
            "encrypted": false,
            "gridColumn": true,
            "collection": false,
            "inversedField": null,
            "ownsRelationship": false,
            "validation": {
                "required": false,
                "minlength": -2147483648,
                "maxlength": 10485761
            },
            "bulkAction": {
                "allow": true,
                "buttonText": "",
                "buttonIcon": "",
                "buttonClass": "btn btn-default btn-sm"
            },
            "dataSourceFilters": null,
            "defaultValue": "500",
            "tooltip": null,
            "visibility": true,
            "htmlEscape": false,
            "orphanRemoval": null,
            "readable": true,
            "writeable": true,
            "identifier": null,
            "unique": false,
            "recommend": false,
            "skipSerialization": false,
            "uuid": "d557df0b-aa5e-4b71-8f06-b5137fb948a4",
            "displayName": "{{ orderPriority }}",
            "descriptions": {
                "singular": "Order Priority"
            }
        },
        {
            "@id": "\/api\/3\/attribute_metadatas\/ab4233bd-aeba-431e-931e-f9d9aabb2f8b",
            "@type": "AttributeMetadata",
            "type": "string",
            "name": "name",
            "length": null,
            "orderIndex": 2,
            "formType": "text",
            "dataSource": null,
            "searchable": true,
            "peerReplicable": true,
            "system": false,
            "encrypted": false,
            "gridColumn": true,
            "collection": false,
            "inversedField": null,
            "ownsRelationship": false,
            "validation": {
                "required": true,
                "minlength": 0,
                "maxlength": 10485761,
                "_enableRange": false
            },
            "bulkAction": {
                "allow": false,
                "buttonText": "",
                "buttonIcon": "",
                "buttonClass": "btn btn-default btn-sm"
            },
            "dataSourceFilters": null,
            "defaultValue": "",
            "tooltip": null,
            "visibility": true,
            "htmlEscape": false,
            "orphanRemoval": null,
            "readable": true,
            "writeable": true,
            "identifier": null,
            "unique": false,
            "recommend": false,
            "skipSerialization": false,
            "uuid": "ab4233bd-aeba-431e-931e-f9d9aabb2f8b",
            "displayName": "{{ name }}",
            "descriptions": {
                "singular": "Name"
            }
        },
        {
            "@id": "\/api\/3\/attribute_metadatas\/66cdde8d-f73a-44ed-928c-015ccbd5da6e",
            "@type": "AttributeMetadata",
            "type": "picklists",
            "name": "type",
            "length": null,
            "orderIndex": 3,
            "formType": "picklist",
            "dataSource": {
                "model": "picklists",
                "query": {
                    "logic": "AND",
                    "filters": [
                        {
                            "field": "listName__name",
                            "operator": "eq",
                            "value": "Netshot Output Report Type"
                        }
                    ],
                    "sort": [
                        {
                            "field": "orderIndex",
                            "direction": "ASC"
                        }
                    ]
                },
                "displayConditions": {
                    "071a0f63-cf86-4be0-9dc6-30cabd4d283a": {
                        "visibility": "visible",
                        "conditions": null
                    },
                    "c1d5d38e-9dbd-4a8e-bd6d-1479cad1d42a": {
                        "visibility": "visible",
                        "conditions": null
                    },
                    "e8fa4833-9374-4ec8-a37c-0589110f4203": {
                        "visibility": "visible",
                        "conditions": null
                    }
                }
            },
            "searchable": false,
            "peerReplicable": true,
            "system": false,
            "encrypted": false,
            "gridColumn": true,
            "collection": false,
            "inversedField": null,
            "ownsRelationship": false,
            "validation": {
                "required": false,
                "minlength": 0,
                "maxlength": 10485761,
                "_enableRange": false
            },
            "bulkAction": {
                "allow": false,
                "buttonText": "",
                "buttonIcon": "",
                "buttonClass": "btn btn-default btn-sm"
            },
            "dataSourceFilters": null,
            "defaultValue": null,
            "tooltip": null,
            "visibility": true,
            "htmlEscape": false,
            "orphanRemoval": null,
            "readable": true,
            "writeable": true,
            "identifier": null,
            "unique": false,
            "recommend": false,
            "skipSerialization": false,
            "uuid": "66cdde8d-f73a-44ed-928c-015ccbd5da6e",
            "displayName": "{{ type }}",
            "descriptions": {
                "singular": "Type"
            }
        },
        {
            "@id": "\/api\/3\/attribute_metadatas\/db8fcfda-af80-4c15-9da6-2b86cf435b2a",
            "@type": "AttributeMetadata",
            "type": "string",
            "name": "normalizedDataKey",
            "length": null,
            "orderIndex": 4,
            "formType": "text",
            "dataSource": null,
            "searchable": false,
            "peerReplicable": true,
            "system": false,
            "encrypted": false,
            "gridColumn": false,
            "collection": false,
            "inversedField": null,
            "ownsRelationship": false,
            "validation": {
                "required": false,
                "minlength": 0,
                "maxlength": 10485761,
                "_enableRange": false
            },
            "bulkAction": {
                "allow": false,
                "buttonText": "",
                "buttonIcon": "",
                "buttonClass": "btn btn-default btn-sm"
            },
            "dataSourceFilters": null,
            "defaultValue": "text",
            "tooltip": "Defines the normalized data this report focuses.",
            "visibility": true,
            "htmlEscape": false,
            "orphanRemoval": null,
            "readable": true,
            "writeable": true,
            "identifier": null,
            "unique": false,
            "recommend": false,
            "skipSerialization": false,
            "uuid": "db8fcfda-af80-4c15-9da6-2b86cf435b2a",
            "displayName": "{{ normalizedDataKey }}",
            "descriptions": {
                "singular": "Normalized Data Key"
            }
        },
        {
            "@id": "\/api\/3\/attribute_metadatas\/b6519573-3c5e-4b77-9557-6bcc4174a656",
            "@type": "AttributeMetadata",
            "type": "string",
            "name": "normalizedDataScope",
            "length": null,
            "orderIndex": 5,
            "formType": "text",
            "dataSource": null,
            "searchable": false,
            "peerReplicable": true,
            "system": false,
            "encrypted": false,
            "gridColumn": false,
            "collection": false,
            "inversedField": null,
            "ownsRelationship": false,
            "validation": {
                "required": false,
                "minlength": 0,
                "maxlength": 10485761
            },
            "bulkAction": {
                "allow": false,
                "buttonText": "",
                "buttonIcon": "",
                "buttonClass": "btn btn-default btn-sm"
            },
            "dataSourceFilters": null,
            "defaultValue": "",
            "tooltip": "Scope in json_query language.",
            "visibility": true,
            "htmlEscape": false,
            "orphanRemoval": null,
            "readable": true,
            "writeable": true,
            "identifier": null,
            "unique": false,
            "recommend": false,
            "skipSerialization": false,
            "uuid": "b6519573-3c5e-4b77-9557-6bcc4174a656",
            "displayName": "{{ normalizedDataScope }}",
            "descriptions": {
                "singular": "Normalized Data Scope"
            }
        },
        {
            "@id": "\/api\/3\/attribute_metadatas\/758fd08f-d5f4-4050-8f51-15da73c662dd",
            "@type": "AttributeMetadata",
            "type": "string",
            "name": "script",
            "length": null,
            "orderIndex": 6,
            "formType": "textarea",
            "dataSource": null,
            "searchable": true,
            "peerReplicable": true,
            "system": false,
            "encrypted": false,
            "gridColumn": false,
            "collection": false,
            "inversedField": null,
            "ownsRelationship": false,
            "validation": {
                "required": false,
                "minlength": 0,
                "maxlength": 10485761,
                "_enableRange": false
            },
            "bulkAction": {
                "allow": false,
                "buttonText": "",
                "buttonIcon": "",
                "buttonClass": "btn btn-default btn-sm"
            },
            "dataSourceFilters": null,
            "defaultValue": null,
            "tooltip": null,
            "visibility": true,
            "htmlEscape": false,
            "orphanRemoval": null,
            "readable": true,
            "writeable": true,
            "identifier": null,
            "unique": false,
            "recommend": false,
            "skipSerialization": false,
            "uuid": "758fd08f-d5f4-4050-8f51-15da73c662dd",
            "displayName": "{{ script }}",
            "descriptions": {
                "singular": "Script"
            }
        },
        {
            "@id": "\/api\/3\/attribute_metadatas\/07d872de-3d0f-40ae-aa75-916ca20a11a9",
            "@type": "AttributeMetadata",
            "type": "picklists",
            "name": "regexMode",
            "length": null,
            "orderIndex": 7,
            "formType": "picklist",
            "dataSource": {
                "model": "picklists",
                "query": {
                    "logic": "AND",
                    "filters": [
                        {
                            "field": "listName__name",
                            "operator": "eq",
                            "value": "Netshot Output Report Regex Mode"
                        }
                    ],
                    "sort": [
                        {
                            "field": "orderIndex",
                            "direction": "ASC"
                        }
                    ]
                },
                "displayConditions": {
                    "47a165ee-9a56-4cdd-8ad8-67a4f81d32b8": {
                        "visibility": "visible",
                        "conditions": null
                    },
                    "45c0a8d9-c120-478b-9d63-a2b89b58780b": {
                        "visibility": "visible",
                        "conditions": null
                    },
                    "abd68715-6224-41aa-aaf0-11bdee01b456": {
                        "visibility": "visible",
                        "conditions": null
                    }
                }
            },
            "searchable": false,
            "peerReplicable": true,
            "system": false,
            "encrypted": false,
            "gridColumn": false,
            "collection": false,
            "inversedField": null,
            "ownsRelationship": false,
            "validation": {
                "required": false,
                "minlength": 0,
                "maxlength": 10485761,
                "_enableRange": false
            },
            "bulkAction": {
                "allow": false,
                "buttonText": "",
                "buttonIcon": "",
                "buttonClass": "btn btn-default btn-sm"
            },
            "dataSourceFilters": null,
            "defaultValue": "\/api\/3\/picklists\/45c0a8d9-c120-478b-9d63-a2b89b58780b",
            "tooltip": null,
            "visibility": [
                {
                    "sort": [],
                    "limit": 30,
                    "logic": "AND",
                    "filters": [
                        {
                            "field": "type",
                            "operator": "eq",
                            "value": "\/api\/3\/picklists\/c1d5d38e-9dbd-4a8e-bd6d-1479cad1d42a",
                            "_value": {
                                "display": "Audit Text via Regex",
                                "itemValue": "Audit Text via Regex",
                                "@id": "\/api\/3\/picklists\/c1d5d38e-9dbd-4a8e-bd6d-1479cad1d42a"
                            },
                            "type": "object"
                        }
                    ]
                }
            ],
            "htmlEscape": false,
            "orphanRemoval": null,
            "readable": true,
            "writeable": true,
            "identifier": null,
            "unique": false,
            "recommend": false,
            "skipSerialization": false,
            "uuid": "07d872de-3d0f-40ae-aa75-916ca20a11a9",
            "displayName": "{{ regexMode }}",
            "descriptions": {
                "singular": "Regex Mode"
            }
        },
        {
            "@id": "\/api\/3\/attribute_metadatas\/9e6d2daa-0555-4dbe-a3a3-896fa86cc58e",
            "@type": "AttributeMetadata",
            "type": "netshot_output_groups",
            "name": "netshotOutputGroups",
            "length": null,
            "orderIndex": 8,
            "formType": "manyToMany",
            "dataSource": {
                "model": "netshot_output_groups"
            },
            "searchable": false,
            "peerReplicable": true,
            "system": false,
            "encrypted": false,
            "gridColumn": false,
            "collection": true,
            "inversedField": "netshotOutputReportProfiles",
            "ownsRelationship": true,
            "validation": {
                "required": false,
                "minlength": 0,
                "maxlength": 10485761,
                "_enableRange": false
            },
            "bulkAction": [],
            "dataSourceFilters": null,
            "defaultValue": null,
            "tooltip": null,
            "visibility": true,
            "htmlEscape": false,
            "orphanRemoval": null,
            "readable": true,
            "writeable": true,
            "identifier": null,
            "unique": false,
            "recommend": false,
            "skipSerialization": false,
            "uuid": "9e6d2daa-0555-4dbe-a3a3-896fa86cc58e",
            "displayName": "{{ netshotOutputGroups }}",
            "descriptions": {
                "singular": "Groups"
            }
        },
        {
            "@id": "\/api\/3\/attribute_metadatas\/1c4ac8e3-415a-440e-ba9f-485b05917b3c",
            "@type": "AttributeMetadata",
            "type": "netshot_output_reports",
            "name": "netshotOutputReports",
            "length": null,
            "orderIndex": 9,
            "formType": "oneToMany",
            "dataSource": {
                "model": "netshot_output_reports"
            },
            "searchable": false,
            "peerReplicable": true,
            "system": false,
            "encrypted": false,
            "gridColumn": false,
            "collection": true,
            "inversedField": "netshotOutputReportProfiles",
            "ownsRelationship": true,
            "validation": {
                "required": false,
                "minlength": 0,
                "maxlength": 10485761,
                "_enableRange": false
            },
            "bulkAction": [],
            "dataSourceFilters": null,
            "defaultValue": null,
            "tooltip": null,
            "visibility": true,
            "htmlEscape": false,
            "orphanRemoval": null,
            "readable": true,
            "writeable": true,
            "identifier": null,
            "unique": false,
            "recommend": false,
            "skipSerialization": false,
            "uuid": "1c4ac8e3-415a-440e-ba9f-485b05917b3c",
            "displayName": "{{ netshotOutputReports }}",
            "descriptions": {
                "singular": "Reports"
            }
        },
        {
            "@id": "\/api\/3\/attribute_metadatas\/e28bd4f4-b859-4571-8d71-59d95a2b24af",
            "@type": "AttributeMetadata",
            "type": "netshot_target_output_profiles",
            "name": "netshotTargetOutputProfiles",
            "length": null,
            "orderIndex": 10,
            "formType": "manyToMany",
            "dataSource": {
                "model": "netshot_target_output_profiles"
            },
            "searchable": false,
            "peerReplicable": true,
            "system": false,
            "encrypted": false,
            "gridColumn": false,
            "collection": true,
            "inversedField": "netshotOutputReportProfiles",
            "ownsRelationship": false,
            "validation": null,
            "bulkAction": null,
            "dataSourceFilters": null,
            "defaultValue": null,
            "tooltip": null,
            "visibility": true,
            "htmlEscape": false,
            "orphanRemoval": null,
            "readable": true,
            "writeable": true,
            "identifier": null,
            "unique": false,
            "recommend": false,
            "skipSerialization": false,
            "uuid": "e28bd4f4-b859-4571-8d71-59d95a2b24af",
            "displayName": "{{ netshotTargetOutputProfiles }}",
            "descriptions": {
                "singular": "Output Profiles"
            }
        },
        {
            "@id": "\/api\/3\/attribute_metadatas\/56a44f11-0df5-4401-b230-9e0f7cba2491",
            "@type": "AttributeMetadata",
            "type": "netshot_domains",
            "name": "netshotDomains",
            "length": null,
            "orderIndex": 11,
            "formType": "manyToMany",
            "dataSource": {
                "model": "netshot_domains"
            },
            "searchable": false,
            "peerReplicable": true,
            "system": false,
            "encrypted": false,
            "gridColumn": false,
            "collection": true,
            "inversedField": "netshotOutputReportProfiles",
            "ownsRelationship": false,
            "validation": null,
            "bulkAction": null,
            "dataSourceFilters": null,
            "defaultValue": null,
            "tooltip": null,
            "visibility": true,
            "htmlEscape": false,
            "orphanRemoval": null,
            "readable": true,
            "writeable": true,
            "identifier": null,
            "unique": false,
            "recommend": false,
            "skipSerialization": false,
            "uuid": "56a44f11-0df5-4401-b230-9e0f7cba2491",
            "displayName": "{{ netshotDomains }}",
            "descriptions": {
                "singular": "Domains"
            }
        },
        {
            "@id": "\/api\/3\/attribute_metadatas\/668975e8-36dc-4563-9459-28ed5c323f62",
            "@type": "AttributeMetadata",
            "type": "netshot_targets",
            "name": "netshotTargets",
            "length": null,
            "orderIndex": 12,
            "formType": "manyToMany",
            "dataSource": {
                "model": "netshot_targets"
            },
            "searchable": false,
            "peerReplicable": true,
            "system": false,
            "encrypted": false,
            "gridColumn": false,
            "collection": true,
            "inversedField": "netshotOutputReportProfiles",
            "ownsRelationship": false,
            "validation": null,
            "bulkAction": null,
            "dataSourceFilters": null,
            "defaultValue": null,
            "tooltip": null,
            "visibility": true,
            "htmlEscape": false,
            "orphanRemoval": null,
            "readable": true,
            "writeable": true,
            "identifier": null,
            "unique": false,
            "recommend": false,
            "skipSerialization": false,
            "uuid": "668975e8-36dc-4563-9459-28ed5c323f62",
            "displayName": "{{ netshotTargets }}",
            "descriptions": {
                "singular": "Targets"
            }
        },
        {
            "@id": "\/api\/3\/attribute_metadatas\/56696b0e-1964-48d3-9393-a8fb3b188695",
            "@type": "AttributeMetadata",
            "type": "integer",
            "name": "score",
            "length": null,
            "orderIndex": 13,
            "formType": "integer",
            "dataSource": null,
            "searchable": true,
            "peerReplicable": true,
            "system": false,
            "encrypted": false,
            "gridColumn": false,
            "collection": false,
            "inversedField": null,
            "ownsRelationship": false,
            "validation": {
                "required": false,
                "minlength": -2147483648,
                "maxlength": 10485761
            },
            "bulkAction": {
                "allow": true,
                "buttonText": "",
                "buttonIcon": "",
                "buttonClass": "btn btn-default btn-sm"
            },
            "dataSourceFilters": null,
            "defaultValue": "10",
            "tooltip": null,
            "visibility": true,
            "htmlEscape": false,
            "orphanRemoval": null,
            "readable": true,
            "writeable": true,
            "identifier": null,
            "unique": false,
            "recommend": false,
            "skipSerialization": false,
            "uuid": "56696b0e-1964-48d3-9393-a8fb3b188695",
            "displayName": "{{ score }}",
            "descriptions": {
                "singular": "Score"
            }
        }
    ],
    "system": false,
    "module": "netshot_output_report_profiles",
    "softDeleteable": false,
    "archivable": false,
    "paused": false,
    "partitionBy": "modifyDate",
    "archivalCriteria": {
        "keep_primary_data_for": 24,
        "delete_primary_data_after": 60
    },
    "archivalFilters": [],
    "replicationFilters": [],
    "enableReplication": true,
    "displayName": "{{ name }}",
    "descriptions": {
        "singular": "Netshot Output Report Profile",
        "plural": "Netshot Output Report Profiles"
    }
}