{
    "@context": "\/api\/3\/contexts\/Role",
    "@id": "\/api\/3\/roles\/926c73c4-6ba7-42cf-83f5-3c079f962af5",
    "@type": "Role",
    "description": null,
    "name": "Netshot Appliance Playbook",
    "modulePermissions": [
        {
            "@type": "ModulePermission",
            "canCreate": true,
            "canExecute": true,
            "canRead": true,
            "canUpdate": true,
            "canDelete": true,
            "fieldPermissions": [],
            "module": "netshot_output_data_profiles"
        },
        {
            "@type": "ModulePermission",
            "canCreate": true,
            "canExecute": true,
            "canRead": true,
            "canUpdate": true,
            "canDelete": true,
            "fieldPermissions": [],
            "module": "netshot_output_groups"
        },
        {
            "@type": "ModulePermission",
            "canCreate": true,
            "canExecute": true,
            "canRead": true,
            "canUpdate": true,
            "canDelete": true,
            "fieldPermissions": [],
            "module": "netshot_domains"
        },
        {
            "@type": "ModulePermission",
            "canCreate": true,
            "canExecute": true,
            "canRead": true,
            "canUpdate": true,
            "canDelete": true,
            "fieldPermissions": [],
            "module": "netshot_targets"
        },
        {
            "@type": "ModulePermission",
            "canCreate": true,
            "canExecute": true,
            "canRead": true,
            "canUpdate": true,
            "canDelete": true,
            "fieldPermissions": [],
            "module": "netshot_output_report_profiles"
        },
        {
            "@type": "ModulePermission",
            "canCreate": true,
            "canExecute": true,
            "canRead": true,
            "canUpdate": true,
            "canDelete": true,
            "fieldPermissions": [],
            "module": "netshot_target_output_profiles"
        },
        {
            "@type": "ModulePermission",
            "canCreate": true,
            "canExecute": true,
            "canRead": true,
            "canUpdate": true,
            "canDelete": true,
            "fieldPermissions": [],
            "module": "netshot_target_outputs"
        },
        {
            "@type": "ModulePermission",
            "canCreate": true,
            "canExecute": true,
            "canRead": true,
            "canUpdate": true,
            "canDelete": true,
            "fieldPermissions": [],
            "module": "netshot_output_reports"
        },
        {
            "@type": "ModulePermission",
            "canCreate": false,
            "canExecute": false,
            "canRead": false,
            "canUpdate": false,
            "canDelete": false,
            "fieldPermissions": [],
            "module": "agents"
        },
        {
            "@type": "ModulePermission",
            "canCreate": false,
            "canExecute": false,
            "canRead": false,
            "canUpdate": false,
            "canDelete": false,
            "fieldPermissions": [],
            "module": "alerts"
        },
        {
            "@type": "ModulePermission",
            "canCreate": false,
            "canExecute": false,
            "canRead": false,
            "canUpdate": false,
            "canDelete": false,
            "fieldPermissions": [],
            "module": "announcements"
        },
        {
            "@type": "ModulePermission",
            "canCreate": false,
            "canExecute": false,
            "canRead": false,
            "canUpdate": false,
            "canDelete": false,
            "fieldPermissions": [],
            "module": "appliances"
        },
        {
            "@type": "ModulePermission",
            "canCreate": false,
            "canExecute": false,
            "canRead": false,
            "canUpdate": false,
            "canDelete": false,
            "fieldPermissions": [],
            "module": "approvals"
        },
        {
            "@type": "ModulePermission",
            "canCreate": false,
            "canExecute": false,
            "canRead": false,
            "canUpdate": false,
            "canDelete": false,
            "fieldPermissions": [],
            "module": "assets"
        },
        {
            "@type": "ModulePermission",
            "canCreate": false,
            "canExecute": false,
            "canRead": false,
            "canUpdate": false,
            "canDelete": false,
            "fieldPermissions": [],
            "module": "attachments"
        },
        {
            "@type": "ModulePermission",
            "canCreate": false,
            "canExecute": false,
            "canRead": false,
            "canUpdate": false,
            "canDelete": false,
            "fieldPermissions": [],
            "module": "activities"
        },
        {
            "@type": "ModulePermission",
            "canCreate": false,
            "canExecute": false,
            "canRead": false,
            "canUpdate": false,
            "canDelete": false,
            "fieldPermissions": [],
            "module": "campaigns"
        },
        {
            "@type": "ModulePermission",
            "canCreate": false,
            "canExecute": false,
            "canRead": false,
            "canUpdate": false,
            "canDelete": false,
            "fieldPermissions": [],
            "module": "comments"
        },
        {
            "@type": "ModulePermission",
            "canCreate": false,
            "canExecute": false,
            "canRead": false,
            "canUpdate": false,
            "canDelete": false,
            "fieldPermissions": [],
            "module": "communication"
        },
        {
            "@type": "ModulePermission",
            "canCreate": false,
            "canExecute": false,
            "canRead": false,
            "canUpdate": false,
            "canDelete": false,
            "fieldPermissions": [],
            "module": "companies"
        },
        {
            "@type": "ModulePermission",
            "canCreate": false,
            "canExecute": false,
            "canRead": false,
            "canUpdate": false,
            "canDelete": false,
            "fieldPermissions": [],
            "module": "connectors"
        },
        {
            "@type": "ModulePermission",
            "canCreate": false,
            "canExecute": false,
            "canRead": false,
            "canUpdate": false,
            "canDelete": false,
            "fieldPermissions": [],
            "module": "contentHub"
        },
        {
            "@type": "ModulePermission",
            "canCreate": false,
            "canExecute": false,
            "canRead": false,
            "canUpdate": false,
            "canDelete": false,
            "fieldPermissions": [],
            "module": "dashboard"
        },
        {
            "@type": "ModulePermission",
            "canCreate": false,
            "canExecute": false,
            "canRead": false,
            "canUpdate": false,
            "canDelete": false,
            "fieldPermissions": [],
            "module": "data_archival"
        },
        {
            "@type": "ModulePermission",
            "canCreate": false,
            "canExecute": false,
            "canRead": false,
            "canUpdate": false,
            "canDelete": false,
            "fieldPermissions": [],
            "module": "email_templates"
        },
        {
            "@type": "ModulePermission",
            "canCreate": false,
            "canExecute": false,
            "canRead": false,
            "canUpdate": false,
            "canDelete": false,
            "fieldPermissions": [],
            "module": "events"
        },
        {
            "@type": "ModulePermission",
            "canCreate": false,
            "canExecute": false,
            "canRead": false,
            "canUpdate": false,
            "canDelete": false,
            "fieldPermissions": [],
            "module": "files"
        },
        {
            "@type": "ModulePermission",
            "canCreate": false,
            "canExecute": false,
            "canRead": false,
            "canUpdate": false,
            "canDelete": false,
            "fieldPermissions": [],
            "module": "incidents"
        },
        {
            "@type": "ModulePermission",
            "canCreate": false,
            "canExecute": false,
            "canRead": false,
            "canUpdate": false,
            "canDelete": false,
            "fieldPermissions": [],
            "module": "indicators"
        },
        {
            "@type": "ModulePermission",
            "canCreate": false,
            "canExecute": false,
            "canRead": false,
            "canUpdate": false,
            "canDelete": false,
            "fieldPermissions": [],
            "module": "keys"
        },
        {
            "@type": "ModulePermission",
            "canCreate": false,
            "canExecute": false,
            "canRead": false,
            "canUpdate": false,
            "canDelete": false,
            "fieldPermissions": [],
            "module": "leave_schedules"
        },
        {
            "@type": "ModulePermission",
            "canCreate": false,
            "canExecute": false,
            "canRead": false,
            "canUpdate": false,
            "canDelete": false,
            "fieldPermissions": [],
            "module": "rules"
        },
        {
            "@type": "ModulePermission",
            "canCreate": false,
            "canExecute": false,
            "canRead": false,
            "canUpdate": false,
            "canDelete": false,
            "fieldPermissions": [],
            "module": "people"
        },
        {
            "@type": "ModulePermission",
            "canCreate": false,
            "canExecute": false,
            "canRead": false,
            "canUpdate": false,
            "canDelete": false,
            "fieldPermissions": [],
            "module": "workflows"
        },
        {
            "@type": "ModulePermission",
            "canCreate": false,
            "canExecute": false,
            "canRead": false,
            "canUpdate": false,
            "canDelete": false,
            "fieldPermissions": [],
            "module": "preprocessing_rules"
        },
        {
            "@type": "ModulePermission",
            "canCreate": false,
            "canExecute": false,
            "canRead": false,
            "canUpdate": false,
            "canDelete": false,
            "fieldPermissions": [],
            "module": "fsr_queues"
        },
        {
            "@type": "ModulePermission",
            "canCreate": false,
            "canExecute": false,
            "canRead": false,
            "canUpdate": false,
            "canDelete": false,
            "fieldPermissions": [],
            "module": "reporting"
        },
        {
            "@type": "ModulePermission",
            "canCreate": false,
            "canExecute": false,
            "canRead": false,
            "canUpdate": false,
            "canDelete": false,
            "fieldPermissions": [],
            "module": "routers"
        },
        {
            "@type": "ModulePermission",
            "canCreate": false,
            "canExecute": false,
            "canRead": false,
            "canUpdate": false,
            "canDelete": false,
            "fieldPermissions": [],
            "module": "sla_template"
        },
        {
            "@type": "ModulePermission",
            "canCreate": false,
            "canExecute": false,
            "canRead": false,
            "canUpdate": false,
            "canDelete": false,
            "fieldPermissions": [],
            "module": "saved_reports"
        },
        {
            "@type": "ModulePermission",
            "canCreate": false,
            "canExecute": false,
            "canRead": false,
            "canUpdate": false,
            "canDelete": false,
            "fieldPermissions": [],
            "module": "schedules"
        },
        {
            "@type": "ModulePermission",
            "canCreate": false,
            "canExecute": false,
            "canRead": false,
            "canUpdate": false,
            "canDelete": false,
            "fieldPermissions": [],
            "module": "security"
        },
        {
            "@type": "ModulePermission",
            "canCreate": false,
            "canExecute": false,
            "canRead": false,
            "canUpdate": false,
            "canDelete": false,
            "fieldPermissions": [],
            "module": "shifts"
        },
        {
            "@type": "ModulePermission",
            "canCreate": false,
            "canExecute": false,
            "canRead": false,
            "canUpdate": false,
            "canDelete": false,
            "fieldPermissions": [],
            "module": "solutionpacks"
        },
        {
            "@type": "ModulePermission",
            "canCreate": false,
            "canExecute": false,
            "canRead": false,
            "canUpdate": false,
            "canDelete": false,
            "fieldPermissions": [],
            "module": "tasks"
        },
        {
            "@type": "ModulePermission",
            "canCreate": false,
            "canExecute": false,
            "canRead": false,
            "canUpdate": false,
            "canDelete": false,
            "fieldPermissions": [],
            "module": "tenants"
        },
        {
            "@type": "ModulePermission",
            "canCreate": false,
            "canExecute": false,
            "canRead": false,
            "canUpdate": false,
            "canDelete": false,
            "fieldPermissions": [],
            "module": "warrooms"
        },
        {
            "@type": "ModulePermission",
            "canCreate": false,
            "canExecute": false,
            "canRead": false,
            "canUpdate": false,
            "canDelete": false,
            "fieldPermissions": [],
            "module": "widgets"
        },
        {
            "@type": "ModulePermission",
            "canCreate": false,
            "canExecute": false,
            "canRead": true,
            "canUpdate": false,
            "canDelete": false,
            "fieldPermissions": [],
            "module": "application"
        }
    ],
    "uuid": "926c73c4-6ba7-42cf-83f5-3c079f962af5"
}