[
    {
        "@type": "NetshotOutputDataProfile",
        "normalizedDataKey": "adoms",
        "name": "FMG ADOM Summary",
        "description": "Create an ADOM Index from a get ADOMs API call from FortiManager. ",
        "normalizedDataPrerequisites": "tojson",
        "script": "{%- set adoms = tojson.output.result[0].data -%}\n{%- set idx = {} -%}\n{%- for a in adoms -%}\n{%- set ver = [] -%}\n{% do ver.append(a.os_ver|int) %}\n{% do ver.append(a.mr|int) %}\n{%- do idx.update({\n  a.name : {\n    \"name\":  a.name,\n    \"version\":ver|join(\".\"),\n    \"product\":a.restricted_prds\n}\n}) -%}\n{%- endfor -%}\n{{idx}}",
        "type": "\/api\/3\/picklists\/c415f593-9954-4a3f-a855-853be58d655d",
        "uuid": "472cd68f-f119-4cc0-82ed-aa30e6de39fc",
        "createUser": "\/api\/3\/people\/3451141c-bac6-467c-8d72-85e0fab569ce",
        "createDate": 1744309363.463269,
        "modifyUser": "\/api\/3\/people\/3451141c-bac6-467c-8d72-85e0fab569ce",
        "modifyDate": 1749733997.1599,
        "recordTags": []
    },
    {
        "@type": "NetshotOutputDataProfile",
        "normalizedDataKey": "config_interfaces",
        "name": "System Interfaces Config Index",
        "description": "Using `configblocks` extract `system interfaces` into a dictionary for easy auditing. ",
        "normalizedDataPrerequisites": "configblocks",
        "script": "{% set config = configblocks.config_block.config_system_interface.split('\\n') -%}\n{% set edits = {} -%}\n{% set ns = namespace(key=None) -%}\n{% for line in config -%}\n    {% if line.strip().startswith('edit') -%}\n        {% set ns.key = line.strip().split()[1] | replace('\"', '') -%}\n        {%- set c = {} -%}\n        {%- do c.update({ \"name\": ns.key }) -%}\n        {% do edits.update({ns.key: c}) -%}\n    {% elif line.strip() == 'next' -%}\n        {% set ns.key = None -%}\n    {% elif ns.key -%}\n        {%- set c = edits[ns.key] -%}\n        {%- do c.update({ line.strip().split()[1]: line.strip().split()[2:]|join(\" \") | replace('\"','')  }) -%}\n        {% do edits.update({ns.key: c}) -%}\n    {% else -%}\n    {% endif -%}\n{% endfor -%}\n{{edits}}",
        "type": "\/api\/3\/picklists\/c415f593-9954-4a3f-a855-853be58d655d",
        "uuid": "c3acd2bb-7dc0-44fb-aa8a-46b4e07ce0d7",
        "createUser": "\/api\/3\/people\/3451141c-bac6-467c-8d72-85e0fab569ce",
        "createDate": 1744309418.044287,
        "modifyUser": "\/api\/3\/people\/3451141c-bac6-467c-8d72-85e0fab569ce",
        "modifyDate": 1744309418.044287,
        "recordTags": []
    }
]