{
    "name": "netshot",
    "version": "1.0.16",
    "fsrMinCompatibility": "7.2.0",
    "type": "solutionpack",
    "local": true,
    "label": "Netshot",
    "dependencies": [],
    "prerequisite": null,
    "publisher": "Community",
    "description": "Netshot Tool for Auditing, Comparing, and Reporting on Network Data from configurations to operational data.",
    "help": null,
    "category": [
        "Content Management",
        "Investigation",
        "Network Security",
        "Asset Management"
    ],
    "supportInfo": null,
    "iconLarge": "fsr-icon-large.png",
    "postInstallConfig": null,
    "date": "2025-06-13T01:26:44+00:00",
    "contents": {
        "picklistNames": [
            {
                "name": "Netshot Output Data Profile Type"
            },
            {
                "name": "Netshot Output Report Exception Status"
            },
            {
                "name": "Netshot Output Report Regex Mode"
            },
            {
                "name": "Netshot Output Report Status"
            },
            {
                "name": "Netshot Output Report Type"
            },
            {
                "name": "Netshot Status of Target"
            },
            {
                "name": "Netshot Target Output API Method"
            },
            {
                "name": "Netshot Target Output Method"
            },
            {
                "name": "Netshot Target Output Source Data Type"
            },
            {
                "name": "Netshot Target Type"
            }
        ],
        "modules": {
            "netshot_domains": {
                "name": "Netshot Domains",
                "apiName": "netshot_domains"
            },
            "netshot_output_data_profiles": {
                "name": "Netshot Output Data Profiles",
                "apiName": "netshot_output_data_profiles"
            },
            "netshot_output_groups": {
                "name": "Netshot Output Groups",
                "apiName": "netshot_output_groups"
            },
            "netshot_output_report_profiles": {
                "name": "Netshot Output Report Profiles",
                "apiName": "netshot_output_report_profiles"
            },
            "netshot_output_reports": {
                "name": "Netshot Output Reports",
                "apiName": "netshot_output_reports"
            },
            "netshot_target_output_profiles": {
                "name": "Netshot Target Output Profiles",
                "apiName": "netshot_target_output_profiles"
            },
            "netshot_target_outputs": {
                "name": "Netshot Target Outputs",
                "apiName": "netshot_target_outputs"
            },
            "netshot_targets": {
                "name": "Netshot Targets",
                "apiName": "netshot_targets"
            }
        },
        "viewTemplates": {
            "netshot_domains": {
                "name": "Netshot Domains",
                "apiName": "netshot_domains",
                "views": [
                    "detail",
                    "list",
                    "form"
                ]
            },
            "netshot_output_data_profiles": {
                "name": "Netshot Output Data Profiles",
                "apiName": "netshot_output_data_profiles",
                "views": [
                    "detail",
                    "list",
                    "form"
                ]
            },
            "netshot_output_groups": {
                "name": "Netshot Output Groups",
                "apiName": "netshot_output_groups",
                "views": [
                    "detail",
                    "list",
                    "form"
                ]
            },
            "netshot_output_report_profiles": {
                "name": "Netshot Output Report Profiles",
                "apiName": "netshot_output_report_profiles",
                "views": [
                    "detail",
                    "list",
                    "form"
                ]
            },
            "netshot_output_reports": {
                "name": "Netshot Output Reports",
                "apiName": "netshot_output_reports",
                "views": [
                    "detail",
                    "list",
                    "form"
                ]
            },
            "netshot_target_output_profiles": {
                "name": "Netshot Target Output Profiles",
                "apiName": "netshot_target_output_profiles",
                "views": [
                    "detail",
                    "list",
                    "form"
                ]
            },
            "netshot_target_outputs": {
                "name": "Netshot Target Outputs",
                "apiName": "netshot_target_outputs",
                "views": [
                    "detail",
                    "list",
                    "form"
                ]
            },
            "netshot_targets": {
                "name": "Netshot Targets",
                "apiName": "netshot_targets",
                "views": [
                    "detail",
                    "list",
                    "form"
                ]
            }
        },
        "views": {
            "navigation": [
                "Netshot"
            ]
        },
        "roles": [
            {
                "name": "Netshot Admin"
            },
            {
                "name": "Netshot Appliance Playbook"
            }
        ],
        "playbooks": [
            {
                "name": "10 - SP - FortiManager ZTP Flow - FortiManager(FMG)-Synchronizing"
            },
            {
                "name": "Netshot - Buttons"
            },
            {
                "name": "Netshot - Core Microservices"
            },
            {
                "name": "Netshot - Integrations"
            },
            {
                "name": "10 - SP - FortiManager ZTP Flow - FortiManager(FMG)-Microservices"
            },
            {
                "name": "10 - SP - FortiManager ZTP Flow - FortiManager(FMG)-RecordHandlers"
            },
            {
                "name": "10 - SP - FortiManager ZTP Flow - FortiManager(FMG)-Microservices"
            },
            {
                "name": "10 - SP - FortiManager ZTP Flow - FortiManager(FMG)-RecordHandlers"
            },
            {
                "name": "10 - SP - FortiManager ZTP Flow - FortiManager(FMG)-Microservices"
            },
            {
                "name": "10 - SP - FortiManager ZTP Flow - FortiManager(FMG)-Microservices"
            },
            {
                "name": "10 - SP - FortiManager ZTP Flow - FortiManager(FMG)-Microservices"
            },
            {
                "name": "10 - SP - FortiManager ZTP Flow - FortiManager(FMG)-RecordHandlers"
            },
            {
                "name": "10 - SP - FortiManager ZTP Flow - FortiManager(FMG)-Microservices"
            },
            {
                "name": "10 - SP - FortiManager ZTP Flow - FortiManager(FMG)-Microservices"
            },
            {
                "name": "10 - SP - FortiManager ZTP Flow - FortiManager(FMG)-Microservices"
            },
            {
                "name": "10 - SP - FortiManager ZTP Flow - FortiManager(FMG)-Microservices"
            },
            {
                "name": "10 - SP - FortiManager ZTP Flow - FortiManager(FMG)-Microservices"
            },
            {
                "name": "10 - SP - FortiManager ZTP Flow - FortiManager(FMG)-Microservices"
            },
            {
                "name": "10 - SP - FortiManager ZTP Flow - FortiManager(FMG)-Microservices"
            },
            {
                "name": "10 - SP - FortiManager ZTP Flow - FortiManager(FMG)-Microservices"
            },
            {
                "name": "10 - SP - FortiManager ZTP Flow - FortiManager(FMG)-RecordHandlers"
            },
            {
                "name": "10 - SP - FortiManager ZTP Flow - FortiManager(FMG)-Microservices"
            },
            {
                "name": "10 - SP - FortiManager ZTP Flow - FortiManager(FMG)-RecordHandlers"
            },
            {
                "name": "10 - SP - FortiManager ZTP Flow - FortiManager(FMG)-RecordHandlers"
            }
        ],
        "playbookBlocks": [
            {
                "name": "Netshot Domain or Target Button"
            }
        ],
        "reports": [
            {
                "name": "Netshot Report Domain"
            }
        ],
        "connectors": [
            {
                "name": "Code Snippet",
                "apiName": "code-snippet"
            },
            {
                "name": "NMAP Scanner",
                "apiName": "nmap-scanner"
            },
            {
                "name": "SSH",
                "apiName": "ssh"
            }
        ],
        "widgets": [
            {
                "apiName": "playbookButtons",
                "name": "Playbook Buttons"
            },
            {
                "apiName": "playbookExecutionWizard",
                "name": "Playbook Execution Wizard"
            }
        ]
    }
}