{
    "@context": "\/api\/3\/contexts\/SystemViewTemplate",
    "@type": "SystemViewTemplate",
    "type": "rows",
    "config": {
        "rows": [
            {
                "columns": [
                    {
                        "widgets": [
                            {
                                "type": "chart",
                                "config": {
                                    "wid": "6b8a3bdc-c86c-4d5e-a040-36f2dbb77a41",
                                    "widgetAlwaysDisplay": true,
                                    "showTabularData": false,
                                    "query": {
                                        "sort": [],
                                        "limit": 2147483647,
                                        "logic": "AND",
                                        "filters": [],
                                        "aggregates": [
                                            {
                                                "operator": "select",
                                                "alias": "context",
                                                "field": "context"
                                            },
                                            {
                                                "operator": "select",
                                                "alias": "createDate",
                                                "field": "createDate"
                                            }
                                        ]
                                    },
                                    "mapping": {
                                        "fieldName": "context",
                                        "dateFieldName": "createDate",
                                        "timeScope": "day",
                                        "dateFormat": "%Y-%b-%e"
                                    },
                                    "assignedToSetting": "all",
                                    "aggregate": true,
                                    "title": "Output Over Time",
                                    "resource": "netshot_target_outputs",
                                    "chart": "timeseries",
                                    "widgetAlwaysExpanded": true
                                }
                            }
                        ],
                        "style": "col-lg-12"
                    }
                ],
                "wid": "0f58a9ab-3fe5-47a8-bb02-5e1e2830f1a2",
                "_collapsed": false
            },
            {
                "columns": [
                    {
                        "widgets": [
                            {
                                "type": "chart",
                                "config": {
                                    "wid": "0b770408-9ce8-441a-840b-ffd0caf6daaf",
                                    "widgetAlwaysDisplay": true,
                                    "showTabularData": false,
                                    "query": {
                                        "sort": [],
                                        "limit": 2147483647,
                                        "logic": "AND",
                                        "filters": [],
                                        "aggregates": [
                                            {
                                                "operator": "countdistinct",
                                                "field": "*",
                                                "alias": "total"
                                            },
                                            {
                                                "operator": "groupby",
                                                "alias": "uuid",
                                                "field": "netshotTargets.uuid"
                                            },
                                            {
                                                "operator": "groupby",
                                                "alias": "name",
                                                "field": "netshotTargets.name"
                                            }
                                        ]
                                    },
                                    "mapping": {
                                        "fieldName": "netshotTargets",
                                        "displayValues": [
                                            "name"
                                        ]
                                    },
                                    "assignedToSetting": "all",
                                    "aggregate": true,
                                    "title": "Output Targets",
                                    "resource": "netshot_target_outputs",
                                    "chart": "pie",
                                    "showCount": true,
                                    "widgetAlwaysExpanded": true
                                }
                            }
                        ],
                        "style": "col-lg-4"
                    },
                    {
                        "widgets": [
                            {
                                "type": "chart",
                                "config": {
                                    "wid": "ca60b010-c571-45f0-af9c-e2d8c60be6cb",
                                    "widgetAlwaysDisplay": true,
                                    "showTabularData": false,
                                    "query": {
                                        "sort": [],
                                        "limit": 2147483647,
                                        "logic": "AND",
                                        "filters": [],
                                        "aggregates": [
                                            {
                                                "operator": "countdistinct",
                                                "field": "*",
                                                "alias": "total"
                                            },
                                            {
                                                "operator": "groupby",
                                                "alias": "context",
                                                "field": "context"
                                            }
                                        ]
                                    },
                                    "mapping": {
                                        "fieldName": "context"
                                    },
                                    "assignedToSetting": "all",
                                    "aggregate": true,
                                    "title": "Context",
                                    "resource": "netshot_target_outputs",
                                    "chart": "pie",
                                    "showCount": true,
                                    "widgetAlwaysExpanded": true
                                }
                            }
                        ],
                        "style": "col-lg-4"
                    },
                    {
                        "widgets": [
                            {
                                "type": "chart",
                                "config": {
                                    "wid": "9b9596b2-8780-46dc-9517-83e418773bb4",
                                    "widgetAlwaysDisplay": true,
                                    "showTabularData": false,
                                    "query": {
                                        "sort": [
                                            {
                                                "field": "context",
                                                "direction": "ASC"
                                            },
                                            {
                                                "field": "netshotTargets.name",
                                                "direction": "ASC"
                                            }
                                        ],
                                        "limit": 2147483647,
                                        "logic": "AND",
                                        "filters": [],
                                        "aggregates": [
                                            {
                                                "operator": "countdistinct",
                                                "field": "*",
                                                "alias": "total"
                                            },
                                            {
                                                "operator": "groupby",
                                                "alias": "context",
                                                "field": "context"
                                            },
                                            {
                                                "operator": "select",
                                                "alias": "netshotTargets__name",
                                                "field": "netshotTargets.name"
                                            },
                                            {
                                                "operator": "groupby",
                                                "alias": "netshotTargets__uuid",
                                                "field": "netshotTargets.uuid"
                                            }
                                        ]
                                    },
                                    "mapping": {
                                        "fieldName": "",
                                        "dateFieldName": "createDate",
                                        "timeScope": "day",
                                        "dateFormat": "%Y-%b-%e",
                                        "firstGrouping": "context",
                                        "secondGrouping": "netshotTargets"
                                    },
                                    "assignedToSetting": "all",
                                    "aggregate": true,
                                    "title": "Context by Target",
                                    "resource": "netshot_target_outputs",
                                    "chart": "bar",
                                    "widgetAlwaysExpanded": true
                                }
                            }
                        ],
                        "style": "col-lg-4"
                    }
                ],
                "wid": "0ba38df3-4660-4b0d-90c5-6276f1b6e303",
                "collapsible": false,
                "collapsibleIndex": 0,
                "_collapsed": false
            },
            {
                "columns": [
                    {
                        "widgets": [
                            {
                                "type": "grid",
                                "config": {
                                    "wid": "8c7fe006-2a3d-4eab-a9fb-205c3d8de517",
                                    "module": "netshot_target_outputs",
                                    "columns": [
                                        "timestamp",
                                        "status",
                                        "id",
                                        "netshotTargets",
                                        "netshotTargetOutputProfiles",
                                        "name",
                                        "context",
                                        "recordTags"
                                    ],
                                    "expandableCol": [
                                        {
                                            "openTab": false,
                                            "name": "sourceData"
                                        },
                                        {
                                            "openTab": false,
                                            "name": "normalizedData"
                                        }
                                    ],
                                    "relationshipField": [],
                                    "checkboxStatus": true,
                                    "editableFields": false,
                                    "actionButtons": [
                                        {
                                            "id": "\/api\/3\/workflows\/ba0641dd-1027-4faa-b7d2-87beead483cb",
                                            "name": "Normalize Data",
                                            "icon": "fa fa-files-o"
                                        }
                                    ],
                                    "query": {
                                        "sort": [
                                            {
                                                "direction": "DESC",
                                                "field": "timestamp",
                                                "_fieldTitle": "Timestamp",
                                                "_fieldName": "timestamp"
                                            },
                                            {
                                                "direction": "ASC",
                                                "field": "name",
                                                "_fieldTitle": "Name",
                                                "_fieldName": "name"
                                            }
                                        ],
                                        "limit": 30,
                                        "logic": "AND",
                                        "filters": []
                                    }
                                }
                            }
                        ],
                        "style": "col-lg-12"
                    }
                ],
                "wid": "d5339757-f3d8-4602-b54d-80bb9bd66353",
                "_collapsed": false
            }
        ],
        "wid": "ba13185a-d499-4972-b240-b0f7c0a25777",
        "metadata": {
            "customTemplateTitle": "Netshot Target Outputs",
            "originalTemplateTitle": "Netshot Target Outputs"
        }
    },
    "uuid": "modules-netshot_target_outputs-list"
}