{
    "@context": "\/api\/3\/contexts\/StagingModelMetadata",
    "@type": "StagingModelMetadata",
    "type": "netshot_target_outputs",
    "parentType": null,
    "tableName": "netshot_target_output",
    "ownable": false,
    "userOwnable": false,
    "queueable": false,
    "trackable": true,
    "taggable": true,
    "peerReplicable": false,
    "defaultSort": [
        {
            "direction": "DESC",
            "field": "timestamp"
        },
        {
            "direction": "ASC",
            "field": "orderPriority"
        },
        {
            "direction": "ASC",
            "field": "name"
        }
    ],
    "uniqueConstraint": [],
    "indexable": true,
    "writable": true,
    "attributes": [
        {
            "@id": "\/api\/3\/attribute_metadatas\/a947fc2a-9122-4a86-9f0d-18b30dcd86e9",
            "@type": "AttributeMetadata",
            "type": "integer",
            "name": "timestamp",
            "length": null,
            "orderIndex": 1,
            "formType": "datetime",
            "dataSource": null,
            "searchable": true,
            "peerReplicable": true,
            "system": false,
            "encrypted": false,
            "gridColumn": true,
            "collection": false,
            "inversedField": null,
            "ownsRelationship": false,
            "validation": {
                "required": false,
                "minlength": 0,
                "maxlength": 10485761,
                "_enableRange": false
            },
            "bulkAction": {
                "allow": false,
                "buttonText": "",
                "buttonIcon": "",
                "buttonClass": "btn btn-default btn-sm"
            },
            "dataSourceFilters": null,
            "defaultValue": null,
            "tooltip": null,
            "visibility": true,
            "htmlEscape": false,
            "orphanRemoval": null,
            "readable": true,
            "writeable": true,
            "identifier": null,
            "unique": false,
            "recommend": false,
            "skipSerialization": false,
            "uuid": "a947fc2a-9122-4a86-9f0d-18b30dcd86e9",
            "displayName": "{{ timestamp }}",
            "descriptions": {
                "singular": "Timestamp"
            }
        },
        {
            "@id": "\/api\/3\/attribute_metadatas\/90e53638-dd55-4788-9180-f158299268a4",
            "@type": "AttributeMetadata",
            "type": "netshot_targets",
            "name": "netshotTargets",
            "length": null,
            "orderIndex": 2,
            "formType": "lookup",
            "dataSource": {
                "model": "netshot_targets"
            },
            "searchable": false,
            "peerReplicable": true,
            "system": false,
            "encrypted": false,
            "gridColumn": false,
            "collection": false,
            "inversedField": "netshotTargetOutputs",
            "ownsRelationship": true,
            "validation": {
                "required": false,
                "minlength": 0,
                "maxlength": 10485761,
                "_enableRange": false
            },
            "bulkAction": [],
            "dataSourceFilters": null,
            "defaultValue": null,
            "tooltip": null,
            "visibility": true,
            "htmlEscape": false,
            "orphanRemoval": null,
            "readable": true,
            "writeable": true,
            "identifier": null,
            "unique": false,
            "recommend": false,
            "skipSerialization": false,
            "uuid": "90e53638-dd55-4788-9180-f158299268a4",
            "displayName": "{{ netshotTargets }}",
            "descriptions": {
                "singular": "Target"
            }
        },
        {
            "@id": "\/api\/3\/attribute_metadatas\/1a3a2227-e1a0-491c-ba74-58417aa9a451",
            "@type": "AttributeMetadata",
            "type": "string",
            "name": "name",
            "length": null,
            "orderIndex": 3,
            "formType": "text",
            "dataSource": null,
            "searchable": true,
            "peerReplicable": true,
            "system": false,
            "encrypted": false,
            "gridColumn": true,
            "collection": false,
            "inversedField": null,
            "ownsRelationship": false,
            "validation": {
                "required": false,
                "minlength": 0,
                "maxlength": 10485761,
                "_enableRange": false
            },
            "bulkAction": {
                "allow": false,
                "buttonText": "",
                "buttonIcon": "",
                "buttonClass": "btn btn-default btn-sm"
            },
            "dataSourceFilters": null,
            "defaultValue": "",
            "tooltip": null,
            "visibility": true,
            "htmlEscape": false,
            "orphanRemoval": null,
            "readable": true,
            "writeable": true,
            "identifier": null,
            "unique": false,
            "recommend": false,
            "skipSerialization": false,
            "uuid": "1a3a2227-e1a0-491c-ba74-58417aa9a451",
            "displayName": "{{ name }}",
            "descriptions": {
                "singular": "Name"
            }
        },
        {
            "@id": "\/api\/3\/attribute_metadatas\/dc0db315-2837-42cf-9d90-0344deea52a4",
            "@type": "AttributeMetadata",
            "type": "picklists",
            "name": "status",
            "length": null,
            "orderIndex": 4,
            "formType": "picklist",
            "dataSource": {
                "model": "picklists",
                "query": {
                    "logic": "AND",
                    "filters": [
                        {
                            "field": "listName__name",
                            "operator": "eq",
                            "value": "Netshot Output Report Status"
                        }
                    ],
                    "sort": [
                        {
                            "field": "orderIndex",
                            "direction": "ASC"
                        }
                    ]
                },
                "displayConditions": {
                    "8c8e3f80-e373-4068-9ee5-3935174290fa": {
                        "visibility": "visible",
                        "conditions": null
                    },
                    "27e6a838-db8e-4b96-b9f3-23878e57d148": {
                        "visibility": "visible",
                        "conditions": null
                    },
                    "6ce0660f-784b-4e50-b770-c2d9a8d058e8": {
                        "visibility": "visible",
                        "conditions": null
                    },
                    "2f63f907-d342-4ad6-9a77-68c654bba2d2": {
                        "visibility": "visible",
                        "conditions": null
                    },
                    "7c18340b-215d-4396-b052-623e4c085727": {
                        "visibility": "visible",
                        "conditions": null
                    },
                    "40982496-7c2f-4d6f-b0c0-bb998387821b": {
                        "visibility": "visible",
                        "conditions": null
                    },
                    "caf00cc5-ecf8-4342-982b-3a9bdf81115a": {
                        "visibility": "visible",
                        "conditions": null
                    },
                    "c415f593-9954-4a3f-a855-853be58d655d": {
                        "visibility": "visible",
                        "conditions": null
                    },
                    "1d7df35b-8b17-43b7-a4be-8ea6cb2ed9b4": {
                        "visibility": "visible",
                        "conditions": null
                    },
                    "fa525507-5356-4387-8a8e-fcbd0c132d3d": {
                        "visibility": "visible",
                        "conditions": null
                    }
                }
            },
            "searchable": false,
            "peerReplicable": true,
            "system": false,
            "encrypted": false,
            "gridColumn": true,
            "collection": false,
            "inversedField": null,
            "ownsRelationship": false,
            "validation": {
                "required": false,
                "minlength": 0,
                "maxlength": 10485761,
                "_enableRange": false
            },
            "bulkAction": {
                "allow": false,
                "buttonText": "",
                "buttonIcon": "",
                "buttonClass": "btn btn-default btn-sm"
            },
            "dataSourceFilters": null,
            "defaultValue": "\/api\/3\/picklists\/6ce0660f-784b-4e50-b770-c2d9a8d058e8",
            "tooltip": null,
            "visibility": true,
            "htmlEscape": false,
            "orphanRemoval": null,
            "readable": true,
            "writeable": true,
            "identifier": null,
            "unique": false,
            "recommend": false,
            "skipSerialization": false,
            "uuid": "dc0db315-2837-42cf-9d90-0344deea52a4",
            "displayName": "{{ status }}",
            "descriptions": {
                "singular": "Status"
            }
        },
        {
            "@id": "\/api\/3\/attribute_metadatas\/559516be-8c1a-428a-9f94-6b674aa1f61c",
            "@type": "AttributeMetadata",
            "type": "string",
            "name": "context",
            "length": null,
            "orderIndex": 5,
            "formType": "text",
            "dataSource": null,
            "searchable": true,
            "peerReplicable": true,
            "system": false,
            "encrypted": false,
            "gridColumn": false,
            "collection": false,
            "inversedField": null,
            "ownsRelationship": false,
            "validation": {
                "required": false,
                "minlength": 0,
                "maxlength": 10485761,
                "_enableRange": false
            },
            "bulkAction": {
                "allow": false,
                "buttonText": "",
                "buttonIcon": "",
                "buttonClass": "btn btn-default btn-sm"
            },
            "dataSourceFilters": null,
            "defaultValue": "",
            "tooltip": null,
            "visibility": true,
            "htmlEscape": false,
            "orphanRemoval": null,
            "readable": true,
            "writeable": true,
            "identifier": null,
            "unique": false,
            "recommend": false,
            "skipSerialization": false,
            "uuid": "559516be-8c1a-428a-9f94-6b674aa1f61c",
            "displayName": "{{ context }}",
            "descriptions": {
                "singular": "Context"
            }
        },
        {
            "@id": "\/api\/3\/attribute_metadatas\/9579b6e5-3218-4ac1-9879-8b94faf4a599",
            "@type": "AttributeMetadata",
            "type": "picklists",
            "name": "sourceDataType",
            "length": null,
            "orderIndex": 6,
            "formType": "picklist",
            "dataSource": {
                "model": "picklists",
                "query": {
                    "logic": "AND",
                    "filters": [
                        {
                            "field": "listName__name",
                            "operator": "eq",
                            "value": "Netshot Target Output Source Data Type"
                        }
                    ],
                    "sort": [
                        {
                            "field": "orderIndex",
                            "direction": "ASC"
                        }
                    ]
                },
                "displayConditions": {
                    "421e8f86-e6e9-4529-aff8-60ca4f199557": {
                        "visibility": "visible",
                        "conditions": null
                    },
                    "3a622a58-780e-4be4-8240-2f6768825acb": {
                        "visibility": "visible",
                        "conditions": null
                    },
                    "2849bde9-4ec0-4be0-9c42-33a546caa782": {
                        "visibility": "visible",
                        "conditions": null
                    },
                    "a078f0d9-bbad-48cb-9092-17dcaa2c3961": {
                        "visibility": "visible",
                        "conditions": null
                    }
                }
            },
            "searchable": false,
            "peerReplicable": true,
            "system": false,
            "encrypted": false,
            "gridColumn": true,
            "collection": false,
            "inversedField": null,
            "ownsRelationship": false,
            "validation": {
                "required": false,
                "minlength": 0,
                "maxlength": 10485761,
                "_enableRange": false
            },
            "bulkAction": {
                "allow": true,
                "buttonText": "",
                "buttonIcon": "",
                "buttonClass": "btn btn-default btn-sm"
            },
            "dataSourceFilters": null,
            "defaultValue": "\/api\/3\/picklists\/421e8f86-e6e9-4529-aff8-60ca4f199557",
            "tooltip": null,
            "visibility": true,
            "htmlEscape": false,
            "orphanRemoval": null,
            "readable": true,
            "writeable": true,
            "identifier": null,
            "unique": false,
            "recommend": false,
            "skipSerialization": false,
            "uuid": "9579b6e5-3218-4ac1-9879-8b94faf4a599",
            "displayName": "{{ sourceDataType }}",
            "descriptions": {
                "singular": "Source Data Type"
            }
        },
        {
            "@id": "\/api\/3\/attribute_metadatas\/83ad4233-3ac3-4b34-ab43-243e3f5f5a1f",
            "@type": "AttributeMetadata",
            "type": "boolean",
            "name": "latestRecordOfContext",
            "length": null,
            "orderIndex": 7,
            "formType": "checkbox",
            "dataSource": null,
            "searchable": true,
            "peerReplicable": true,
            "system": false,
            "encrypted": false,
            "gridColumn": true,
            "collection": false,
            "inversedField": null,
            "ownsRelationship": false,
            "validation": {
                "required": false,
                "minlength": 0,
                "maxlength": 10485761,
                "_enableRange": false
            },
            "bulkAction": {
                "allow": false,
                "buttonText": "",
                "buttonIcon": "",
                "buttonClass": "btn btn-default btn-sm"
            },
            "dataSourceFilters": null,
            "defaultValue": "",
            "tooltip": null,
            "visibility": true,
            "htmlEscape": false,
            "orphanRemoval": null,
            "readable": true,
            "writeable": true,
            "identifier": null,
            "unique": false,
            "recommend": false,
            "skipSerialization": false,
            "uuid": "83ad4233-3ac3-4b34-ab43-243e3f5f5a1f",
            "displayName": "{{ latestRecordOfContext }}",
            "descriptions": {
                "singular": "Latest Record of Context"
            }
        },
        {
            "@id": "\/api\/3\/attribute_metadatas\/801d3a09-f0f3-4956-949d-e8c6c7820f1b",
            "@type": "AttributeMetadata",
            "type": "string",
            "name": "sourceData",
            "length": null,
            "orderIndex": 8,
            "formType": "textarea",
            "dataSource": null,
            "searchable": true,
            "peerReplicable": true,
            "system": false,
            "encrypted": false,
            "gridColumn": false,
            "collection": false,
            "inversedField": null,
            "ownsRelationship": false,
            "validation": {
                "required": false,
                "minlength": 0,
                "maxlength": 10485761,
                "_enableRange": false
            },
            "bulkAction": {
                "allow": false,
                "buttonText": "",
                "buttonIcon": "",
                "buttonClass": "btn btn-default btn-sm"
            },
            "dataSourceFilters": null,
            "defaultValue": null,
            "tooltip": null,
            "visibility": true,
            "htmlEscape": false,
            "orphanRemoval": null,
            "readable": true,
            "writeable": true,
            "identifier": null,
            "unique": false,
            "recommend": false,
            "skipSerialization": false,
            "uuid": "801d3a09-f0f3-4956-949d-e8c6c7820f1b",
            "displayName": "{{ sourceData }}",
            "descriptions": {
                "singular": "Source Data"
            }
        },
        {
            "@id": "\/api\/3\/attribute_metadatas\/1908776d-a41c-430b-a1a0-1bcfc29b5f2f",
            "@type": "AttributeMetadata",
            "type": "netshot_target_output_profiles",
            "name": "netshotTargetOutputProfiles",
            "length": null,
            "orderIndex": 9,
            "formType": "lookup",
            "dataSource": {
                "model": "netshot_target_output_profiles"
            },
            "searchable": false,
            "peerReplicable": true,
            "system": false,
            "encrypted": false,
            "gridColumn": true,
            "collection": false,
            "inversedField": "netshotTargetOutputs",
            "ownsRelationship": true,
            "validation": {
                "required": false,
                "minlength": 0,
                "maxlength": 10485761,
                "_enableRange": false
            },
            "bulkAction": [],
            "dataSourceFilters": null,
            "defaultValue": null,
            "tooltip": null,
            "visibility": true,
            "htmlEscape": false,
            "orphanRemoval": null,
            "readable": true,
            "writeable": true,
            "identifier": null,
            "unique": false,
            "recommend": false,
            "skipSerialization": false,
            "uuid": "1908776d-a41c-430b-a1a0-1bcfc29b5f2f",
            "displayName": "{{ netshotTargetOutputProfiles }}",
            "descriptions": {
                "singular": "Output Profile"
            }
        },
        {
            "@id": "\/api\/3\/attribute_metadatas\/5125e542-b2f0-41b9-9a2d-0af25d336ba3",
            "@type": "AttributeMetadata",
            "type": "object",
            "name": "normalizedData",
            "length": null,
            "orderIndex": 10,
            "formType": "object",
            "dataSource": null,
            "searchable": false,
            "peerReplicable": true,
            "system": false,
            "encrypted": false,
            "gridColumn": false,
            "collection": false,
            "inversedField": null,
            "ownsRelationship": false,
            "validation": {
                "required": false,
                "minlength": 0,
                "maxlength": 10485761,
                "_enableRange": false
            },
            "bulkAction": {
                "allow": false,
                "buttonText": "",
                "buttonIcon": "",
                "buttonClass": "btn btn-default btn-sm"
            },
            "dataSourceFilters": null,
            "defaultValue": null,
            "tooltip": null,
            "visibility": true,
            "htmlEscape": false,
            "orphanRemoval": null,
            "readable": true,
            "writeable": true,
            "identifier": null,
            "unique": false,
            "recommend": false,
            "skipSerialization": false,
            "uuid": "5125e542-b2f0-41b9-9a2d-0af25d336ba3",
            "displayName": "{{ normalizedData }}",
            "descriptions": {
                "singular": "Normalized Data"
            }
        },
        {
            "@id": "\/api\/3\/attribute_metadatas\/be4ddb2f-0265-4cbb-b76a-da8a4f5d6361",
            "@type": "AttributeMetadata",
            "type": "netshot_output_reports",
            "name": "netshotOutputReports",
            "length": null,
            "orderIndex": 11,
            "formType": "manyToMany",
            "dataSource": {
                "model": "netshot_output_reports"
            },
            "searchable": false,
            "peerReplicable": true,
            "system": false,
            "encrypted": false,
            "gridColumn": false,
            "collection": true,
            "inversedField": "netshotTargetOutputs",
            "ownsRelationship": true,
            "validation": {
                "required": false,
                "minlength": 0,
                "maxlength": 10485761,
                "_enableRange": false
            },
            "bulkAction": [],
            "dataSourceFilters": null,
            "defaultValue": null,
            "tooltip": null,
            "visibility": true,
            "htmlEscape": false,
            "orphanRemoval": null,
            "readable": true,
            "writeable": true,
            "identifier": null,
            "unique": false,
            "recommend": false,
            "skipSerialization": false,
            "uuid": "be4ddb2f-0265-4cbb-b76a-da8a4f5d6361",
            "displayName": "{{ netshotOutputReports }}",
            "descriptions": {
                "singular": "Reports"
            }
        },
        {
            "@id": "\/api\/3\/attribute_metadatas\/81b74e41-3816-4ca7-b0a4-c1a2f9eb42ee",
            "@type": "AttributeMetadata",
            "type": "object",
            "name": "outputArgs",
            "length": null,
            "orderIndex": 12,
            "formType": "object",
            "dataSource": null,
            "searchable": false,
            "peerReplicable": true,
            "system": false,
            "encrypted": false,
            "gridColumn": false,
            "collection": false,
            "inversedField": null,
            "ownsRelationship": false,
            "validation": {
                "required": false,
                "minlength": 0,
                "maxlength": 10485761,
                "_enableRange": false
            },
            "bulkAction": {
                "allow": false,
                "buttonText": "",
                "buttonIcon": "",
                "buttonClass": "btn btn-default btn-sm"
            },
            "dataSourceFilters": null,
            "defaultValue": null,
            "tooltip": "Output Args are the parameters required to run the output request. If empty and an Output Profile exists we defer to the args from the profile.",
            "visibility": true,
            "htmlEscape": false,
            "orphanRemoval": null,
            "readable": true,
            "writeable": true,
            "identifier": null,
            "unique": false,
            "recommend": false,
            "skipSerialization": false,
            "uuid": "81b74e41-3816-4ca7-b0a4-c1a2f9eb42ee",
            "displayName": "{{ outputArgs }}",
            "descriptions": {
                "singular": "Output Args"
            }
        },
        {
            "@id": "\/api\/3\/attribute_metadatas\/2e2760a9-0f30-4bb2-931e-8b607705555f",
            "@type": "AttributeMetadata",
            "type": "picklists",
            "name": "outputMethod",
            "length": null,
            "orderIndex": 13,
            "formType": "picklist",
            "dataSource": {
                "model": "picklists",
                "query": {
                    "logic": "AND",
                    "filters": [
                        {
                            "field": "listName__name",
                            "operator": "eq",
                            "value": "Netshot Target Output Method"
                        }
                    ],
                    "sort": [
                        {
                            "field": "orderIndex",
                            "direction": "ASC"
                        }
                    ]
                },
                "displayConditions": {
                    "1f43579a-1490-4c06-b186-f947954b1bd4": {
                        "visibility": "visible",
                        "conditions": null
                    },
                    "ef912ba1-a87e-42c7-98a9-c2133d24c835": {
                        "visibility": "visible",
                        "conditions": null
                    },
                    "f822bb08-7185-4888-aad9-9c7e117d32d7": {
                        "visibility": "visible",
                        "conditions": null
                    },
                    "21060056-ba10-4cb1-9613-86d66f0db409": {
                        "visibility": "visible",
                        "conditions": null
                    },
                    "2f28db07-b4ea-4bcd-8859-1090ff48b013": {
                        "visibility": "visible",
                        "conditions": null
                    },
                    "19faaccd-9fea-4644-ad4c-9b78310d44be": {
                        "visibility": "visible",
                        "conditions": null
                    }
                }
            },
            "searchable": false,
            "peerReplicable": true,
            "system": false,
            "encrypted": false,
            "gridColumn": false,
            "collection": false,
            "inversedField": null,
            "ownsRelationship": false,
            "validation": {
                "required": false,
                "minlength": 0,
                "maxlength": 10485761,
                "_enableRange": false
            },
            "bulkAction": {
                "allow": false,
                "buttonText": "",
                "buttonIcon": "",
                "buttonClass": "btn btn-default btn-sm"
            },
            "dataSourceFilters": null,
            "defaultValue": null,
            "tooltip": "The output method is found in the profile, or if no profile was used the output record can specify the method.",
            "visibility": true,
            "htmlEscape": false,
            "orphanRemoval": null,
            "readable": true,
            "writeable": true,
            "identifier": null,
            "unique": false,
            "recommend": false,
            "skipSerialization": false,
            "uuid": "2e2760a9-0f30-4bb2-931e-8b607705555f",
            "displayName": "{{ outputMethod }}",
            "descriptions": {
                "singular": "Output Method"
            }
        },
        {
            "@id": "\/api\/3\/attribute_metadatas\/ac5e442f-29f1-42a0-a07e-e95a58b0ea92",
            "@type": "AttributeMetadata",
            "type": "integer",
            "name": "orderPriority",
            "length": null,
            "orderIndex": 14,
            "formType": "integer",
            "dataSource": null,
            "searchable": true,
            "peerReplicable": true,
            "system": false,
            "encrypted": false,
            "gridColumn": false,
            "collection": false,
            "inversedField": null,
            "ownsRelationship": false,
            "validation": {
                "required": false,
                "minlength": -2147483648,
                "maxlength": 10485761
            },
            "bulkAction": {
                "allow": false,
                "buttonText": "",
                "buttonIcon": "",
                "buttonClass": "btn btn-default btn-sm"
            },
            "dataSourceFilters": null,
            "defaultValue": "1",
            "tooltip": "Order to run this output",
            "visibility": true,
            "htmlEscape": false,
            "orphanRemoval": null,
            "readable": true,
            "writeable": true,
            "identifier": null,
            "unique": false,
            "recommend": false,
            "skipSerialization": false,
            "uuid": "ac5e442f-29f1-42a0-a07e-e95a58b0ea92",
            "displayName": "{{ orderPriority }}",
            "descriptions": {
                "singular": "Order Priority"
            }
        }
    ],
    "system": false,
    "module": "netshot_target_outputs",
    "softDeleteable": false,
    "archivable": false,
    "paused": false,
    "partitionBy": "modifyDate",
    "archivalCriteria": {
        "keep_primary_data_for": 24,
        "delete_primary_data_after": 60
    },
    "archivalFilters": [],
    "replicationFilters": [],
    "enableReplication": true,
    "displayName": "{{ name }} {{ context }}",
    "descriptions": {
        "singular": "Netshot Target Output",
        "plural": "Netshot Target Outputs"
    }
}