{
    "@type": "Workflow",
    "triggerLimit": null,
    "name": "> synch provisioning template script record to fmg adom",
    "aliasName": null,
    "tag": null,
    "description": "Perform all the steps to synch a provisioning script record to a fmg adom. Handles metadata fields, crate or updates the script, and append the script to the proper template group.",
    "isActive": true,
    "debug": false,
    "singleRecordExecution": false,
    "remoteExecutableFlag": false,
    "parameters": [
        "connector_config",
        "adom",
        "script_record_id",
        "template_group"
    ],
    "synchronous": false,
    "collection": "\/api\/3\/workflow_collections\/1d97873a-13f1-4b28-834a-ca24882614e2",
    "versions": [],
    "triggerStep": "\/api\/3\/workflow_steps\/99b7ae27-ab6a-4c59-901e-4e25f3e250ae",
    "steps": [
        {
            "@type": "WorkflowStep",
            "name": "create_cli_template_group",
            "description": null,
            "arguments": {
                "arguments": {
                    "adom": "{{vars.input.params.adom}}",
                    "group_name": "{{vars.input.params['template_group']}}",
                    "script_list": "[\"{{vars.steps.find_metafields[0].scriptName}}\"]",
                    "connector_config": "{{vars.input.params['connector_config']}}",
                    "group_description": "Created by FortiSOAR - Script ID {{vars.steps.find_metafields[0].id}}"
                },
                "apply_async": false,
                "step_variables": [],
                "pass_parent_env": false,
                "pass_input_record": false,
                "workflowReference": "\/api\/3\/workflows\/dedba7ab-4ec8-47ac-bfde-6bf251df4ddd"
            },
            "status": null,
            "top": "440",
            "left": "360",
            "stepType": "\/api\/3\/workflow_step_types\/74932bdc-b8b6-4d24-88c4-1a4dfbc524f3",
            "group": null,
            "uuid": "b16069aa-3430-4b30-9e1f-4b312748b965"
        },
        {
            "@type": "WorkflowStep",
            "name": "create_cli_template_script",
            "description": null,
            "arguments": {
                "arguments": {
                    "adom": "{{vars.input.params.adom}}",
                    "script_name": "{{vars.steps.find_metafields[0].scriptName}}",
                    "script_type": "{{vars.steps.find_metafields[0].scriptType.itemValue}}",
                    "script_contents": "{{vars.steps.find_metafields[0].script}}",
                    "connector_config": "{{vars.input.params['connector_config']}}",
                    "script_description": "Created by FortiSOAR - Latest Script ID {{vars.steps.find_metafields[0].id}}"
                },
                "apply_async": false,
                "step_variables": [],
                "pass_parent_env": false,
                "pass_input_record": false,
                "workflowReference": "\/api\/3\/workflows\/4891bf82-21f4-43cc-a55a-9bebf8079ef0"
            },
            "status": null,
            "top": "340",
            "left": "360",
            "stepType": "\/api\/3\/workflow_step_types\/74932bdc-b8b6-4d24-88c4-1a4dfbc524f3",
            "group": null,
            "uuid": "7921911c-a3de-4cd6-9fd2-03849a21a864"
        },
        {
            "@type": "WorkflowStep",
            "name": "create_template_group",
            "description": null,
            "arguments": {
                "arguments": {
                    "adom": "{{vars.input.params.adom}}",
                    "template_group": "{{vars.input.params['template_group']}}",
                    "connector_config": "{{vars.input.params['connector_config']}}",
                    "group_description": "Created by FortiSOAR - Latest Script ID {{vars.steps.find_metafields[0].id}}",
                    "cli_template_group": "{{vars.input.params['template_group']}}"
                },
                "apply_async": false,
                "step_variables": [],
                "pass_parent_env": false,
                "pass_input_record": false,
                "workflowReference": "\/api\/3\/workflows\/dd18761d-ee07-4236-8cbf-32298bf186ea"
            },
            "status": null,
            "top": "540",
            "left": "360",
            "stepType": "\/api\/3\/workflow_step_types\/74932bdc-b8b6-4d24-88c4-1a4dfbc524f3",
            "group": null,
            "uuid": "52f5235a-f732-450c-9386-b4db867d544c"
        },
        {
            "@type": "WorkflowStep",
            "name": "extract_metafield_records",
            "description": null,
            "arguments": {
                "metafield_records": "{{vars.steps.find_metafields[0].metafieldTemplates|json_query('[].[orderPriority,id,name,metafieldTemplate]')|sort(reverse=false)}}"
            },
            "status": null,
            "top": "140",
            "left": "360",
            "stepType": "\/api\/3\/workflow_step_types\/04d0cf46-b6a8-42c4-8683-60a7eaa69e8f",
            "group": null,
            "uuid": "1c3af7e3-a89e-4efd-8e64-0f07c1bc449e"
        },
        {
            "@type": "WorkflowStep",
            "name": "find_metafields",
            "description": null,
            "arguments": {
                "query": {
                    "sort": [],
                    "limit": 30,
                    "logic": "AND",
                    "filters": [
                        {
                            "type": "primitive",
                            "field": "id",
                            "value": "{{vars.input.params['script_record_id']}}",
                            "operator": "eq",
                            "_operator": "eq"
                        }
                    ]
                },
                "module": "scripts?$limit=1&$relationships=true&$fsr_max_relation_count=1000",
                "checkboxFields": false,
                "step_variables": []
            },
            "status": null,
            "top": "40",
            "left": "360",
            "stepType": "\/api\/3\/workflow_step_types\/b593663d-7d13-40ce-a3a3-96dece928770",
            "group": null,
            "uuid": "a975673f-8805-4704-87a4-fae68affb3b1"
        },
        {
            "@type": "WorkflowStep",
            "name": "Start",
            "description": null,
            "arguments": {
                "step_variables": {
                    "input": {
                        "params": []
                    }
                }
            },
            "status": null,
            "top": "40",
            "left": "40",
            "stepType": "\/api\/3\/workflow_step_types\/b348f017-9a94-471f-87f8-ce88b6a7ad62",
            "group": null,
            "uuid": "99b7ae27-ab6a-4c59-901e-4e25f3e250ae"
        },
        {
            "@type": "WorkflowStep",
            "name": "synch_fmg_variables",
            "description": null,
            "arguments": {
                "for_each": {
                    "item": "{{vars.metafield_records}}",
                    "parallel": false,
                    "condition": ""
                },
                "arguments": {
                    "adom": "{{vars.input.params.adom}}",
                    "connector_config": "{{vars.input.params['connector_config']}}",
                    "metadata_record_id": "{{vars.item[1]}}"
                },
                "apply_async": false,
                "step_variables": [],
                "pass_parent_env": false,
                "pass_input_record": false,
                "workflowReference": "\/api\/3\/workflows\/c6602d88-64c5-4689-8101-bf9e3db890a6"
            },
            "status": null,
            "top": "240",
            "left": "360",
            "stepType": "\/api\/3\/workflow_step_types\/74932bdc-b8b6-4d24-88c4-1a4dfbc524f3",
            "group": null,
            "uuid": "ef16041e-7723-4248-832b-8ba00470b599"
        }
    ],
    "routes": [
        {
            "@type": "WorkflowRoute",
            "name": "create_cli_template_group -> create_template_group",
            "targetStep": "\/api\/3\/workflow_steps\/52f5235a-f732-450c-9386-b4db867d544c",
            "sourceStep": "\/api\/3\/workflow_steps\/b16069aa-3430-4b30-9e1f-4b312748b965",
            "label": null,
            "isExecuted": false,
            "group": null,
            "uuid": "b40e2c9d-f0da-4aa1-8852-e76ad1587e40"
        },
        {
            "@type": "WorkflowRoute",
            "name": "create_cli_template_script -> create_fmg_script_group",
            "targetStep": "\/api\/3\/workflow_steps\/b16069aa-3430-4b30-9e1f-4b312748b965",
            "sourceStep": "\/api\/3\/workflow_steps\/7921911c-a3de-4cd6-9fd2-03849a21a864",
            "label": null,
            "isExecuted": false,
            "group": null,
            "uuid": "cafec8d3-e004-4010-836b-ef1464cc8974"
        },
        {
            "@type": "WorkflowRoute",
            "name": "extract_metafield_records -> synch_fmg_variables",
            "targetStep": "\/api\/3\/workflow_steps\/ef16041e-7723-4248-832b-8ba00470b599",
            "sourceStep": "\/api\/3\/workflow_steps\/1c3af7e3-a89e-4efd-8e64-0f07c1bc449e",
            "label": null,
            "isExecuted": false,
            "group": null,
            "uuid": "15d1cfa1-e17d-4947-b6c5-b80a699824b4"
        },
        {
            "@type": "WorkflowRoute",
            "name": "find_metafields -> extract_metafield_records",
            "targetStep": "\/api\/3\/workflow_steps\/1c3af7e3-a89e-4efd-8e64-0f07c1bc449e",
            "sourceStep": "\/api\/3\/workflow_steps\/a975673f-8805-4704-87a4-fae68affb3b1",
            "label": null,
            "isExecuted": false,
            "group": null,
            "uuid": "5f3a6f2a-30e8-4e06-9215-50aa657e989b"
        },
        {
            "@type": "WorkflowRoute",
            "name": "Start -> find_metafields",
            "targetStep": "\/api\/3\/workflow_steps\/a975673f-8805-4704-87a4-fae68affb3b1",
            "sourceStep": "\/api\/3\/workflow_steps\/99b7ae27-ab6a-4c59-901e-4e25f3e250ae",
            "label": null,
            "isExecuted": false,
            "group": null,
            "uuid": "34141136-8f4a-4dcd-a5fc-bd742f49577d"
        },
        {
            "@type": "WorkflowRoute",
            "name": "synch_fmg_variables -> create_cli_template_script",
            "targetStep": "\/api\/3\/workflow_steps\/7921911c-a3de-4cd6-9fd2-03849a21a864",
            "sourceStep": "\/api\/3\/workflow_steps\/ef16041e-7723-4248-832b-8ba00470b599",
            "label": null,
            "isExecuted": false,
            "group": null,
            "uuid": "4a1ead2d-2557-42f1-a9bd-03569f4883a1"
        }
    ],
    "groups": [],
    "priority": "\/api\/3\/picklists\/2b563c61-ae2c-41c0-a85a-c9709585e3f2",
    "playbookOrigin": "\/api\/3\/picklists\/b6d710a9-a8ec-41ec-8817-fe9fa062fcdd",
    "isEditable": false,
    "uuid": "4650c73a-056c-49b9-aca0-a5cd7d9b9b18",
    "owners": [],
    "isPrivate": false,
    "deletedAt": null,
    "recordTags": [
        "Subroutine"
    ]
}