{
    "@type": "Workflow",
    "triggerLimit": null,
    "name": "> synch fmg system - by manager",
    "aliasName": null,
    "tag": null,
    "description": "Synchronize all Devices between FortiSOAR and FortiManager",
    "isActive": true,
    "debug": false,
    "singleRecordExecution": false,
    "remoteExecutableFlag": false,
    "parameters": [
        "connector_config"
    ],
    "synchronous": false,
    "collection": "\/api\/3\/workflow_collections\/1d97873a-13f1-4b28-834a-ca24882614e2",
    "versions": [],
    "triggerStep": "\/api\/3\/workflow_steps\/641fc38b-f3e6-4bf4-90bc-5cb697f0ba34",
    "steps": [
        {
            "@type": "WorkflowStep",
            "name": "get_fmg_system",
            "description": null,
            "arguments": {
                "arguments": {
                    "connector_config": "{{vars.input.params['connector_config']}}"
                },
                "apply_async": false,
                "step_variables": [],
                "pass_parent_env": false,
                "pass_input_record": false,
                "workflowReference": "\/api\/3\/workflows\/59c50602-c544-4ebf-b675-d3f5a203b78b"
            },
            "status": null,
            "top": "40",
            "left": "420",
            "stepType": "\/api\/3\/workflow_step_types\/74932bdc-b8b6-4d24-88c4-1a4dfbc524f3",
            "group": null,
            "uuid": "24a06a61-2358-4068-af64-5596752a8362"
        },
        {
            "@type": "WorkflowStep",
            "name": "Start",
            "description": null,
            "arguments": {
                "step_variables": {
                    "input": {
                        "params": []
                    }
                }
            },
            "status": null,
            "top": "40",
            "left": "40",
            "stepType": "\/api\/3\/workflow_step_types\/b348f017-9a94-471f-87f8-ce88b6a7ad62",
            "group": null,
            "uuid": "641fc38b-f3e6-4bf4-90bc-5cb697f0ba34"
        },
        {
            "@type": "WorkflowStep",
            "name": "update_record",
            "description": null,
            "arguments": {
                "arguments": {
                    "manager_data": "{{vars.steps.get_fmg_system.output}}",
                    "manager_name": "{{vars.input.params['connector_config']}}"
                },
                "apply_async": false,
                "step_variables": [],
                "pass_parent_env": false,
                "pass_input_record": false,
                "workflowReference": "\/api\/3\/workflows\/eee9fe36-f427-4c65-b745-6188c3e63e24"
            },
            "status": null,
            "top": "160",
            "left": "420",
            "stepType": "\/api\/3\/workflow_step_types\/74932bdc-b8b6-4d24-88c4-1a4dfbc524f3",
            "group": null,
            "uuid": "17de91aa-cb18-46d5-93d0-e1dd29021564"
        }
    ],
    "routes": [
        {
            "@type": "WorkflowRoute",
            "name": "get_fmg_system -> update_record",
            "targetStep": "\/api\/3\/workflow_steps\/17de91aa-cb18-46d5-93d0-e1dd29021564",
            "sourceStep": "\/api\/3\/workflow_steps\/24a06a61-2358-4068-af64-5596752a8362",
            "label": null,
            "isExecuted": false,
            "group": null,
            "uuid": "a8dccd03-0fee-4b66-9f9c-38c1bede4ed1"
        },
        {
            "@type": "WorkflowRoute",
            "name": "Start -> get_fmg_system",
            "targetStep": "\/api\/3\/workflow_steps\/24a06a61-2358-4068-af64-5596752a8362",
            "sourceStep": "\/api\/3\/workflow_steps\/641fc38b-f3e6-4bf4-90bc-5cb697f0ba34",
            "label": null,
            "isExecuted": false,
            "group": null,
            "uuid": "67a0d97d-fcc8-4053-bd01-89f9ebe4e924"
        }
    ],
    "groups": [],
    "priority": "\/api\/3\/picklists\/2b563c61-ae2c-41c0-a85a-c9709585e3f2",
    "playbookOrigin": "\/api\/3\/picklists\/b6d710a9-a8ec-41ec-8817-fe9fa062fcdd",
    "isEditable": false,
    "uuid": "b165d6ba-da8e-47ce-88f6-65b24ae5fc53",
    "owners": [],
    "isPrivate": false,
    "deletedAt": null,
    "recordTags": [
        "connector_config",
        "Subroutine"
    ]
}