{
    "@type": "Workflow",
    "triggerLimit": null,
    "name": "> synch fmg device groups to device records - by adom",
    "aliasName": null,
    "tag": null,
    "description": "Synchronize FortiManager Device Groups to FortiSOAR by Device.",
    "isActive": true,
    "debug": false,
    "singleRecordExecution": false,
    "remoteExecutableFlag": false,
    "parameters": [
        "connector_config",
        "adom"
    ],
    "synchronous": false,
    "collection": "\/api\/3\/workflow_collections\/1d97873a-13f1-4b28-834a-ca24882614e2",
    "versions": [],
    "triggerStep": "\/api\/3\/workflow_steps\/2632133b-2bcd-4dd3-8a7f-f2abb2a8fac0",
    "steps": [
        {
            "@type": "WorkflowStep",
            "name": "extract_fmg_data",
            "description": null,
            "arguments": {
                "fmg_data": "{%- set table = [] -%}\n{%- set exclude = [\"All_FortiGate\"] -%}\n{%- for v in vars.steps.get_device_groups.output -%}\n  {%- set device = {} -%}\n  {%- set groups = [] -%}\n  {%- for g in vars.steps.get_device_groups.output[v] -%}\n    {%- if g not in exclude -%}\n      {%- set _do = groups.append(g) -%}\n    {%- endif -%}\n  {%- endfor -%}\n  {%- set dev,vdom = v.split(\":\") -%}\n  {%- set _do = device.update({\n    \"name\":dev,\n    \"vdom\":vdom,\n    \"groups\":groups\n  }) -%}\n  {%- set _do = table.append(device) -%}\n{% endfor -%}\n{{table}}"
            },
            "status": null,
            "top": "220",
            "left": "360",
            "stepType": "\/api\/3\/workflow_step_types\/04d0cf46-b6a8-42c4-8683-60a7eaa69e8f",
            "group": null,
            "uuid": "8108e92a-7fc8-43d3-ac70-68eb388a45d9"
        },
        {
            "@type": "WorkflowStep",
            "name": "extract_records_found",
            "description": null,
            "arguments": {
                "record_index": "{%- set reclist = [] -%}\n{%- set i = namespace(x=0) -%}\n{%- for record in vars.steps.find_records -%}\n  {%- if record|length > 0 -%}\n    {%- set dev = {} -%}  \n    {%- set groups = vars.fmg_data[i.x].groups -%}\n    {%- if groups|length == 0 -%}\n      {%- set group_string = \"\" -%}\n    {%- else -%}\n      {%- set group_string = groups|join(\",\") -%}\n    {%- endif -%}\n    {%- set _do = dev.update({\n      \"iri\": record[0]['@id'],\n      \"name\":vars.fmg_data[i.x].name,\n      \"vdom\":vars.fmg_data[i.x].vdom,\n      \"groups\":vars.fmg_data[i.x].groups,\n      \"group_string\":group_string\n    })\n    -%}\n    {% set i.x = i.x+1 -%}\n    {%- set _do = reclist.append(dev) -%}\n  {%- endif -%}\n{% endfor -%}\n{{reclist}}"
            },
            "status": null,
            "top": "460",
            "left": "360",
            "stepType": "\/api\/3\/workflow_step_types\/04d0cf46-b6a8-42c4-8683-60a7eaa69e8f",
            "group": null,
            "uuid": "277554a7-6e48-4bf1-bfe8-046fbdc9f242"
        },
        {
            "@type": "WorkflowStep",
            "name": "find_records",
            "description": null,
            "arguments": {
                "query": {
                    "sort": [],
                    "limit": 30,
                    "logic": "AND",
                    "filters": [
                        {
                            "type": "primitive",
                            "field": "connectorConfig",
                            "value": "{{vars.input.params['connector_config']}}",
                            "operator": "eq",
                            "_operator": "eq"
                        },
                        {
                            "type": "primitive",
                            "field": "deviceName",
                            "value": "{{vars.item['name']}}",
                            "operator": "eq",
                            "_operator": "eq"
                        }
                    ],
                    "__selectFields": [
                        "id",
                        "deviceName",
                        "vDOM"
                    ]
                },
                "module": "devices?$limit=5000",
                "for_each": {
                    "item": "{{vars.fmg_data}}",
                    "parallel": false,
                    "condition": ""
                },
                "checkboxFields": true,
                "step_variables": []
            },
            "status": null,
            "top": "340",
            "left": "360",
            "stepType": "\/api\/3\/workflow_step_types\/b593663d-7d13-40ce-a3a3-96dece928770",
            "group": null,
            "uuid": "38cfb453-1153-42ef-ba0e-23faa9f54e76"
        },
        {
            "@type": "WorkflowStep",
            "name": "get_device_groups",
            "description": null,
            "arguments": {
                "arguments": {
                    "adom": "{{vars.input.params.adom}}",
                    "connector_config": "{{vars.input.params['connector_config']}}"
                },
                "apply_async": false,
                "step_variables": [],
                "pass_parent_env": false,
                "pass_input_record": false,
                "workflowReference": "\/api\/3\/workflows\/2381a573-bbf1-48c4-8af3-fac2d47b409d"
            },
            "status": null,
            "top": "100",
            "left": "360",
            "stepType": "\/api\/3\/workflow_step_types\/74932bdc-b8b6-4d24-88c4-1a4dfbc524f3",
            "group": null,
            "uuid": "2681793c-d5b6-4aed-b627-32321acfd6d1"
        },
        {
            "@type": "WorkflowStep",
            "name": "return_results",
            "description": null,
            "arguments": {
                "params": "{{vars.input.params}}"
            },
            "status": null,
            "top": "200",
            "left": "40",
            "stepType": "\/api\/3\/workflow_step_types\/04d0cf46-b6a8-42c4-8683-60a7eaa69e8f",
            "group": null,
            "uuid": "34a8ecca-fe34-4710-b083-fb6ccfaa2edd"
        },
        {
            "@type": "WorkflowStep",
            "name": "Start",
            "description": null,
            "arguments": {
                "step_variables": {
                    "input": {
                        "params": []
                    }
                }
            },
            "status": null,
            "top": "100",
            "left": "40",
            "stepType": "\/api\/3\/workflow_step_types\/b348f017-9a94-471f-87f8-ce88b6a7ad62",
            "group": null,
            "uuid": "2632133b-2bcd-4dd3-8a7f-f2abb2a8fac0"
        },
        {
            "@type": "WorkflowStep",
            "name": "update_device_records",
            "description": null,
            "arguments": {
                "for_each": {
                    "item": "{{vars.record_index}}",
                    "__bulk": true,
                    "parallel": false,
                    "condition": "",
                    "batch_size": 100
                },
                "resource": {
                    "deviceGroups": "{{vars.item.group_string}}"
                },
                "operation": "Append",
                "collection": "{{vars.item.iri}}",
                "__recommend": [],
                "collectionType": "\/api\/3\/devices",
                "fieldOperation": {
                    "recordTags": "Append"
                },
                "step_variables": []
            },
            "status": null,
            "top": "580",
            "left": "360",
            "stepType": "\/api\/3\/workflow_step_types\/b593663d-7d13-40ce-a3a3-96dece928722",
            "group": null,
            "uuid": "32f29bcf-93c8-4216-a036-0d7f79134520"
        }
    ],
    "routes": [
        {
            "@type": "WorkflowRoute",
            "name": "extract_fmg_var_data -> find_records_with_fmg_vars",
            "targetStep": "\/api\/3\/workflow_steps\/38cfb453-1153-42ef-ba0e-23faa9f54e76",
            "sourceStep": "\/api\/3\/workflow_steps\/8108e92a-7fc8-43d3-ac70-68eb388a45d9",
            "label": null,
            "isExecuted": false,
            "group": null,
            "uuid": "7652fb8f-fba3-4bb3-86a2-84602627b3ac"
        },
        {
            "@type": "WorkflowRoute",
            "name": "extract_records_found -> update_device_records",
            "targetStep": "\/api\/3\/workflow_steps\/32f29bcf-93c8-4216-a036-0d7f79134520",
            "sourceStep": "\/api\/3\/workflow_steps\/277554a7-6e48-4bf1-bfe8-046fbdc9f242",
            "label": null,
            "isExecuted": false,
            "group": null,
            "uuid": "b8066d28-1249-44d2-bc0f-51068a7ad4bd"
        },
        {
            "@type": "WorkflowRoute",
            "name": "find_records_with_fmg_vars -> extract_records_found",
            "targetStep": "\/api\/3\/workflow_steps\/277554a7-6e48-4bf1-bfe8-046fbdc9f242",
            "sourceStep": "\/api\/3\/workflow_steps\/38cfb453-1153-42ef-ba0e-23faa9f54e76",
            "label": null,
            "isExecuted": false,
            "group": null,
            "uuid": "ecdf0725-96c6-4157-9253-e12b7301edfe"
        },
        {
            "@type": "WorkflowRoute",
            "name": "get_fmg_variables -> extract_fmg_var_data_test",
            "targetStep": "\/api\/3\/workflow_steps\/8108e92a-7fc8-43d3-ac70-68eb388a45d9",
            "sourceStep": "\/api\/3\/workflow_steps\/2681793c-d5b6-4aed-b627-32321acfd6d1",
            "label": null,
            "isExecuted": false,
            "group": null,
            "uuid": "de6b8fec-e5e2-4e35-9607-6932cee2546f"
        },
        {
            "@type": "WorkflowRoute",
            "name": "Start -> get_fmg_variables",
            "targetStep": "\/api\/3\/workflow_steps\/2681793c-d5b6-4aed-b627-32321acfd6d1",
            "sourceStep": "\/api\/3\/workflow_steps\/2632133b-2bcd-4dd3-8a7f-f2abb2a8fac0",
            "label": null,
            "isExecuted": false,
            "group": null,
            "uuid": "5a7cc091-62dd-4198-b5b0-0fbb881ad2d3"
        },
        {
            "@type": "WorkflowRoute",
            "name": "update_device_records -> return_results",
            "targetStep": "\/api\/3\/workflow_steps\/34a8ecca-fe34-4710-b083-fb6ccfaa2edd",
            "sourceStep": "\/api\/3\/workflow_steps\/32f29bcf-93c8-4216-a036-0d7f79134520",
            "label": null,
            "isExecuted": false,
            "group": null,
            "uuid": "c5243d2a-5ca2-4cc4-92b7-929ba09b48e6"
        }
    ],
    "groups": [],
    "priority": "\/api\/3\/picklists\/2b563c61-ae2c-41c0-a85a-c9709585e3f2",
    "playbookOrigin": "\/api\/3\/picklists\/b6d710a9-a8ec-41ec-8817-fe9fa062fcdd",
    "isEditable": false,
    "uuid": "2d4f8db1-3d21-4bd2-9fc6-bdab196c8d65",
    "owners": [],
    "isPrivate": false,
    "deletedAt": null,
    "recordTags": [
        "connector_config",
        "device_name",
        "Subroutine"
    ]
}