{
    "@type": "Workflow",
    "triggerLimit": null,
    "name": "> synch fmg device db - by device",
    "aliasName": null,
    "tag": null,
    "description": "Synchronize all Devices between FortiSOAR and FortiManager",
    "isActive": true,
    "debug": false,
    "singleRecordExecution": false,
    "remoteExecutableFlag": false,
    "parameters": [
        "connector_config",
        "device_name"
    ],
    "synchronous": false,
    "collection": "\/api\/3\/workflow_collections\/1d97873a-13f1-4b28-834a-ca24882614e2",
    "versions": [],
    "triggerStep": "\/api\/3\/workflow_steps\/eed7484e-2c26-46b1-bbf7-9748adb2b0af",
    "steps": [
        {
            "@type": "WorkflowStep",
            "name": "create_update_records",
            "description": null,
            "arguments": {
                "arguments": {
                    "device_data": "{{vars.steps.get_fmg_device_by_name.output}}",
                    "connector_config": "{{vars.input.params['connector_config']}}"
                },
                "apply_async": false,
                "step_variables": [],
                "pass_parent_env": false,
                "pass_input_record": false,
                "workflowReference": "\/api\/3\/workflows\/ebc8f7f4-231a-4826-bb06-7f91d2a1cd4f"
            },
            "status": null,
            "top": "160",
            "left": "40",
            "stepType": "\/api\/3\/workflow_step_types\/74932bdc-b8b6-4d24-88c4-1a4dfbc524f3",
            "group": null,
            "uuid": "576fa631-3519-436c-9879-f477dfb2cb60"
        },
        {
            "@type": "WorkflowStep",
            "name": "get_fmg_device_by_name",
            "description": null,
            "arguments": {
                "arguments": {
                    "device_name": "{{vars.input.params['device_name']}}",
                    "connector_config": "{{vars.input.params['connector_config']}}"
                },
                "apply_async": false,
                "step_variables": [],
                "pass_parent_env": false,
                "pass_input_record": false,
                "workflowReference": "\/api\/3\/workflows\/8605d3e3-3442-41f0-802b-31e786eb3b8d"
            },
            "status": null,
            "top": "100",
            "left": "360",
            "stepType": "\/api\/3\/workflow_step_types\/74932bdc-b8b6-4d24-88c4-1a4dfbc524f3",
            "group": null,
            "uuid": "66e00d18-ede1-4b07-98c4-952174cf77e4"
        },
        {
            "@type": "WorkflowStep",
            "name": "Start",
            "description": null,
            "arguments": {
                "step_variables": {
                    "input": {
                        "params": []
                    }
                }
            },
            "status": null,
            "top": "40",
            "left": "40",
            "stepType": "\/api\/3\/workflow_step_types\/b348f017-9a94-471f-87f8-ce88b6a7ad62",
            "group": null,
            "uuid": "eed7484e-2c26-46b1-bbf7-9748adb2b0af"
        }
    ],
    "routes": [
        {
            "@type": "WorkflowRoute",
            "name": "get_device_db -> create_update_records",
            "targetStep": "\/api\/3\/workflow_steps\/576fa631-3519-436c-9879-f477dfb2cb60",
            "sourceStep": "\/api\/3\/workflow_steps\/66e00d18-ede1-4b07-98c4-952174cf77e4",
            "label": null,
            "isExecuted": false,
            "group": null,
            "uuid": "a0140556-351c-4c89-ba49-2582229d9111"
        },
        {
            "@type": "WorkflowRoute",
            "name": "Start -> get_fmg_devices",
            "targetStep": "\/api\/3\/workflow_steps\/66e00d18-ede1-4b07-98c4-952174cf77e4",
            "sourceStep": "\/api\/3\/workflow_steps\/eed7484e-2c26-46b1-bbf7-9748adb2b0af",
            "label": null,
            "isExecuted": false,
            "group": null,
            "uuid": "b80a1549-0f71-4f30-bc89-5b4eae53c6a5"
        }
    ],
    "groups": [],
    "priority": "\/api\/3\/picklists\/2b563c61-ae2c-41c0-a85a-c9709585e3f2",
    "playbookOrigin": "\/api\/3\/picklists\/b6d710a9-a8ec-41ec-8817-fe9fa062fcdd",
    "isEditable": false,
    "uuid": "7785b049-a481-4c37-b7b9-8e2ebe68d363",
    "owners": [],
    "isPrivate": false,
    "deletedAt": null,
    "recordTags": [
        "connector_config",
        "device_name",
        "Subroutine"
    ]
}