{
    "@type": "Workflow",
    "triggerLimit": null,
    "name": "> synch record metadata to fmg adom variables - by device",
    "aliasName": null,
    "tag": null,
    "description": "Synchronize metadata from FortiSOAR to FortiManager by Device.",
    "isActive": true,
    "debug": false,
    "singleRecordExecution": false,
    "remoteExecutableFlag": false,
    "parameters": [
        "device_name",
        "connector_config"
    ],
    "synchronous": false,
    "collection": "\/api\/3\/workflow_collections\/1d97873a-13f1-4b28-834a-ca24882614e2",
    "versions": [],
    "triggerStep": "\/api\/3\/workflow_steps\/876f3fe7-a1b3-4083-8f29-9dd0ecb9c45c",
    "steps": [
        {
            "@type": "WorkflowStep",
            "name": "create_fmg_variables",
            "description": null,
            "arguments": {
                "for_each": {
                    "item": "{{vars.missing_variables}}",
                    "parallel": false,
                    "condition": ""
                },
                "arguments": {
                    "adom": "{{vars.steps.find_device[0].aDOM}}",
                    "value": "",
                    "variable": "{{vars.item}}",
                    "description": "Created via FortiSOAR from Device Record",
                    "connector_config": "{{vars.steps.find_device[0].connectorConfig}}"
                },
                "apply_async": false,
                "ignore_errors": false,
                "step_variables": [],
                "pass_parent_env": false,
                "pass_input_record": false,
                "workflowReference": "\/api\/3\/workflows\/4afb7b1a-f01f-4df2-97c9-01331d662739"
            },
            "status": null,
            "top": "660",
            "left": "40",
            "stepType": "\/api\/3\/workflow_step_types\/74932bdc-b8b6-4d24-88c4-1a4dfbc524f3",
            "group": null,
            "uuid": "817c0ca7-8bc8-4ee7-a8bd-ccfdd9c704d0"
        },
        {
            "@type": "WorkflowStep",
            "name": "extract_fmg_fsr_variables",
            "description": null,
            "arguments": {
                "fmg_data": "{{vars.steps.get_adom_variables.output}}",
                "fsr_metadata": "{{vars.steps.find_device[0].deviceMetadata}}",
                "fsr_data_test": "{{vars.steps.find_device[0]}}"
            },
            "status": null,
            "top": "300",
            "left": "680",
            "stepType": "\/api\/3\/workflow_step_types\/04d0cf46-b6a8-42c4-8683-60a7eaa69e8f",
            "group": null,
            "uuid": "807ef480-858e-4018-a990-3ad7596c10fd"
        },
        {
            "@type": "WorkflowStep",
            "name": "find_device",
            "description": null,
            "arguments": {
                "query": {
                    "sort": [],
                    "limit": 30,
                    "logic": "AND",
                    "filters": [
                        {
                            "type": "primitive",
                            "field": "connectorConfig",
                            "value": "{{vars.input.params['connector_config']}}",
                            "operator": "eq",
                            "_operator": "eq"
                        },
                        {
                            "type": "primitive",
                            "field": "deviceName",
                            "value": "{{vars.input.params['device_name']}}",
                            "operator": "eq",
                            "_operator": "eq"
                        }
                    ],
                    "__selectFields": [
                        "connectorConfig",
                        "deviceName",
                        "aDOM",
                        "vDOM",
                        "deviceMetadata",
                        "sourceData"
                    ]
                },
                "module": "devices?$limit=1",
                "checkboxFields": true,
                "step_variables": {
                    "device_source_data": "{{vars.steps.find_device[0].sourceData}}"
                }
            },
            "status": null,
            "top": "100",
            "left": "680",
            "stepType": "\/api\/3\/workflow_step_types\/b593663d-7d13-40ce-a3a3-96dece928770",
            "group": null,
            "uuid": "d235ad16-da0e-4da4-95c0-e7b908176ea4"
        },
        {
            "@type": "WorkflowStep",
            "name": "find_variables_missing_fmg",
            "description": null,
            "arguments": {
                "missing_variables": "{%- set missing = [] -%}\n{%- for v in vars.fsr_metadata -%}\n{%- if vars.fmg_data|json_query('[?name == `{}`]'.format(v))|length == 0 -%}\n  {%- set _do = missing.append(v) -%}\n{%- endif -%}\n{% endfor -%}\n{{missing}}"
            },
            "status": null,
            "top": "400",
            "left": "680",
            "stepType": "\/api\/3\/workflow_step_types\/04d0cf46-b6a8-42c4-8683-60a7eaa69e8f",
            "group": null,
            "uuid": "c748e704-531c-46fd-b9de-978c49995239"
        },
        {
            "@type": "WorkflowStep",
            "name": "get_adom_variables",
            "description": null,
            "arguments": {
                "arguments": {
                    "adom": "{{vars.steps.find_device[0].aDOM}}",
                    "connector_config": "{{vars.steps.find_device[0].connectorConfig}}"
                },
                "apply_async": false,
                "step_variables": [],
                "pass_parent_env": false,
                "pass_input_record": false,
                "workflowReference": "\/api\/3\/workflows\/9cdcb682-ed5b-4aab-bd5b-6559495862a4"
            },
            "status": null,
            "top": "200",
            "left": "680",
            "stepType": "\/api\/3\/workflow_step_types\/74932bdc-b8b6-4d24-88c4-1a4dfbc524f3",
            "group": null,
            "uuid": "41e2c165-842b-4318-b726-2cd4aac1d68f"
        },
        {
            "@type": "WorkflowStep",
            "name": "missing_vars_found",
            "description": null,
            "arguments": {
                "conditions": [
                    {
                        "option": "Yes",
                        "step_iri": "\/api\/3\/workflow_steps\/817c0ca7-8bc8-4ee7-a8bd-ccfdd9c704d0",
                        "condition": "{{ vars.missing_variables|length > 0 }}",
                        "step_name": "create_fmg_variables"
                    },
                    {
                        "option": "No",
                        "default": true,
                        "step_iri": "\/api\/3\/workflow_steps\/1ef6eff8-8ca6-4df5-9e86-4cef6ee2432f",
                        "step_name": "update_fmg_variable_scope"
                    }
                ]
            },
            "status": null,
            "top": "500",
            "left": "680",
            "stepType": "\/api\/3\/workflow_step_types\/12254cf5-5db7-4b1a-8cb1-3af081924b28",
            "group": null,
            "uuid": "34ea61d4-8993-491e-b7a5-866e8cfbb62a"
        },
        {
            "@type": "WorkflowStep",
            "name": "Start",
            "description": null,
            "arguments": {
                "step_variables": {
                    "input": {
                        "params": []
                    }
                }
            },
            "status": null,
            "top": "100",
            "left": "40",
            "stepType": "\/api\/3\/workflow_step_types\/b348f017-9a94-471f-87f8-ce88b6a7ad62",
            "group": null,
            "uuid": "876f3fe7-a1b3-4083-8f29-9dd0ecb9c45c"
        },
        {
            "@type": "WorkflowStep",
            "name": "update_fmg_variable_scope",
            "description": null,
            "arguments": {
                "for_each": {
                    "item": "{{vars.fsr_metadata|list}}",
                    "parallel": false,
                    "condition": ""
                },
                "arguments": {
                    "adom": "{{vars.steps.find_device[0].aDOM}}",
                    "vdom": "{%- if vars.device_source_data.vdom|length == 1 -%}\nglobal\n{%- else -%}\n{{vars.steps.find_device[0].vDOM}}\n{%- endif -%}",
                    "value": "{{vars.fsr_metadata[vars.item]}}",
                    "device": "{{vars.steps.find_device[0].deviceName}}",
                    "variable": "{{vars.item}}",
                    "connector_config": "{{vars.steps.find_device[0].connectorConfig}}"
                },
                "apply_async": false,
                "step_variables": [],
                "pass_parent_env": false,
                "pass_input_record": false,
                "workflowReference": "\/api\/3\/workflows\/c81d4f29-d092-4218-9346-becb9d0d694c"
            },
            "status": null,
            "top": "180",
            "left": "40",
            "stepType": "\/api\/3\/workflow_step_types\/74932bdc-b8b6-4d24-88c4-1a4dfbc524f3",
            "group": null,
            "uuid": "1ef6eff8-8ca6-4df5-9e86-4cef6ee2432f"
        }
    ],
    "routes": [
        {
            "@type": "WorkflowRoute",
            "name": "create_fmg_variables -> update_fmg_variable_scope",
            "targetStep": "\/api\/3\/workflow_steps\/1ef6eff8-8ca6-4df5-9e86-4cef6ee2432f",
            "sourceStep": "\/api\/3\/workflow_steps\/817c0ca7-8bc8-4ee7-a8bd-ccfdd9c704d0",
            "label": null,
            "isExecuted": false,
            "group": null,
            "uuid": "a2ba08f9-98d7-4347-a9f4-2bfb0fd9c1f0"
        },
        {
            "@type": "WorkflowRoute",
            "name": "extract_fmg_fsr_variables -> find_variables_missnig_fmg",
            "targetStep": "\/api\/3\/workflow_steps\/c748e704-531c-46fd-b9de-978c49995239",
            "sourceStep": "\/api\/3\/workflow_steps\/807ef480-858e-4018-a990-3ad7596c10fd",
            "label": null,
            "isExecuted": false,
            "group": null,
            "uuid": "670fb194-b6bd-4541-8cd3-677ae33d955b"
        },
        {
            "@type": "WorkflowRoute",
            "name": "find_device -> get_adom_variables",
            "targetStep": "\/api\/3\/workflow_steps\/41e2c165-842b-4318-b726-2cd4aac1d68f",
            "sourceStep": "\/api\/3\/workflow_steps\/d235ad16-da0e-4da4-95c0-e7b908176ea4",
            "label": null,
            "isExecuted": false,
            "group": null,
            "uuid": "ea4a8f0b-f4d4-493f-bb5c-b3bd92aab4f7"
        },
        {
            "@type": "WorkflowRoute",
            "name": "find_variables_missnig_fmg -> missing_vars_found",
            "targetStep": "\/api\/3\/workflow_steps\/34ea61d4-8993-491e-b7a5-866e8cfbb62a",
            "sourceStep": "\/api\/3\/workflow_steps\/c748e704-531c-46fd-b9de-978c49995239",
            "label": null,
            "isExecuted": false,
            "group": null,
            "uuid": "ce913d3f-7f82-4c3f-81ee-f397d1e22898"
        },
        {
            "@type": "WorkflowRoute",
            "name": "get_adom_variables -> compare_fmg_fsr_variables",
            "targetStep": "\/api\/3\/workflow_steps\/807ef480-858e-4018-a990-3ad7596c10fd",
            "sourceStep": "\/api\/3\/workflow_steps\/41e2c165-842b-4318-b726-2cd4aac1d68f",
            "label": null,
            "isExecuted": false,
            "group": null,
            "uuid": "2ee2d808-f929-4724-8a19-e444444fef2e"
        },
        {
            "@type": "WorkflowRoute",
            "name": "missing_vars_found -> create_variables_in_fmg",
            "targetStep": "\/api\/3\/workflow_steps\/817c0ca7-8bc8-4ee7-a8bd-ccfdd9c704d0",
            "sourceStep": "\/api\/3\/workflow_steps\/34ea61d4-8993-491e-b7a5-866e8cfbb62a",
            "label": "Yes",
            "isExecuted": false,
            "group": null,
            "uuid": "e5971cd4-8087-419f-8ecb-08da5eda0cfe"
        },
        {
            "@type": "WorkflowRoute",
            "name": "missing_vars_found -> update_fmg_variable_scope",
            "targetStep": "\/api\/3\/workflow_steps\/1ef6eff8-8ca6-4df5-9e86-4cef6ee2432f",
            "sourceStep": "\/api\/3\/workflow_steps\/34ea61d4-8993-491e-b7a5-866e8cfbb62a",
            "label": "No",
            "isExecuted": false,
            "group": null,
            "uuid": "4baa5454-155a-43e7-a1bc-622c0ae4fc5c"
        },
        {
            "@type": "WorkflowRoute",
            "name": "Start -> find_device",
            "targetStep": "\/api\/3\/workflow_steps\/d235ad16-da0e-4da4-95c0-e7b908176ea4",
            "sourceStep": "\/api\/3\/workflow_steps\/876f3fe7-a1b3-4083-8f29-9dd0ecb9c45c",
            "label": null,
            "isExecuted": false,
            "group": null,
            "uuid": "dccb8492-6bbc-4227-932f-24a448a4e050"
        }
    ],
    "groups": [
        {
            "@type": "WorkflowGroup",
            "name": "VDOM Handling",
            "description": "Currently checking vars.device_source_data.vdom for a VDOM count. If there is more than 1 VDOM we defer to the record VDOM which will be the management VDOM. \n\nOtherwise we set *global* as the context.",
            "type": "note",
            "isCollapsed": false,
            "hasTriggerStep": false,
            "hideInLogs": false,
            "metadata": [],
            "reusable": false,
            "top": "260",
            "left": "180",
            "height": "265",
            "width": "283",
            "uuid": "fd93b8d6-d3cc-4bf5-a0f2-2b200ac4e27e",
            "recordTags": []
        }
    ],
    "priority": "\/api\/3\/picklists\/2b563c61-ae2c-41c0-a85a-c9709585e3f2",
    "playbookOrigin": "\/api\/3\/picklists\/b6d710a9-a8ec-41ec-8817-fe9fa062fcdd",
    "isEditable": false,
    "uuid": "35ad5541-0cc1-492e-912d-b6d41f9a5739",
    "owners": [],
    "isPrivate": false,
    "deletedAt": null,
    "recordTags": [
        "connector_config",
        "device_name",
        "Subroutine"
    ]
}