{
    "@type": "Workflow",
    "triggerLimit": null,
    "name": "> synch fmg device db - all devices",
    "aliasName": null,
    "tag": null,
    "description": "Synchronize all Devices between FortiSOAR and FortiManager",
    "isActive": true,
    "debug": false,
    "singleRecordExecution": false,
    "remoteExecutableFlag": false,
    "parameters": [
        "connector_config"
    ],
    "synchronous": false,
    "collection": "\/api\/3\/workflow_collections\/1d97873a-13f1-4b28-834a-ca24882614e2",
    "versions": [],
    "triggerStep": "\/api\/3\/workflow_steps\/675f1396-3a96-4574-b363-a31e98cf5bcc",
    "steps": [
        {
            "@type": "WorkflowStep",
            "name": "create_update_records",
            "description": null,
            "arguments": {
                "arguments": {
                    "device_data": "{{vars.steps.get_fmg_devices.output}}",
                    "connector_config": "{{vars.input.params['connector_config']}}"
                },
                "apply_async": false,
                "step_variables": [],
                "pass_parent_env": false,
                "pass_input_record": false,
                "workflowReference": "\/api\/3\/workflows\/ebc8f7f4-231a-4826-bb06-7f91d2a1cd4f"
            },
            "status": null,
            "top": "160",
            "left": "40",
            "stepType": "\/api\/3\/workflow_step_types\/74932bdc-b8b6-4d24-88c4-1a4dfbc524f3",
            "group": null,
            "uuid": "0f2c3467-0029-410b-a4da-93ad2a49a520"
        },
        {
            "@type": "WorkflowStep",
            "name": "get_fmg_devices",
            "description": null,
            "arguments": {
                "arguments": {
                    "connector_config": "{{vars.input.params['connector_config']}}"
                },
                "apply_async": false,
                "step_variables": [],
                "pass_parent_env": false,
                "pass_input_record": false,
                "workflowReference": "\/api\/3\/workflows\/e2da78d5-9c2d-41a6-bd90-c3607bfde1a9"
            },
            "status": null,
            "top": "100",
            "left": "360",
            "stepType": "\/api\/3\/workflow_step_types\/74932bdc-b8b6-4d24-88c4-1a4dfbc524f3",
            "group": null,
            "uuid": "4359c723-2f6a-4696-82fe-dd126e688243"
        },
        {
            "@type": "WorkflowStep",
            "name": "Start",
            "description": null,
            "arguments": {
                "step_variables": {
                    "input": {
                        "params": []
                    }
                }
            },
            "status": null,
            "top": "40",
            "left": "40",
            "stepType": "\/api\/3\/workflow_step_types\/b348f017-9a94-471f-87f8-ce88b6a7ad62",
            "group": null,
            "uuid": "675f1396-3a96-4574-b363-a31e98cf5bcc"
        }
    ],
    "routes": [
        {
            "@type": "WorkflowRoute",
            "name": "get_device_db -> create_update_records",
            "targetStep": "\/api\/3\/workflow_steps\/0f2c3467-0029-410b-a4da-93ad2a49a520",
            "sourceStep": "\/api\/3\/workflow_steps\/4359c723-2f6a-4696-82fe-dd126e688243",
            "label": null,
            "isExecuted": false,
            "group": null,
            "uuid": "b4230291-1384-438c-b675-c25c561969c3"
        },
        {
            "@type": "WorkflowRoute",
            "name": "Start -> get_fmg_devices",
            "targetStep": "\/api\/3\/workflow_steps\/4359c723-2f6a-4696-82fe-dd126e688243",
            "sourceStep": "\/api\/3\/workflow_steps\/675f1396-3a96-4574-b363-a31e98cf5bcc",
            "label": null,
            "isExecuted": false,
            "group": null,
            "uuid": "6eafe98b-557e-443a-a591-3265cd1dd838"
        }
    ],
    "groups": [],
    "priority": "\/api\/3\/picklists\/2b563c61-ae2c-41c0-a85a-c9709585e3f2",
    "playbookOrigin": "\/api\/3\/picklists\/b6d710a9-a8ec-41ec-8817-fe9fa062fcdd",
    "isEditable": false,
    "uuid": "6a6b9b00-db23-4f5a-9f71-7a33ca431aca",
    "owners": [],
    "isPrivate": false,
    "deletedAt": null,
    "recordTags": [
        "connector_config",
        "Subroutine"
    ]
}