{
    "@type": "Workflow",
    "triggerLimit": null,
    "name": "> synch record metadata to fmg adom variables - by metafield template",
    "aliasName": null,
    "tag": null,
    "description": "Synchronize metadata from FortiSOAR to FortiManager by Device.",
    "isActive": true,
    "debug": false,
    "singleRecordExecution": false,
    "remoteExecutableFlag": false,
    "parameters": [
        "metadata_record_id",
        "connector_config",
        "adom"
    ],
    "synchronous": false,
    "collection": "\/api\/3\/workflow_collections\/1d97873a-13f1-4b28-834a-ca24882614e2",
    "versions": [],
    "triggerStep": "\/api\/3\/workflow_steps\/169ba5ef-730b-451d-b9b1-1a39b8758ade",
    "steps": [
        {
            "@type": "WorkflowStep",
            "name": "create_fmg_variables",
            "description": null,
            "arguments": {
                "for_each": {
                    "item": "{{vars.missing_variables}}",
                    "parallel": false,
                    "condition": ""
                },
                "arguments": {
                    "adom": "{{vars.input.params.adom}}",
                    "value": "{{vars.fsr_metadata[vars.item]}}",
                    "variable": "{{vars.item}}",
                    "description": "Created via FortiSOAR from Metafield Template ( {{vars.steps.find_metafield_record[0].name}} )",
                    "connector_config": "{{vars.input.params['connector_config']}}"
                },
                "apply_async": false,
                "ignore_errors": false,
                "step_variables": [],
                "pass_parent_env": false,
                "pass_input_record": false,
                "workflowReference": "\/api\/3\/workflows\/4afb7b1a-f01f-4df2-97c9-01331d662739"
            },
            "status": null,
            "top": "640",
            "left": "40",
            "stepType": "\/api\/3\/workflow_step_types\/74932bdc-b8b6-4d24-88c4-1a4dfbc524f3",
            "group": null,
            "uuid": "42ce31a9-7fd3-4be4-8eb1-b75067378029"
        },
        {
            "@type": "WorkflowStep",
            "name": "Done",
            "description": null,
            "arguments": {
                "params": [],
                "version": "3.2.3",
                "connector": "cyops_utilities",
                "operation": "no_op",
                "operationTitle": "Utils: No Operation",
                "step_variables": []
            },
            "status": null,
            "top": "180",
            "left": "40",
            "stepType": "\/api\/3\/workflow_step_types\/0109f35d-090b-4a2b-bd8a-94cbc3508562",
            "group": null,
            "uuid": "a55aba3b-2b10-4d68-97c5-92c759d6437c"
        },
        {
            "@type": "WorkflowStep",
            "name": "extract_fmg_fsr_variables",
            "description": null,
            "arguments": {
                "fmg_data": "{{vars.steps.get_adom_variables.output}}",
                "fsr_metadata": "{{vars.steps.find_metafield_record[0].metafieldTemplate}}"
            },
            "status": null,
            "top": "320",
            "left": "360",
            "stepType": "\/api\/3\/workflow_step_types\/04d0cf46-b6a8-42c4-8683-60a7eaa69e8f",
            "group": null,
            "uuid": "f7d5d263-f54b-4b47-a47c-72e588b6e396"
        },
        {
            "@type": "WorkflowStep",
            "name": "find_metafield_record",
            "description": null,
            "arguments": {
                "query": {
                    "sort": [],
                    "limit": 30,
                    "logic": "AND",
                    "filters": [
                        {
                            "type": "primitive",
                            "field": "id",
                            "value": "{{vars.input.params['metadata_record_id']}}",
                            "operator": "eq",
                            "_operator": "eq"
                        }
                    ],
                    "__selectFields": [
                        "metafieldTemplate",
                        "id",
                        "name"
                    ]
                },
                "module": "metafield_templates?$limit=1",
                "checkboxFields": true,
                "step_variables": []
            },
            "status": null,
            "top": "100",
            "left": "360",
            "stepType": "\/api\/3\/workflow_step_types\/b593663d-7d13-40ce-a3a3-96dece928770",
            "group": null,
            "uuid": "67870cad-784a-4072-91c3-54fcf385ac47"
        },
        {
            "@type": "WorkflowStep",
            "name": "find_variables_missing_fmg",
            "description": null,
            "arguments": {
                "missing_variables": "{%- set missing = [] -%}\n{%- for v in vars.fsr_metadata -%}\n  {%- if vars.fmg_data|json_query('[?name == `{}`]'.format(v))|length == 0 -%}\n    {%- set _do = missing.append(v) -%}\n  {%- endif -%}\n{% endfor -%}\n{{missing}}"
            },
            "status": null,
            "top": "440",
            "left": "360",
            "stepType": "\/api\/3\/workflow_step_types\/04d0cf46-b6a8-42c4-8683-60a7eaa69e8f",
            "group": null,
            "uuid": "d920ade1-890d-4302-8d36-31b3ee1d6868"
        },
        {
            "@type": "WorkflowStep",
            "name": "get_adom_variables",
            "description": null,
            "arguments": {
                "arguments": {
                    "adom": "{{vars.input.params.adom}}",
                    "connector_config": "{{vars.input.params['connector_config']}}"
                },
                "apply_async": false,
                "step_variables": [],
                "pass_parent_env": false,
                "pass_input_record": false,
                "workflowReference": "\/api\/3\/workflows\/9cdcb682-ed5b-4aab-bd5b-6559495862a4"
            },
            "status": null,
            "top": "200",
            "left": "360",
            "stepType": "\/api\/3\/workflow_step_types\/74932bdc-b8b6-4d24-88c4-1a4dfbc524f3",
            "group": null,
            "uuid": "ea015494-b460-460f-bf47-31644a7de2ef"
        },
        {
            "@type": "WorkflowStep",
            "name": "missing_vars_found",
            "description": null,
            "arguments": {
                "conditions": [
                    {
                        "option": "Yes",
                        "step_iri": "\/api\/3\/workflow_steps\/42ce31a9-7fd3-4be4-8eb1-b75067378029",
                        "condition": "{{ vars.missing_variables|length > 0 }}",
                        "step_name": "create_fmg_variables"
                    },
                    {
                        "option": "No",
                        "default": true,
                        "step_iri": "\/api\/3\/workflow_steps\/a55aba3b-2b10-4d68-97c5-92c759d6437c",
                        "step_name": "Done"
                    }
                ]
            },
            "status": null,
            "top": "560",
            "left": "360",
            "stepType": "\/api\/3\/workflow_step_types\/12254cf5-5db7-4b1a-8cb1-3af081924b28",
            "group": null,
            "uuid": "bd1683e1-61b3-437e-911d-f23ae59dd489"
        },
        {
            "@type": "WorkflowStep",
            "name": "Start",
            "description": null,
            "arguments": {
                "step_variables": {
                    "input": {
                        "params": []
                    }
                }
            },
            "status": null,
            "top": "100",
            "left": "40",
            "stepType": "\/api\/3\/workflow_step_types\/b348f017-9a94-471f-87f8-ce88b6a7ad62",
            "group": null,
            "uuid": "169ba5ef-730b-451d-b9b1-1a39b8758ade"
        }
    ],
    "routes": [
        {
            "@type": "WorkflowRoute",
            "name": "Copy find_variables_missing_fmg -> Copy of missing_vars_found",
            "targetStep": "\/api\/3\/workflow_steps\/bd1683e1-61b3-437e-911d-f23ae59dd489",
            "sourceStep": "\/api\/3\/workflow_steps\/d920ade1-890d-4302-8d36-31b3ee1d6868",
            "label": null,
            "isExecuted": false,
            "group": null,
            "uuid": "aaba2b47-da3f-4a5d-8268-89ebb92ef279"
        },
        {
            "@type": "WorkflowRoute",
            "name": "Copy of extract_fmg_fsr_variables -> Copy find_variables_missing_fmg",
            "targetStep": "\/api\/3\/workflow_steps\/d920ade1-890d-4302-8d36-31b3ee1d6868",
            "sourceStep": "\/api\/3\/workflow_steps\/f7d5d263-f54b-4b47-a47c-72e588b6e396",
            "label": null,
            "isExecuted": false,
            "group": null,
            "uuid": "7e673aa8-d919-449b-9f91-573269353da3"
        },
        {
            "@type": "WorkflowRoute",
            "name": "Copy of get_adom_variables -> Copy of extract_fmg_fsr_variables",
            "targetStep": "\/api\/3\/workflow_steps\/f7d5d263-f54b-4b47-a47c-72e588b6e396",
            "sourceStep": "\/api\/3\/workflow_steps\/ea015494-b460-460f-bf47-31644a7de2ef",
            "label": null,
            "isExecuted": false,
            "group": null,
            "uuid": "6ec7419a-6ba4-46ba-b1a8-bfe8b4536b22"
        },
        {
            "@type": "WorkflowRoute",
            "name": "Copy of missing_vars_found -> create_fmg_variables",
            "targetStep": "\/api\/3\/workflow_steps\/42ce31a9-7fd3-4be4-8eb1-b75067378029",
            "sourceStep": "\/api\/3\/workflow_steps\/bd1683e1-61b3-437e-911d-f23ae59dd489",
            "label": "Yes",
            "isExecuted": false,
            "group": null,
            "uuid": "0aa21cc3-c1ce-4a0a-97f5-571aeab86a6f"
        },
        {
            "@type": "WorkflowRoute",
            "name": "Copy of missing_vars_found -> Done",
            "targetStep": "\/api\/3\/workflow_steps\/a55aba3b-2b10-4d68-97c5-92c759d6437c",
            "sourceStep": "\/api\/3\/workflow_steps\/bd1683e1-61b3-437e-911d-f23ae59dd489",
            "label": "No",
            "isExecuted": false,
            "group": null,
            "uuid": "5ee807ef-0067-4fb2-a582-9bf312be1abf"
        },
        {
            "@type": "WorkflowRoute",
            "name": "create_fmg_variables -> Done",
            "targetStep": "\/api\/3\/workflow_steps\/a55aba3b-2b10-4d68-97c5-92c759d6437c",
            "sourceStep": "\/api\/3\/workflow_steps\/42ce31a9-7fd3-4be4-8eb1-b75067378029",
            "label": null,
            "isExecuted": false,
            "group": null,
            "uuid": "19e78908-ddd4-44fd-ae25-b36530f56bd7"
        },
        {
            "@type": "WorkflowRoute",
            "name": "find_metafield_record -> Copy of get_adom_variables",
            "targetStep": "\/api\/3\/workflow_steps\/ea015494-b460-460f-bf47-31644a7de2ef",
            "sourceStep": "\/api\/3\/workflow_steps\/67870cad-784a-4072-91c3-54fcf385ac47",
            "label": null,
            "isExecuted": false,
            "group": null,
            "uuid": "3992279f-8ad3-4496-ad69-9cc916b782f8"
        },
        {
            "@type": "WorkflowRoute",
            "name": "Start -> Copy of find_device",
            "targetStep": "\/api\/3\/workflow_steps\/67870cad-784a-4072-91c3-54fcf385ac47",
            "sourceStep": "\/api\/3\/workflow_steps\/169ba5ef-730b-451d-b9b1-1a39b8758ade",
            "label": null,
            "isExecuted": false,
            "group": null,
            "uuid": "8e768b53-8a4f-45a6-993c-d31cae0afabd"
        }
    ],
    "groups": [],
    "priority": "\/api\/3\/picklists\/2b563c61-ae2c-41c0-a85a-c9709585e3f2",
    "playbookOrigin": "\/api\/3\/picklists\/b6d710a9-a8ec-41ec-8817-fe9fa062fcdd",
    "isEditable": false,
    "uuid": "c6602d88-64c5-4689-8101-bf9e3db890a6",
    "owners": [],
    "isPrivate": false,
    "deletedAt": null,
    "recordTags": [
        "connector_config",
        "device_name",
        "Subroutine"
    ]
}