{
    "@context": "\/api\/3\/contexts\/PicklistName",
    "@id": "\/api\/3\/picklist_names\/eed17d36-a0c1-4416-9395-66b7879bfb40",
    "@type": "PicklistName",
    "name": "Netshot Status of Target",
    "system": false,
    "picklists": [
        {
            "@id": "\/api\/3\/picklists\/2aeef259-2cf5-4cdf-84db-84a241bcdec2",
            "@type": "Picklist",
            "itemValue": "No Profiles",
            "orderIndex": 0,
            "color": "#443d3d",
            "icon": null,
            "listName": "\/api\/3\/picklist_names\/eed17d36-a0c1-4416-9395-66b7879bfb40",
            "uuid": "2aeef259-2cf5-4cdf-84db-84a241bcdec2"
        },
        {
            "@id": "\/api\/3\/picklists\/d7b3a940-f5f1-49b5-b07a-c2e64e42d402",
            "@type": "Picklist",
            "itemValue": "Ready",
            "orderIndex": 1,
            "color": "#d6e512",
            "icon": null,
            "listName": "\/api\/3\/picklist_names\/eed17d36-a0c1-4416-9395-66b7879bfb40",
            "uuid": "d7b3a940-f5f1-49b5-b07a-c2e64e42d402"
        },
        {
            "@id": "\/api\/3\/picklists\/471d69a2-dd26-474c-937f-733beb7ba827",
            "@type": "Picklist",
            "itemValue": "Running",
            "orderIndex": 2,
            "color": "#0f74e5",
            "icon": null,
            "listName": "\/api\/3\/picklist_names\/eed17d36-a0c1-4416-9395-66b7879bfb40",
            "uuid": "471d69a2-dd26-474c-937f-733beb7ba827"
        },
        {
            "@id": "\/api\/3\/picklists\/3bfda5ef-65b0-48cf-becf-1a29ecb9f7a3",
            "@type": "Picklist",
            "itemValue": "Complete",
            "orderIndex": 3,
            "color": "#1af204",
            "icon": null,
            "listName": "\/api\/3\/picklist_names\/eed17d36-a0c1-4416-9395-66b7879bfb40",
            "uuid": "3bfda5ef-65b0-48cf-becf-1a29ecb9f7a3"
        },
        {
            "@id": "\/api\/3\/picklists\/ff1c800c-45d6-43aa-a51b-642d3a73caaf",
            "@type": "Picklist",
            "itemValue": "Failed",
            "orderIndex": 4,
            "color": "#f90202",
            "icon": null,
            "listName": "\/api\/3\/picklist_names\/eed17d36-a0c1-4416-9395-66b7879bfb40",
            "uuid": "ff1c800c-45d6-43aa-a51b-642d3a73caaf"
        }
    ],
    "uuid": "eed17d36-a0c1-4416-9395-66b7879bfb40"
}