{
    "@context": "\/api\/3\/contexts\/PicklistName",
    "@id": "\/api\/3\/picklist_names\/014a7244-46c8-4d37-ae96-64761fad2311",
    "@type": "PicklistName",
    "name": "Netshot Target Type",
    "system": false,
    "picklists": [
        {
            "@id": "\/api\/3\/picklists\/5f04a004-1ec5-4dd1-8054-f170546f5969",
            "@type": "Picklist",
            "itemValue": "Device",
            "orderIndex": 0,
            "color": null,
            "icon": null,
            "listName": "\/api\/3\/picklist_names\/014a7244-46c8-4d37-ae96-64761fad2311",
            "uuid": "5f04a004-1ec5-4dd1-8054-f170546f5969"
        },
        {
            "@id": "\/api\/3\/picklists\/228fcdb4-db1d-4097-8c88-b654372ce47f",
            "@type": "Picklist",
            "itemValue": "Service",
            "orderIndex": 1,
            "color": null,
            "icon": null,
            "listName": "\/api\/3\/picklist_names\/014a7244-46c8-4d37-ae96-64761fad2311",
            "uuid": "228fcdb4-db1d-4097-8c88-b654372ce47f"
        },
        {
            "@id": "\/api\/3\/picklists\/cb8300b4-527a-41cf-91c4-c14a281f095b",
            "@type": "Picklist",
            "itemValue": "Site",
            "orderIndex": 2,
            "color": null,
            "icon": null,
            "listName": "\/api\/3\/picklist_names\/014a7244-46c8-4d37-ae96-64761fad2311",
            "uuid": "cb8300b4-527a-41cf-91c4-c14a281f095b"
        },
        {
            "@id": "\/api\/3\/picklists\/d15f0b7b-1a8e-4bbc-aff0-22cc917f9a3d",
            "@type": "Picklist",
            "itemValue": "Network",
            "orderIndex": 3,
            "color": null,
            "icon": null,
            "listName": "\/api\/3\/picklist_names\/014a7244-46c8-4d37-ae96-64761fad2311",
            "uuid": "d15f0b7b-1a8e-4bbc-aff0-22cc917f9a3d"
        }
    ],
    "uuid": "014a7244-46c8-4d37-ae96-64761fad2311"
}