{
    "@context": "\/api\/3\/contexts\/PicklistName",
    "@id": "\/api\/3\/picklist_names\/ca208b85-81eb-4bfc-9ede-5e9bfcbc8812",
    "@type": "PicklistName",
    "name": "Netshot Target Output Method",
    "system": false,
    "picklists": [
        {
            "@id": "\/api\/3\/picklists\/1f43579a-1490-4c06-b186-f947954b1bd4",
            "@type": "Picklist",
            "itemValue": "SSH Command",
            "orderIndex": 0,
            "color": null,
            "icon": null,
            "listName": "\/api\/3\/picklist_names\/ca208b85-81eb-4bfc-9ede-5e9bfcbc8812",
            "uuid": "1f43579a-1490-4c06-b186-f947954b1bd4"
        },
        {
            "@id": "\/api\/3\/picklists\/ef912ba1-a87e-42c7-98a9-c2133d24c835",
            "@type": "Picklist",
            "itemValue": "NMAP",
            "orderIndex": 3,
            "color": null,
            "icon": null,
            "listName": "\/api\/3\/picklist_names\/ca208b85-81eb-4bfc-9ede-5e9bfcbc8812",
            "uuid": "ef912ba1-a87e-42c7-98a9-c2133d24c835"
        },
        {
            "@id": "\/api\/3\/picklists\/f822bb08-7185-4888-aad9-9c7e117d32d7",
            "@type": "Picklist",
            "itemValue": "SSH Script",
            "orderIndex": 1,
            "color": null,
            "icon": null,
            "listName": "\/api\/3\/picklist_names\/ca208b85-81eb-4bfc-9ede-5e9bfcbc8812",
            "uuid": "f822bb08-7185-4888-aad9-9c7e117d32d7"
        },
        {
            "@id": "\/api\/3\/picklists\/21060056-ba10-4cb1-9613-86d66f0db409",
            "@type": "Picklist",
            "itemValue": "REST API",
            "orderIndex": 2,
            "color": null,
            "icon": null,
            "listName": "\/api\/3\/picklist_names\/ca208b85-81eb-4bfc-9ede-5e9bfcbc8812",
            "uuid": "21060056-ba10-4cb1-9613-86d66f0db409"
        },
        {
            "@id": "\/api\/3\/picklists\/2f28db07-b4ea-4bcd-8859-1090ff48b013",
            "@type": "Picklist",
            "itemValue": "ZTPF",
            "orderIndex": 4,
            "color": null,
            "icon": null,
            "listName": "\/api\/3\/picklist_names\/ca208b85-81eb-4bfc-9ede-5e9bfcbc8812",
            "uuid": "2f28db07-b4ea-4bcd-8859-1090ff48b013"
        },
        {
            "@id": "\/api\/3\/picklists\/19faaccd-9fea-4644-ad4c-9b78310d44be",
            "@type": "Picklist",
            "itemValue": "Playbook",
            "orderIndex": 5,
            "color": null,
            "icon": null,
            "listName": "\/api\/3\/picklist_names\/ca208b85-81eb-4bfc-9ede-5e9bfcbc8812",
            "uuid": "19faaccd-9fea-4644-ad4c-9b78310d44be"
        }
    ],
    "uuid": "ca208b85-81eb-4bfc-9ede-5e9bfcbc8812"
}