{
    "@context": "\/api\/3\/contexts\/PicklistName",
    "@id": "\/api\/3\/picklist_names\/4114e956-ccc4-407c-a1a8-036791ddb984",
    "@type": "PicklistName",
    "name": "Netshot Output Data Profile Type",
    "system": false,
    "picklists": [
        {
            "@id": "\/api\/3\/picklists\/c415f593-9954-4a3f-a855-853be58d655d",
            "@type": "Picklist",
            "itemValue": "Jinja",
            "orderIndex": 0,
            "color": null,
            "icon": null,
            "listName": "\/api\/3\/picklist_names\/4114e956-ccc4-407c-a1a8-036791ddb984",
            "uuid": "c415f593-9954-4a3f-a855-853be58d655d"
        },
        {
            "@id": "\/api\/3\/picklists\/1d7df35b-8b17-43b7-a4be-8ea6cb2ed9b4",
            "@type": "Picklist",
            "itemValue": "Playbook",
            "orderIndex": 1,
            "color": null,
            "icon": null,
            "listName": "\/api\/3\/picklist_names\/4114e956-ccc4-407c-a1a8-036791ddb984",
            "uuid": "1d7df35b-8b17-43b7-a4be-8ea6cb2ed9b4"
        }
    ],
    "uuid": "4114e956-ccc4-407c-a1a8-036791ddb984"
}