{
    "@context": "\/api\/3\/contexts\/PicklistName",
    "@id": "\/api\/3\/picklist_names\/a6041919-bd05-4d2a-b814-70cfad0f3788",
    "@type": "PicklistName",
    "name": "Netshot Output Report Status",
    "system": false,
    "picklists": [
        {
            "@id": "\/api\/3\/picklists\/8c8e3f80-e373-4068-9ee5-3935174290fa",
            "@type": "Picklist",
            "itemValue": "Failed",
            "orderIndex": 5,
            "color": "#f00c24",
            "icon": null,
            "listName": "\/api\/3\/picklist_names\/a6041919-bd05-4d2a-b814-70cfad0f3788",
            "uuid": "8c8e3f80-e373-4068-9ee5-3935174290fa"
        },
        {
            "@id": "\/api\/3\/picklists\/6ce0660f-784b-4e50-b770-c2d9a8d058e8",
            "@type": "Picklist",
            "itemValue": "Unknown",
            "orderIndex": 0,
            "color": "#fff5f5",
            "icon": null,
            "listName": "\/api\/3\/picklist_names\/a6041919-bd05-4d2a-b814-70cfad0f3788",
            "uuid": "6ce0660f-784b-4e50-b770-c2d9a8d058e8"
        },
        {
            "@id": "\/api\/3\/picklists\/40982496-7c2f-4d6f-b0c0-bb998387821b",
            "@type": "Picklist",
            "itemValue": "New",
            "orderIndex": 1,
            "color": "#e513f3",
            "icon": null,
            "listName": "\/api\/3\/picklist_names\/a6041919-bd05-4d2a-b814-70cfad0f3788",
            "uuid": "40982496-7c2f-4d6f-b0c0-bb998387821b"
        },
        {
            "@id": "\/api\/3\/picklists\/caf00cc5-ecf8-4342-982b-3a9bdf81115a",
            "@type": "Picklist",
            "itemValue": "Waiting",
            "orderIndex": 2,
            "color": "#78d9f0",
            "icon": null,
            "listName": "\/api\/3\/picklist_names\/a6041919-bd05-4d2a-b814-70cfad0f3788",
            "uuid": "caf00cc5-ecf8-4342-982b-3a9bdf81115a"
        },
        {
            "@id": "\/api\/3\/picklists\/27e6a838-db8e-4b96-b9f3-23878e57d148",
            "@type": "Picklist",
            "itemValue": "Complete",
            "orderIndex": 7,
            "color": "#4df305",
            "icon": null,
            "listName": "\/api\/3\/picklist_names\/a6041919-bd05-4d2a-b814-70cfad0f3788",
            "uuid": "27e6a838-db8e-4b96-b9f3-23878e57d148"
        },
        {
            "@id": "\/api\/3\/picklists\/2f63f907-d342-4ad6-9a77-68c654bba2d2",
            "@type": "Picklist",
            "itemValue": "Pending",
            "orderIndex": 3,
            "color": "#f5e20c",
            "icon": null,
            "listName": "\/api\/3\/picklist_names\/a6041919-bd05-4d2a-b814-70cfad0f3788",
            "uuid": "2f63f907-d342-4ad6-9a77-68c654bba2d2"
        },
        {
            "@id": "\/api\/3\/picklists\/7c18340b-215d-4396-b052-623e4c085727",
            "@type": "Picklist",
            "itemValue": "Running",
            "orderIndex": 4,
            "color": "#3d0cee",
            "icon": null,
            "listName": "\/api\/3\/picklist_names\/a6041919-bd05-4d2a-b814-70cfad0f3788",
            "uuid": "7c18340b-215d-4396-b052-623e4c085727"
        },
        {
            "@id": "\/api\/3\/picklists\/fa525507-5356-4387-8a8e-fcbd0c132d3d",
            "@type": "Picklist",
            "itemValue": "Timeout",
            "orderIndex": 6,
            "color": "#893131",
            "icon": null,
            "listName": "\/api\/3\/picklist_names\/a6041919-bd05-4d2a-b814-70cfad0f3788",
            "uuid": "fa525507-5356-4387-8a8e-fcbd0c132d3d"
        }
    ],
    "uuid": "a6041919-bd05-4d2a-b814-70cfad0f3788"
}