{
    "@context": "\/api\/3\/contexts\/PicklistName",
    "@id": "\/api\/3\/picklist_names\/20db32d6-7ce8-419b-9ddd-d81eed4927c3",
    "@type": "PicklistName",
    "name": "Netshot Output Report Exception Status",
    "system": false,
    "picklists": [
        {
            "@id": "\/api\/3\/picklists\/d16850d9-d8c5-4db2-ba09-206b4192ce99",
            "@type": "Picklist",
            "itemValue": "Exceptions Found",
            "orderIndex": 3,
            "color": "#fb121c",
            "icon": null,
            "listName": "\/api\/3\/picklist_names\/20db32d6-7ce8-419b-9ddd-d81eed4927c3",
            "uuid": "d16850d9-d8c5-4db2-ba09-206b4192ce99"
        },
        {
            "@id": "\/api\/3\/picklists\/a3cb347c-0da7-4a75-a089-03b32f063a56",
            "@type": "Picklist",
            "itemValue": "Exceptions Approved",
            "orderIndex": 4,
            "color": "#79dd94",
            "icon": null,
            "listName": "\/api\/3\/picklist_names\/20db32d6-7ce8-419b-9ddd-d81eed4927c3",
            "uuid": "a3cb347c-0da7-4a75-a089-03b32f063a56"
        },
        {
            "@id": "\/api\/3\/picklists\/6d27204d-dae5-40de-a042-883446b4ca50",
            "@type": "Picklist",
            "itemValue": "None",
            "orderIndex": 2,
            "color": "#19c638",
            "icon": null,
            "listName": "\/api\/3\/picklist_names\/20db32d6-7ce8-419b-9ddd-d81eed4927c3",
            "uuid": "6d27204d-dae5-40de-a042-883446b4ca50"
        },
        {
            "@id": "\/api\/3\/picklists\/9c48e936-144c-46aa-8cf6-04a11b0cf479",
            "@type": "Picklist",
            "itemValue": "Pending",
            "orderIndex": 1,
            "color": "#210af8",
            "icon": null,
            "listName": "\/api\/3\/picklist_names\/20db32d6-7ce8-419b-9ddd-d81eed4927c3",
            "uuid": "9c48e936-144c-46aa-8cf6-04a11b0cf479"
        },
        {
            "@id": "\/api\/3\/picklists\/6fb60f10-05ad-40e3-b194-3a7ad53421e1",
            "@type": "Picklist",
            "itemValue": "Unknown",
            "orderIndex": 0,
            "color": "#958383",
            "icon": null,
            "listName": "\/api\/3\/picklist_names\/20db32d6-7ce8-419b-9ddd-d81eed4927c3",
            "uuid": "6fb60f10-05ad-40e3-b194-3a7ad53421e1"
        }
    ],
    "uuid": "20db32d6-7ce8-419b-9ddd-d81eed4927c3"
}