{
    "@context": "\/api\/3\/contexts\/PicklistName",
    "@id": "\/api\/3\/picklist_names\/5f028bf1-c6f7-463b-a0e4-0bdd66caa70f",
    "@type": "PicklistName",
    "name": "Netshot Target Output API Method",
    "system": false,
    "picklists": [
        {
            "@id": "\/api\/3\/picklists\/77f8202b-2578-4ab5-a6c9-41ab8b78a6f3",
            "@type": "Picklist",
            "itemValue": "GET",
            "orderIndex": 0,
            "color": null,
            "icon": null,
            "listName": "\/api\/3\/picklist_names\/5f028bf1-c6f7-463b-a0e4-0bdd66caa70f",
            "uuid": "77f8202b-2578-4ab5-a6c9-41ab8b78a6f3"
        },
        {
            "@id": "\/api\/3\/picklists\/630b44e3-e030-4e3f-97aa-0986199aa0ff",
            "@type": "Picklist",
            "itemValue": "POST",
            "orderIndex": 1,
            "color": null,
            "icon": null,
            "listName": "\/api\/3\/picklist_names\/5f028bf1-c6f7-463b-a0e4-0bdd66caa70f",
            "uuid": "630b44e3-e030-4e3f-97aa-0986199aa0ff"
        },
        {
            "@id": "\/api\/3\/picklists\/29b08368-8ab0-438a-8b37-287c12dfe29f",
            "@type": "Picklist",
            "itemValue": "PUT",
            "orderIndex": 2,
            "color": null,
            "icon": null,
            "listName": "\/api\/3\/picklist_names\/5f028bf1-c6f7-463b-a0e4-0bdd66caa70f",
            "uuid": "29b08368-8ab0-438a-8b37-287c12dfe29f"
        },
        {
            "@id": "\/api\/3\/picklists\/f36c08b1-6f43-44b8-92be-f1498245d1f7",
            "@type": "Picklist",
            "itemValue": "DELETE",
            "orderIndex": 3,
            "color": null,
            "icon": null,
            "listName": "\/api\/3\/picklist_names\/5f028bf1-c6f7-463b-a0e4-0bdd66caa70f",
            "uuid": "f36c08b1-6f43-44b8-92be-f1498245d1f7"
        }
    ],
    "uuid": "5f028bf1-c6f7-463b-a0e4-0bdd66caa70f"
}