{
    "@context": "\/api\/3\/contexts\/PicklistName",
    "@id": "\/api\/3\/picklist_names\/385c04a4-4899-4384-a8c5-aa5d3152800b",
    "@type": "PicklistName",
    "name": "Netshot Output Report Regex Mode",
    "system": false,
    "picklists": [
        {
            "@id": "\/api\/3\/picklists\/47a165ee-9a56-4cdd-8ad8-67a4f81d32b8",
            "@type": "Picklist",
            "itemValue": "Match Pattern",
            "orderIndex": 0,
            "color": null,
            "icon": null,
            "listName": "\/api\/3\/picklist_names\/385c04a4-4899-4384-a8c5-aa5d3152800b",
            "uuid": "47a165ee-9a56-4cdd-8ad8-67a4f81d32b8"
        },
        {
            "@id": "\/api\/3\/picklists\/45c0a8d9-c120-478b-9d63-a2b89b58780b",
            "@type": "Picklist",
            "itemValue": "Require Pattern Exists",
            "orderIndex": 1,
            "color": null,
            "icon": null,
            "listName": "\/api\/3\/picklist_names\/385c04a4-4899-4384-a8c5-aa5d3152800b",
            "uuid": "45c0a8d9-c120-478b-9d63-a2b89b58780b"
        },
        {
            "@id": "\/api\/3\/picklists\/abd68715-6224-41aa-aaf0-11bdee01b456",
            "@type": "Picklist",
            "itemValue": "Forbidden Pattern Exists",
            "orderIndex": 2,
            "color": null,
            "icon": null,
            "listName": "\/api\/3\/picklist_names\/385c04a4-4899-4384-a8c5-aa5d3152800b",
            "uuid": "abd68715-6224-41aa-aaf0-11bdee01b456"
        }
    ],
    "uuid": "385c04a4-4899-4384-a8c5-aa5d3152800b"
}