{
    "@context": "\/api\/3\/contexts\/PicklistName",
    "@id": "\/api\/3\/picklist_names\/a7e868dd-68f8-4f6a-8c37-665a0b50d82d",
    "@type": "PicklistName",
    "name": "Netshot Target Output Source Data Type",
    "system": false,
    "picklists": [
        {
            "@id": "\/api\/3\/picklists\/421e8f86-e6e9-4529-aff8-60ca4f199557",
            "@type": "Picklist",
            "itemValue": "TEXT",
            "orderIndex": 0,
            "color": null,
            "icon": null,
            "listName": "\/api\/3\/picklist_names\/a7e868dd-68f8-4f6a-8c37-665a0b50d82d",
            "uuid": "421e8f86-e6e9-4529-aff8-60ca4f199557"
        },
        {
            "@id": "\/api\/3\/picklists\/3a622a58-780e-4be4-8240-2f6768825acb",
            "@type": "Picklist",
            "itemValue": "JSON",
            "orderIndex": 1,
            "color": null,
            "icon": null,
            "listName": "\/api\/3\/picklist_names\/a7e868dd-68f8-4f6a-8c37-665a0b50d82d",
            "uuid": "3a622a58-780e-4be4-8240-2f6768825acb"
        },
        {
            "@id": "\/api\/3\/picklists\/2849bde9-4ec0-4be0-9c42-33a546caa782",
            "@type": "Picklist",
            "itemValue": "YAML",
            "orderIndex": 2,
            "color": null,
            "icon": null,
            "listName": "\/api\/3\/picklist_names\/a7e868dd-68f8-4f6a-8c37-665a0b50d82d",
            "uuid": "2849bde9-4ec0-4be0-9c42-33a546caa782"
        },
        {
            "@id": "\/api\/3\/picklists\/a078f0d9-bbad-48cb-9092-17dcaa2c3961",
            "@type": "Picklist",
            "itemValue": "CSV",
            "orderIndex": 3,
            "color": null,
            "icon": null,
            "listName": "\/api\/3\/picklist_names\/a7e868dd-68f8-4f6a-8c37-665a0b50d82d",
            "uuid": "a078f0d9-bbad-48cb-9092-17dcaa2c3961"
        }
    ],
    "uuid": "a7e868dd-68f8-4f6a-8c37-665a0b50d82d"
}