{
    "@context": "\/api\/3\/contexts\/PicklistName",
    "@id": "\/api\/3\/picklist_names\/ef97f897-fe44-4db3-92a2-d89708e103c1",
    "@type": "PicklistName",
    "name": "Netshot Output Report Type",
    "system": false,
    "picklists": [
        {
            "@id": "\/api\/3\/picklists\/071a0f63-cf86-4be0-9dc6-30cabd4d283a",
            "@type": "Picklist",
            "itemValue": "Diff Previous",
            "orderIndex": 0,
            "color": null,
            "icon": null,
            "listName": "\/api\/3\/picklist_names\/ef97f897-fe44-4db3-92a2-d89708e103c1",
            "uuid": "071a0f63-cf86-4be0-9dc6-30cabd4d283a"
        },
        {
            "@id": "\/api\/3\/picklists\/c1d5d38e-9dbd-4a8e-bd6d-1479cad1d42a",
            "@type": "Picklist",
            "itemValue": "Audit Text via Regex",
            "orderIndex": 1,
            "color": null,
            "icon": null,
            "listName": "\/api\/3\/picklist_names\/ef97f897-fe44-4db3-92a2-d89708e103c1",
            "uuid": "c1d5d38e-9dbd-4a8e-bd6d-1479cad1d42a"
        },
        {
            "@id": "\/api\/3\/picklists\/1af191f9-2d25-42b5-919a-443e4c74f3a7",
            "@type": "Picklist",
            "itemValue": "Audit JSON via Regex",
            "orderIndex": 2,
            "color": null,
            "icon": null,
            "listName": "\/api\/3\/picklist_names\/ef97f897-fe44-4db3-92a2-d89708e103c1",
            "uuid": "1af191f9-2d25-42b5-919a-443e4c74f3a7"
        }
    ],
    "uuid": "ef97f897-fe44-4db3-92a2-d89708e103c1"
}