{
    "@type": "Workflow",
    "triggerLimit": null,
    "name": "> create or update fmg provisioning template group with cli template group",
    "aliasName": null,
    "tag": null,
    "description": "Create fmg provisioning template group from adom and group name",
    "isActive": true,
    "debug": false,
    "singleRecordExecution": false,
    "remoteExecutableFlag": false,
    "parameters": [
        "connector_config",
        "adom",
        "template_group",
        "cli_template_group",
        "group_description"
    ],
    "synchronous": false,
    "collection": "\/api\/3\/workflow_collections\/acff9572-b869-4ceb-bbc1-1c3700ec9a4e",
    "versions": [],
    "triggerStep": "\/api\/3\/workflow_steps\/2c72d9c8-093d-4ef2-8dd4-4c5270b3fcfb",
    "steps": [
        {
            "@type": "WorkflowStep",
            "name": "create_template_group",
            "description": null,
            "arguments": {
                "name": "Fortinet FortiManager JSON-RPC",
                "config": "{{vars.input.params['connector_config']}}",
                "params": {
                    "url": "\/pm\/tmplgrp\/adom\/{{vars.input.params.adom}}\/",
                    "data": "{{vars.payload}}"
                },
                "version": "1.0.0",
                "connector": "fortinet-fortimanager-json-rpc",
                "operation": "json_rpc_set",
                "operationTitle": "JSON RPC Set",
                "pickFromTenant": false,
                "step_variables": []
            },
            "status": null,
            "top": "260",
            "left": "420",
            "stepType": "\/api\/3\/workflow_step_types\/0bfed618-0316-11e7-93ae-92361f002671",
            "group": null,
            "uuid": "b2b8550a-f368-49e8-92f9-0476f377be06"
        },
        {
            "@type": "WorkflowStep",
            "name": "extract_fmg_data",
            "description": null,
            "arguments": {
                "output": "{{vars.steps.create_template_group}}"
            },
            "status": null,
            "top": "140",
            "left": "60",
            "stepType": "\/api\/3\/workflow_step_types\/04d0cf46-b6a8-42c4-8683-60a7eaa69e8f",
            "group": null,
            "uuid": "6d858ab7-1b6a-40a9-94d2-beabfbdd6952"
        },
        {
            "@type": "WorkflowStep",
            "name": "setup_payload",
            "description": null,
            "arguments": {
                "payload": "{%- set payload = {} -%}\n{%- set _do = payload.update({\n    \"data\": {\n      \"name\":vars.input.params['template_group'],\n      \"type\":\"tmplgrp\",\n      \"template group setting\":{\n        \"description\": vars.input.params['group_description']|default('Created by FortiSOAR.'),\n         \"cliprofs\" : [\n            vars.input.params['cli_template_group']\n         ]\n      }\n    }\n  }) \n%}\n{{payload}}"
            },
            "status": null,
            "top": "160",
            "left": "420",
            "stepType": "\/api\/3\/workflow_step_types\/04d0cf46-b6a8-42c4-8683-60a7eaa69e8f",
            "group": null,
            "uuid": "4724bdf8-af69-4ca9-a65c-62cf4ed615cc"
        },
        {
            "@type": "WorkflowStep",
            "name": "setup_vars_data",
            "description": null,
            "arguments": [],
            "status": null,
            "top": "60",
            "left": "420",
            "stepType": "\/api\/3\/workflow_step_types\/04d0cf46-b6a8-42c4-8683-60a7eaa69e8f",
            "group": null,
            "uuid": "29c46f21-c04f-49a0-9417-71a6fbeb53d8"
        },
        {
            "@type": "WorkflowStep",
            "name": "Start",
            "description": null,
            "arguments": {
                "step_variables": {
                    "input": {
                        "params": []
                    }
                }
            },
            "status": null,
            "top": "60",
            "left": "60",
            "stepType": "\/api\/3\/workflow_step_types\/b348f017-9a94-471f-87f8-ce88b6a7ad62",
            "group": null,
            "uuid": "2c72d9c8-093d-4ef2-8dd4-4c5270b3fcfb"
        }
    ],
    "routes": [
        {
            "@type": "WorkflowRoute",
            "name": "Copy of setup_vars -> setup_vars",
            "targetStep": "\/api\/3\/workflow_steps\/4724bdf8-af69-4ca9-a65c-62cf4ed615cc",
            "sourceStep": "\/api\/3\/workflow_steps\/29c46f21-c04f-49a0-9417-71a6fbeb53d8",
            "label": null,
            "isExecuted": false,
            "group": null,
            "uuid": "35795a6e-7815-40ba-9801-aab8ebf192af"
        },
        {
            "@type": "WorkflowRoute",
            "name": "Get Devices in FMG -> extract data",
            "targetStep": "\/api\/3\/workflow_steps\/6d858ab7-1b6a-40a9-94d2-beabfbdd6952",
            "sourceStep": "\/api\/3\/workflow_steps\/b2b8550a-f368-49e8-92f9-0476f377be06",
            "label": null,
            "isExecuted": false,
            "group": null,
            "uuid": "180abc08-3c2f-4561-a237-1d428a84ccbc"
        },
        {
            "@type": "WorkflowRoute",
            "name": "setup_payload -> create_script",
            "targetStep": "\/api\/3\/workflow_steps\/b2b8550a-f368-49e8-92f9-0476f377be06",
            "sourceStep": "\/api\/3\/workflow_steps\/4724bdf8-af69-4ca9-a65c-62cf4ed615cc",
            "label": null,
            "isExecuted": false,
            "group": null,
            "uuid": "3a7958ea-47bc-46c9-90ac-21da9bf11c72"
        },
        {
            "@type": "WorkflowRoute",
            "name": "Start -> setup_vars_data",
            "targetStep": "\/api\/3\/workflow_steps\/29c46f21-c04f-49a0-9417-71a6fbeb53d8",
            "sourceStep": "\/api\/3\/workflow_steps\/2c72d9c8-093d-4ef2-8dd4-4c5270b3fcfb",
            "label": null,
            "isExecuted": false,
            "group": null,
            "uuid": "8a586fc8-6136-46e6-a774-4be95bf7f790"
        }
    ],
    "groups": [],
    "priority": "\/api\/3\/picklists\/2b563c61-ae2c-41c0-a85a-c9709585e3f2",
    "playbookOrigin": "\/api\/3\/picklists\/b6d710a9-a8ec-41ec-8817-fe9fa062fcdd",
    "isEditable": false,
    "uuid": "dd18761d-ee07-4236-8cbf-32298bf186ea",
    "owners": [],
    "isPrivate": false,
    "deletedAt": null,
    "recordTags": [
        "adom",
        "connector_config",
        "output",
        "Subroutine",
        "template_group"
    ]
}