{
    "@type": "Workflow",
    "triggerLimit": null,
    "name": "> create or update fmg cli template group with script members",
    "aliasName": null,
    "tag": null,
    "description": "Create a fmg cli template group with script members",
    "isActive": true,
    "debug": false,
    "singleRecordExecution": false,
    "remoteExecutableFlag": false,
    "parameters": [
        "connector_config",
        "adom",
        "group_name",
        "script_list",
        "group_description"
    ],
    "synchronous": false,
    "collection": "\/api\/3\/workflow_collections\/acff9572-b869-4ceb-bbc1-1c3700ec9a4e",
    "versions": [],
    "triggerStep": "\/api\/3\/workflow_steps\/f0cf33d2-0c83-4feb-a992-1b1352c2a1a1",
    "steps": [
        {
            "@type": "WorkflowStep",
            "name": "create_group_vars",
            "description": null,
            "arguments": [],
            "status": null,
            "top": "220",
            "left": "760",
            "stepType": "\/api\/3\/workflow_step_types\/04d0cf46-b6a8-42c4-8683-60a7eaa69e8f",
            "group": null,
            "uuid": "7a879f43-d079-4d06-ad8e-20058234f428"
        },
        {
            "@type": "WorkflowStep",
            "name": "create_script",
            "description": null,
            "arguments": {
                "name": "Fortinet FortiManager JSON-RPC",
                "config": "{{vars.input.params['connector_config']}}",
                "params": {
                    "url": "\/pm\/config\/adom\/{{vars.input.params.adom}}\/obj\/cli\/template-group",
                    "data": "{{vars.payload}}"
                },
                "version": "1.0.0",
                "connector": "fortinet-fortimanager-json-rpc",
                "operation": "json_rpc_set",
                "operationTitle": "JSON RPC Set",
                "pickFromTenant": false,
                "step_variables": []
            },
            "status": null,
            "top": "420",
            "left": "760",
            "stepType": "\/api\/3\/workflow_step_types\/0bfed618-0316-11e7-93ae-92361f002671",
            "group": null,
            "uuid": "d7b3f8b0-dfa0-4248-afa8-b11cc2459e23"
        },
        {
            "@type": "WorkflowStep",
            "name": "exctract_update_members",
            "description": null,
            "arguments": {
                "output": "{{vars.steps.update_script_group_members}}"
            },
            "status": null,
            "top": "340",
            "left": "80",
            "stepType": "\/api\/3\/workflow_step_types\/04d0cf46-b6a8-42c4-8683-60a7eaa69e8f",
            "group": null,
            "uuid": "f9cc6959-fdab-4459-b602-817394b83516"
        },
        {
            "@type": "WorkflowStep",
            "name": "extract_fmg_data",
            "description": null,
            "arguments": {
                "output": "{{vars.steps.create_script}}"
            },
            "status": null,
            "top": "520",
            "left": "760",
            "stepType": "\/api\/3\/workflow_step_types\/04d0cf46-b6a8-42c4-8683-60a7eaa69e8f",
            "group": null,
            "uuid": "e7168b1e-fe59-48dc-bb53-5930055b2754"
        },
        {
            "@type": "WorkflowStep",
            "name": "get_template_group",
            "description": null,
            "arguments": {
                "arguments": {
                    "adom": "{{vars.input.params.adom}}",
                    "template_group": "{{vars.input.params['group_name']}}",
                    "connector_config": "{{vars.input.params['connector_config']}}"
                },
                "apply_async": false,
                "step_variables": [],
                "pass_parent_env": false,
                "pass_input_record": false,
                "workflowReference": "\/api\/3\/workflows\/2f00873a-d71f-4a9f-8026-a04a48aabe96"
            },
            "status": null,
            "top": "60",
            "left": "420",
            "stepType": "\/api\/3\/workflow_step_types\/74932bdc-b8b6-4d24-88c4-1a4dfbc524f3",
            "group": null,
            "uuid": "69881222-e7cc-4710-9495-ebbc62351020"
        },
        {
            "@type": "WorkflowStep",
            "name": "group_exists",
            "description": null,
            "arguments": {
                "conditions": [
                    {
                        "option": "Yes",
                        "step_iri": "\/api\/3\/workflow_steps\/3216bc57-6225-4720-be8a-11f05be7cb7d",
                        "condition": "{{ vars.steps.get_template_group.output|length>0 }}",
                        "step_name": "update_script_group_members"
                    },
                    {
                        "option": "No",
                        "default": true,
                        "step_iri": "\/api\/3\/workflow_steps\/7a879f43-d079-4d06-ad8e-20058234f428",
                        "step_name": "create_group_vars"
                    }
                ]
            },
            "status": null,
            "top": "180",
            "left": "420",
            "stepType": "\/api\/3\/workflow_step_types\/12254cf5-5db7-4b1a-8cb1-3af081924b28",
            "group": null,
            "uuid": "c13e6ceb-9396-49e8-9ee7-5a5b9522fbed"
        },
        {
            "@type": "WorkflowStep",
            "name": "setup_payload",
            "description": null,
            "arguments": {
                "payload": "{%- set payload = {} -%}\n{%- set _do = payload.update({\n    \"data\": {\n      \"name\": vars.input.params['group_name'],\n      \"description\": vars.input.params['group_description']|default('Created by FortiSOAR.'),\n      \"member\": vars.script_list\n    }\n  }) \n%}\n{{payload}}"
            },
            "status": null,
            "top": "320",
            "left": "760",
            "stepType": "\/api\/3\/workflow_step_types\/04d0cf46-b6a8-42c4-8683-60a7eaa69e8f",
            "group": null,
            "uuid": "e5dffd7f-0a05-4cad-b001-87fcce8bdcd4"
        },
        {
            "@type": "WorkflowStep",
            "name": "Start",
            "description": null,
            "arguments": {
                "step_variables": {
                    "input": {
                        "params": []
                    }
                }
            },
            "status": null,
            "top": "60",
            "left": "60",
            "stepType": "\/api\/3\/workflow_step_types\/b348f017-9a94-471f-87f8-ce88b6a7ad62",
            "group": null,
            "uuid": "f0cf33d2-0c83-4feb-a992-1b1352c2a1a1"
        },
        {
            "@type": "WorkflowStep",
            "name": "update_script_group_members",
            "description": null,
            "arguments": {
                "arguments": {
                    "adom": "{{vars.input.params.adom}}",
                    "group_name": "{{vars.input.params['group_name']}}",
                    "script_list": "{{vars.input.params['script_list']}}",
                    "connector_config": "{{vars.input.params['connector_config']}}"
                },
                "apply_async": false,
                "step_variables": [],
                "pass_parent_env": false,
                "pass_input_record": false,
                "workflowReference": "\/api\/3\/workflows\/c4c70083-acee-480d-9f85-5aabe6679df7"
            },
            "status": null,
            "top": "240",
            "left": "80",
            "stepType": "\/api\/3\/workflow_step_types\/74932bdc-b8b6-4d24-88c4-1a4dfbc524f3",
            "group": null,
            "uuid": "3216bc57-6225-4720-be8a-11f05be7cb7d"
        }
    ],
    "routes": [
        {
            "@type": "WorkflowRoute",
            "name": "Copy of setup_vars -> setup_vars",
            "targetStep": "\/api\/3\/workflow_steps\/e5dffd7f-0a05-4cad-b001-87fcce8bdcd4",
            "sourceStep": "\/api\/3\/workflow_steps\/7a879f43-d079-4d06-ad8e-20058234f428",
            "label": null,
            "isExecuted": false,
            "group": null,
            "uuid": "3f28cd98-9ff7-421e-a5e2-aea54392f737"
        },
        {
            "@type": "WorkflowRoute",
            "name": "Get Devices in FMG -> extract data",
            "targetStep": "\/api\/3\/workflow_steps\/e7168b1e-fe59-48dc-bb53-5930055b2754",
            "sourceStep": "\/api\/3\/workflow_steps\/d7b3f8b0-dfa0-4248-afa8-b11cc2459e23",
            "label": null,
            "isExecuted": false,
            "group": null,
            "uuid": "4f5355df-edbd-47c6-93b0-02cf90e1d230"
        },
        {
            "@type": "WorkflowRoute",
            "name": "get_template_group -> group_exists",
            "targetStep": "\/api\/3\/workflow_steps\/c13e6ceb-9396-49e8-9ee7-5a5b9522fbed",
            "sourceStep": "\/api\/3\/workflow_steps\/69881222-e7cc-4710-9495-ebbc62351020",
            "label": null,
            "isExecuted": false,
            "group": null,
            "uuid": "04fa0cae-d046-4950-ab19-1ca560c562db"
        },
        {
            "@type": "WorkflowRoute",
            "name": "group_exists -> setup_vars_data",
            "targetStep": "\/api\/3\/workflow_steps\/7a879f43-d079-4d06-ad8e-20058234f428",
            "sourceStep": "\/api\/3\/workflow_steps\/c13e6ceb-9396-49e8-9ee7-5a5b9522fbed",
            "label": "No",
            "isExecuted": false,
            "group": null,
            "uuid": "3e564e8c-5f9c-446e-a52b-4503a09b4267"
        },
        {
            "@type": "WorkflowRoute",
            "name": "group_exists -> update_script_group_members",
            "targetStep": "\/api\/3\/workflow_steps\/3216bc57-6225-4720-be8a-11f05be7cb7d",
            "sourceStep": "\/api\/3\/workflow_steps\/c13e6ceb-9396-49e8-9ee7-5a5b9522fbed",
            "label": "Yes",
            "isExecuted": false,
            "group": null,
            "uuid": "e066491d-9eae-4fe1-97c9-08147fc7048e"
        },
        {
            "@type": "WorkflowRoute",
            "name": "setup_payload -> create_script",
            "targetStep": "\/api\/3\/workflow_steps\/d7b3f8b0-dfa0-4248-afa8-b11cc2459e23",
            "sourceStep": "\/api\/3\/workflow_steps\/e5dffd7f-0a05-4cad-b001-87fcce8bdcd4",
            "label": null,
            "isExecuted": false,
            "group": null,
            "uuid": "14cbe7f5-b908-4a39-9140-a7be6c087fa6"
        },
        {
            "@type": "WorkflowRoute",
            "name": "Start -> get_template_group",
            "targetStep": "\/api\/3\/workflow_steps\/69881222-e7cc-4710-9495-ebbc62351020",
            "sourceStep": "\/api\/3\/workflow_steps\/f0cf33d2-0c83-4feb-a992-1b1352c2a1a1",
            "label": null,
            "isExecuted": false,
            "group": null,
            "uuid": "e800d521-6273-4ccd-adfe-741fe11251a2"
        },
        {
            "@type": "WorkflowRoute",
            "name": "update_script_group_members -> exctract_update",
            "targetStep": "\/api\/3\/workflow_steps\/f9cc6959-fdab-4459-b602-817394b83516",
            "sourceStep": "\/api\/3\/workflow_steps\/3216bc57-6225-4720-be8a-11f05be7cb7d",
            "label": null,
            "isExecuted": false,
            "group": null,
            "uuid": "5f0bcbec-c52e-40a7-abaa-dc6ac1e6d922"
        }
    ],
    "groups": [],
    "priority": "\/api\/3\/picklists\/2b563c61-ae2c-41c0-a85a-c9709585e3f2",
    "playbookOrigin": "\/api\/3\/picklists\/b6d710a9-a8ec-41ec-8817-fe9fa062fcdd",
    "isEditable": false,
    "uuid": "dedba7ab-4ec8-47ac-bfde-6bf251df4ddd",
    "owners": [],
    "isPrivate": false,
    "deletedAt": null,
    "recordTags": [
        "adom",
        "connector_config",
        "group_name",
        "output",
        "script_list",
        "Subroutine"
    ]
}