{
    "@type": "Workflow",
    "triggerLimit": null,
    "name": "> create or update fmg variable scope - by device and vdom",
    "aliasName": null,
    "tag": null,
    "description": "Create variable scope member on an existing variable.",
    "isActive": true,
    "debug": false,
    "singleRecordExecution": false,
    "remoteExecutableFlag": false,
    "parameters": [
        "connector_config",
        "adom",
        "variable",
        "device",
        "vdom",
        "value"
    ],
    "synchronous": false,
    "collection": "\/api\/3\/workflow_collections\/acff9572-b869-4ceb-bbc1-1c3700ec9a4e",
    "versions": [],
    "triggerStep": "\/api\/3\/workflow_steps\/71b37044-df1f-4bff-be5d-680466efdff4",
    "steps": [
        {
            "@type": "WorkflowStep",
            "name": "create_payload",
            "description": null,
            "arguments": {
                "payload": "{%- set input = vars.input.params -%}\n{%- set payload = {} -%}\n{%- set _do = \n  payload.update({\n  \"value\":input.value|string,\n  \"_scope\": [\n      {\"name\":input.device,\"vdom\":input.vdom}\n    ]\n  })\n-%}\n{{payload}}"
            },
            "status": null,
            "top": "120",
            "left": "360",
            "stepType": "\/api\/3\/workflow_step_types\/04d0cf46-b6a8-42c4-8683-60a7eaa69e8f",
            "group": null,
            "uuid": "66f5f2b8-a5fb-4967-9d09-236a486284d6"
        },
        {
            "@type": "WorkflowStep",
            "name": "extract_fmg_results",
            "description": null,
            "arguments": {
                "output": "{{vars.steps.update_fmg_variable}}"
            },
            "status": null,
            "top": "220",
            "left": "60",
            "stepType": "\/api\/3\/workflow_step_types\/04d0cf46-b6a8-42c4-8683-60a7eaa69e8f",
            "group": null,
            "uuid": "83a591da-b044-4179-9da0-40e05d6107d1"
        },
        {
            "@type": "WorkflowStep",
            "name": "Start",
            "description": null,
            "arguments": {
                "step_variables": {
                    "input": {
                        "params": []
                    }
                }
            },
            "status": null,
            "top": "120",
            "left": "60",
            "stepType": "\/api\/3\/workflow_step_types\/b348f017-9a94-471f-87f8-ce88b6a7ad62",
            "group": null,
            "uuid": "71b37044-df1f-4bff-be5d-680466efdff4"
        },
        {
            "@type": "WorkflowStep",
            "name": "update_fmg_variable",
            "description": null,
            "arguments": {
                "name": "Fortinet FortiManager JSON-RPC",
                "config": "{{vars.input.params['connector_config']}}",
                "params": {
                    "url": "\/pm\/config\/adom\/{{vars.input.params['adom']}}\/obj\/fmg\/variable\/{{vars.input.params.variable}}\/dynamic_mapping",
                    "data": "{{vars.payload}}"
                },
                "version": "1.0.0",
                "connector": "fortinet-fortimanager-json-rpc",
                "operation": "json_rpc_set",
                "operationTitle": "JSON RPC Set",
                "pickFromTenant": false,
                "step_variables": []
            },
            "status": null,
            "top": "220",
            "left": "360",
            "stepType": "\/api\/3\/workflow_step_types\/0bfed618-0316-11e7-93ae-92361f002671",
            "group": null,
            "uuid": "7468373f-313b-4474-9e1a-a410bf3c59e5"
        }
    ],
    "routes": [
        {
            "@type": "WorkflowRoute",
            "name": "create_payload -> get_fmg_data",
            "targetStep": "\/api\/3\/workflow_steps\/7468373f-313b-4474-9e1a-a410bf3c59e5",
            "sourceStep": "\/api\/3\/workflow_steps\/66f5f2b8-a5fb-4967-9d09-236a486284d6",
            "label": null,
            "isExecuted": false,
            "group": null,
            "uuid": "716ebcdf-9b0e-45b2-b25a-782d285daeca"
        },
        {
            "@type": "WorkflowRoute",
            "name": "Start -> create_payload",
            "targetStep": "\/api\/3\/workflow_steps\/66f5f2b8-a5fb-4967-9d09-236a486284d6",
            "sourceStep": "\/api\/3\/workflow_steps\/71b37044-df1f-4bff-be5d-680466efdff4",
            "label": null,
            "isExecuted": false,
            "group": null,
            "uuid": "64b07e4b-5343-43c8-b20c-cc36093e7dc5"
        },
        {
            "@type": "WorkflowRoute",
            "name": "update_fmg_variable -> extract_fmg_results",
            "targetStep": "\/api\/3\/workflow_steps\/83a591da-b044-4179-9da0-40e05d6107d1",
            "sourceStep": "\/api\/3\/workflow_steps\/7468373f-313b-4474-9e1a-a410bf3c59e5",
            "label": null,
            "isExecuted": false,
            "group": null,
            "uuid": "a0aa97e2-368d-44ed-83f7-89d9beda0261"
        }
    ],
    "groups": [],
    "priority": "\/api\/3\/picklists\/2b563c61-ae2c-41c0-a85a-c9709585e3f2",
    "playbookOrigin": "\/api\/3\/picklists\/b6d710a9-a8ec-41ec-8817-fe9fa062fcdd",
    "isEditable": false,
    "uuid": "c81d4f29-d092-4218-9346-becb9d0d694c",
    "owners": [],
    "isPrivate": false,
    "deletedAt": null,
    "recordTags": [
        "connector_config",
        "device_name",
        "json_rpc",
        "output",
        "Subroutine"
    ]
}