{
    "@type": "Workflow",
    "triggerLimit": null,
    "name": "> get fmg variables - by adom",
    "aliasName": null,
    "tag": null,
    "description": "Get variables by ADOM and return with scope members.",
    "isActive": true,
    "debug": false,
    "singleRecordExecution": false,
    "remoteExecutableFlag": false,
    "parameters": [
        "connector_config",
        "adom"
    ],
    "synchronous": false,
    "collection": "\/api\/3\/workflow_collections\/acff9572-b869-4ceb-bbc1-1c3700ec9a4e",
    "versions": [],
    "triggerStep": "\/api\/3\/workflow_steps\/c774f44e-e49d-469d-9152-cdebeff34e41",
    "steps": [
        {
            "@type": "WorkflowStep",
            "name": "extract fmg data",
            "description": null,
            "arguments": {
                "output": "{{vars.steps.get_fmg_data.data.get_response}}"
            },
            "status": null,
            "top": "220",
            "left": "60",
            "stepType": "\/api\/3\/workflow_step_types\/04d0cf46-b6a8-42c4-8683-60a7eaa69e8f",
            "group": null,
            "uuid": "e14fe409-8700-4e19-95a7-ac1e62f4bac0"
        },
        {
            "@type": "WorkflowStep",
            "name": "get_fmg_data",
            "description": null,
            "arguments": {
                "name": "Fortinet FortiManager JSON-RPC",
                "config": "{{vars.input.params['connector_config']}}",
                "params": {
                    "url": "\/pm\/config\/adom\/{{vars.input.params['adom']}}\/obj\/fmg\/variable",
                    "data": "{\n  \"option\": [\n    \"object member\",\n    \"extra info\"\n  ]\n}"
                },
                "version": "1.0.0",
                "connector": "fortinet-fortimanager-json-rpc",
                "operation": "json_rpc_get",
                "operationTitle": "JSON RPC Get",
                "pickFromTenant": false,
                "step_variables": []
            },
            "status": null,
            "top": "160",
            "left": "380",
            "stepType": "\/api\/3\/workflow_step_types\/0bfed618-0316-11e7-93ae-92361f002671",
            "group": null,
            "uuid": "12c09678-098a-4da7-95ba-083929ffe49c"
        },
        {
            "@type": "WorkflowStep",
            "name": "Start",
            "description": null,
            "arguments": {
                "step_variables": {
                    "input": {
                        "params": []
                    }
                }
            },
            "status": null,
            "top": "100",
            "left": "60",
            "stepType": "\/api\/3\/workflow_step_types\/b348f017-9a94-471f-87f8-ce88b6a7ad62",
            "group": null,
            "uuid": "c774f44e-e49d-469d-9152-cdebeff34e41"
        }
    ],
    "routes": [
        {
            "@type": "WorkflowRoute",
            "name": "Get Devices in FMG -> extract data",
            "targetStep": "\/api\/3\/workflow_steps\/e14fe409-8700-4e19-95a7-ac1e62f4bac0",
            "sourceStep": "\/api\/3\/workflow_steps\/12c09678-098a-4da7-95ba-083929ffe49c",
            "label": null,
            "isExecuted": false,
            "group": null,
            "uuid": "20f4da4a-d036-4814-91d0-ecd78dd2a52b"
        },
        {
            "@type": "WorkflowRoute",
            "name": "Start -> Get Devices in FMG",
            "targetStep": "\/api\/3\/workflow_steps\/12c09678-098a-4da7-95ba-083929ffe49c",
            "sourceStep": "\/api\/3\/workflow_steps\/c774f44e-e49d-469d-9152-cdebeff34e41",
            "label": null,
            "isExecuted": false,
            "group": null,
            "uuid": "95bb465f-adee-4c75-bb8e-a6f5e7ed36ea"
        }
    ],
    "groups": [],
    "priority": "\/api\/3\/picklists\/2b563c61-ae2c-41c0-a85a-c9709585e3f2",
    "playbookOrigin": "\/api\/3\/picklists\/b6d710a9-a8ec-41ec-8817-fe9fa062fcdd",
    "isEditable": false,
    "uuid": "9cdcb682-ed5b-4aab-bd5b-6559495862a4",
    "owners": [],
    "isPrivate": false,
    "deletedAt": null,
    "recordTags": [
        "adom",
        "connector_config",
        "json_rpc",
        "output",
        "Subroutine"
    ]
}