{
    "@type": "Workflow",
    "triggerLimit": null,
    "name": "> get fmg devices",
    "aliasName": null,
    "tag": null,
    "description": "Use json_rpc to get FMG fos devices with adoms and assignment info and status returned in {{output}}.",
    "isActive": true,
    "debug": false,
    "singleRecordExecution": false,
    "remoteExecutableFlag": false,
    "parameters": [
        "connector_config"
    ],
    "synchronous": false,
    "collection": "\/api\/3\/workflow_collections\/acff9572-b869-4ceb-bbc1-1c3700ec9a4e",
    "versions": [],
    "triggerStep": "\/api\/3\/workflow_steps\/0956b755-42d9-4c4a-9ca0-0760b43457f1",
    "steps": [
        {
            "@type": "WorkflowStep",
            "name": "extract fmg device data",
            "description": null,
            "arguments": {
                "output": "{{vars.steps.get_fmg_devices.data.get_response}}"
            },
            "status": null,
            "top": "260",
            "left": "60",
            "stepType": "\/api\/3\/workflow_step_types\/04d0cf46-b6a8-42c4-8683-60a7eaa69e8f",
            "group": null,
            "uuid": "4b6c08e3-dee0-404b-a175-c2b11a6743d7"
        },
        {
            "@type": "WorkflowStep",
            "name": "get fmg devices",
            "description": null,
            "arguments": {
                "name": "Fortinet FortiManager JSON-RPC",
                "config": "{{vars.input.params['connector_config']}}",
                "params": {
                    "url": "\/dvmdb\/device",
                    "data": "{\n  \"option\": [\n    \"extra info\",\n    \"assignment info\",\n    \"get meta\"\n  ],\n  \"filter\": [\n    \"os_type\",\n    \"==\",\n    \"fos\"\n  ]\n}"
                },
                "version": "1.0.0",
                "connector": "fortinet-fortimanager-json-rpc",
                "operation": "json_rpc_get",
                "operationTitle": "JSON RPC Get",
                "pickFromTenant": false,
                "step_variables": []
            },
            "status": null,
            "top": "160",
            "left": "60",
            "stepType": "\/api\/3\/workflow_step_types\/0bfed618-0316-11e7-93ae-92361f002671",
            "group": null,
            "uuid": "05779ec9-63cb-4642-88ec-54fd51f5d128"
        },
        {
            "@type": "WorkflowStep",
            "name": "Start",
            "description": null,
            "arguments": {
                "step_variables": {
                    "input": {
                        "params": []
                    }
                }
            },
            "status": null,
            "top": "60",
            "left": "60",
            "stepType": "\/api\/3\/workflow_step_types\/b348f017-9a94-471f-87f8-ce88b6a7ad62",
            "group": null,
            "uuid": "0956b755-42d9-4c4a-9ca0-0760b43457f1"
        }
    ],
    "routes": [
        {
            "@type": "WorkflowRoute",
            "name": "Get Devices in FMG -> extract data",
            "targetStep": "\/api\/3\/workflow_steps\/4b6c08e3-dee0-404b-a175-c2b11a6743d7",
            "sourceStep": "\/api\/3\/workflow_steps\/05779ec9-63cb-4642-88ec-54fd51f5d128",
            "label": null,
            "isExecuted": false,
            "group": null,
            "uuid": "31f345a2-95bc-4134-873e-e7177ebda897"
        },
        {
            "@type": "WorkflowRoute",
            "name": "Start -> Get Devices in FMG",
            "targetStep": "\/api\/3\/workflow_steps\/05779ec9-63cb-4642-88ec-54fd51f5d128",
            "sourceStep": "\/api\/3\/workflow_steps\/0956b755-42d9-4c4a-9ca0-0760b43457f1",
            "label": null,
            "isExecuted": false,
            "group": null,
            "uuid": "4ce99db8-c8ca-4897-b743-28646a9d637b"
        }
    ],
    "groups": [
        {
            "@type": "WorkflowGroup",
            "name": "Change Log",
            "description": "5\/16\/23 - Intital\n5\/17\/23 - Added `get meta` as an option to the call",
            "type": "note",
            "isCollapsed": false,
            "hasTriggerStep": false,
            "hideInLogs": false,
            "metadata": [],
            "reusable": false,
            "top": "60",
            "left": "500",
            "height": "123",
            "width": "348",
            "uuid": "9bfa6a36-311d-4003-be89-c6ea447db94b",
            "recordTags": []
        }
    ],
    "priority": "\/api\/3\/picklists\/2b563c61-ae2c-41c0-a85a-c9709585e3f2",
    "playbookOrigin": "\/api\/3\/picklists\/b6d710a9-a8ec-41ec-8817-fe9fa062fcdd",
    "isEditable": false,
    "uuid": "e2da78d5-9c2d-41a6-bd90-c3607bfde1a9",
    "owners": [],
    "isPrivate": false,
    "deletedAt": null,
    "recordTags": [
        "connector_config",
        "json_rpc",
        "output",
        "Subroutine"
    ]
}