{
    "@type": "Workflow",
    "triggerLimit": null,
    "name": "> get device group device index - by adom",
    "aliasName": null,
    "tag": null,
    "description": "Return a device group index by device so playbooks can find what groups a device is currently assigned if any.",
    "isActive": true,
    "debug": false,
    "singleRecordExecution": false,
    "remoteExecutableFlag": false,
    "parameters": [
        "connector_config",
        "adom"
    ],
    "synchronous": false,
    "collection": "\/api\/3\/workflow_collections\/acff9572-b869-4ceb-bbc1-1c3700ec9a4e",
    "versions": [],
    "triggerStep": "\/api\/3\/workflow_steps\/c1b1468f-ce31-4726-8ac1-be76ef1a1039",
    "steps": [
        {
            "@type": "WorkflowStep",
            "name": "extract_device_group_return",
            "description": null,
            "arguments": {
                "device_group_data": "{{vars.steps.get_all_group_members.output}}"
            },
            "status": null,
            "top": "240",
            "left": "380",
            "stepType": "\/api\/3\/workflow_step_types\/04d0cf46-b6a8-42c4-8683-60a7eaa69e8f",
            "group": null,
            "uuid": "4a051556-a9fd-459f-be2f-f4e22a444028"
        },
        {
            "@type": "WorkflowStep",
            "name": "get_all_group_members",
            "description": null,
            "arguments": {
                "arguments": {
                    "adom": "{{vars.input.params.adom}}",
                    "connector_config": "{{vars.input.params['connector_config']}}"
                },
                "apply_async": false,
                "step_variables": [],
                "pass_parent_env": false,
                "pass_input_record": false,
                "workflowReference": "\/api\/3\/workflows\/90b3afa6-8cf8-45e1-9714-157127b33853"
            },
            "status": null,
            "top": "180",
            "left": "720",
            "stepType": "\/api\/3\/workflow_step_types\/74932bdc-b8b6-4d24-88c4-1a4dfbc524f3",
            "group": null,
            "uuid": "8a771125-bda6-4716-a377-6ad94299a322"
        },
        {
            "@type": "WorkflowStep",
            "name": "return_results",
            "description": null,
            "arguments": {
                "output": "{%- set idx = {} -%}\n{%- for grp in vars.device_group_data -%}\n  {%- if 'object member' in grp -%}\n    {%- for member in grp['object member']|json_query('[].[name,vdom]') -%}\n      {# If no vdom then we have a group of a group #}\n      {%- if member[1] != None -%}\n        {%- set key = member[0] + \":\" + member[1] -%}\n          {%- if key in idx -%}\n            {%- set cur = idx[key] -%}\n            {%- set _do = cur.append(grp.name) -%}\n            {%- set _do = idx.update( { key:cur } ) -%}\n          {%- else -%}\n            {%- set _do = idx.update( { key:[grp.name] } ) -%}\n          {%- endif -%}\n      {%- endif -%}\n    {%- endfor -%}  \n  {%- endif -%}\n{%- endfor -%}\n{{idx}}"
            },
            "status": null,
            "top": "240",
            "left": "60",
            "stepType": "\/api\/3\/workflow_step_types\/04d0cf46-b6a8-42c4-8683-60a7eaa69e8f",
            "group": null,
            "uuid": "7a97170f-ba38-4787-b385-c137ede170d0"
        },
        {
            "@type": "WorkflowStep",
            "name": "setup_input",
            "description": null,
            "arguments": [],
            "status": null,
            "top": "120",
            "left": "380",
            "stepType": "\/api\/3\/workflow_step_types\/04d0cf46-b6a8-42c4-8683-60a7eaa69e8f",
            "group": null,
            "uuid": "a0b3f43c-38f9-4765-9ca8-c316e54d8855"
        },
        {
            "@type": "WorkflowStep",
            "name": "Start",
            "description": null,
            "arguments": {
                "step_variables": {
                    "input": {
                        "params": []
                    }
                }
            },
            "status": null,
            "top": "120",
            "left": "60",
            "stepType": "\/api\/3\/workflow_step_types\/b348f017-9a94-471f-87f8-ce88b6a7ad62",
            "group": null,
            "uuid": "c1b1468f-ce31-4726-8ac1-be76ef1a1039"
        }
    ],
    "routes": [
        {
            "@type": "WorkflowRoute",
            "name": "device_scope -> return_results",
            "targetStep": "\/api\/3\/workflow_steps\/7a97170f-ba38-4787-b385-c137ede170d0",
            "sourceStep": "\/api\/3\/workflow_steps\/4a051556-a9fd-459f-be2f-f4e22a444028",
            "label": null,
            "isExecuted": false,
            "group": null,
            "uuid": "5875fe4b-6287-4aaa-9cb3-4e8c8d881430"
        },
        {
            "@type": "WorkflowRoute",
            "name": "get_current_scope_members -> device_scope",
            "targetStep": "\/api\/3\/workflow_steps\/4a051556-a9fd-459f-be2f-f4e22a444028",
            "sourceStep": "\/api\/3\/workflow_steps\/8a771125-bda6-4716-a377-6ad94299a322",
            "label": null,
            "isExecuted": false,
            "group": null,
            "uuid": "5e2f9675-a328-4510-9014-2ec8d6ce49e6"
        },
        {
            "@type": "WorkflowRoute",
            "name": "setup_input -> get_current_scope_members",
            "targetStep": "\/api\/3\/workflow_steps\/8a771125-bda6-4716-a377-6ad94299a322",
            "sourceStep": "\/api\/3\/workflow_steps\/a0b3f43c-38f9-4765-9ca8-c316e54d8855",
            "label": null,
            "isExecuted": false,
            "group": null,
            "uuid": "e163ff45-f274-4573-b321-f65c8e9739be"
        },
        {
            "@type": "WorkflowRoute",
            "name": "Start -> setup_input",
            "targetStep": "\/api\/3\/workflow_steps\/a0b3f43c-38f9-4765-9ca8-c316e54d8855",
            "sourceStep": "\/api\/3\/workflow_steps\/c1b1468f-ce31-4726-8ac1-be76ef1a1039",
            "label": null,
            "isExecuted": false,
            "group": null,
            "uuid": "c820f1a8-7b4f-42a3-b60c-cfa1269bcd3c"
        }
    ],
    "groups": [],
    "priority": "\/api\/3\/picklists\/2b563c61-ae2c-41c0-a85a-c9709585e3f2",
    "playbookOrigin": "\/api\/3\/picklists\/b6d710a9-a8ec-41ec-8817-fe9fa062fcdd",
    "isEditable": false,
    "uuid": "2381a573-bbf1-48c4-8af3-fac2d47b409d",
    "owners": [],
    "isPrivate": false,
    "deletedAt": null,
    "recordTags": [
        "adom",
        "json_rpc",
        "Subroutine"
    ]
}