{
    "@context": "\/api\/3\/contexts\/WorkflowCollection",
    "@type": "WorkflowCollection",
    "name": "10 - SP - FortiManager ZTP Flow - FortiManager(FMG)-Microservices",
    "description": "Microservices are designed to perform small actions to manage your FortiManager(FMG) with FortiSOAR using the json_rpc Actions",
    "visible": true,
    "image": null,
    "uuid": "acff9572-b869-4ceb-bbc1-1c3700ec9a4e",
    "deletedAt": null,
    "recordTags": [
        "FMG",
        "json_rpc",
        "Subroutine"
    ]
}