{
    "@type": "Workflow",
    "triggerLimit": null,
    "name": "> netshot data normalization playbook example",
    "aliasName": null,
    "tag": null,
    "description": "Example playbook for a custom solution that returns normalized data by reading the existing data.",
    "isActive": true,
    "debug": false,
    "singleRecordExecution": false,
    "remoteExecutableFlag": false,
    "parameters": [
        "output_id"
    ],
    "synchronous": false,
    "collection": "\/api\/3\/workflow_collections\/ae80b98c-43c4-4fbf-8e7d-5dbfbe83444f",
    "versions": [],
    "triggerStep": "\/api\/3\/workflow_steps\/e5f3114e-f818-4999-968b-101c000e3a85",
    "steps": [
        {
            "@type": "WorkflowStep",
            "name": "create normalized data",
            "description": null,
            "arguments": {
                "config": "c9ed51c2-098a-4673-965c-18ba75e72773",
                "params": {
                    "python_function": "import json\r\n\r\ndef text_to_json(text):\r\n    lines = text.split('\\n')\r\n    word_count = sum(len(line.split()) for line in lines)\r\n    char_count = sum(len(line) for line in lines)\r\n\r\n    data = {\r\n        \"line_count\": len(lines),\r\n        \"word_count\": word_count,\r\n        \"char_count\": char_count\r\n    }\r\n    return json.dumps(data, indent=4)\r\n\r\n\r\nraw_text = \"\"\"{{vars.steps.find_target_output[0].sourceData}}\"\"\"\r\njson_output = text_to_json(raw_text)\r\nprint(json_output)"
                },
                "version": "2.1.3",
                "connector": "code-snippet",
                "operation": "python_inline_code_editor",
                "operationTitle": "Execute Python Code",
                "step_variables": []
            },
            "status": null,
            "top": "480",
            "left": "940",
            "stepType": "\/api\/3\/workflow_step_types\/1fdd14cc-d6b4-4335-a3af-ab49c8ed2fd8",
            "group": null,
            "uuid": "647cece4-8da6-4c91-8c6c-85337bb1651f"
        },
        {
            "@type": "WorkflowStep",
            "name": "find target output",
            "description": null,
            "arguments": {
                "query": {
                    "sort": [],
                    "limit": 30,
                    "logic": "AND",
                    "filters": [
                        {
                            "type": "primitive",
                            "field": "id",
                            "value": "{{vars.output_id}}",
                            "operator": "eq",
                            "_operator": "eq"
                        }
                    ],
                    "__selectFields": [
                        "timestamp",
                        "name",
                        "id",
                        "sourceData"
                    ]
                },
                "module": "netshot_target_outputs?$limit=1",
                "checkboxFields": true,
                "step_variables": []
            },
            "status": null,
            "top": "40",
            "left": "940",
            "stepType": "\/api\/3\/workflow_step_types\/b593663d-7d13-40ce-a3a3-96dece928770",
            "group": null,
            "uuid": "86a50706-4936-4ec9-bae2-60f2929531f2"
        },
        {
            "@type": "WorkflowStep",
            "name": "return",
            "description": null,
            "arguments": {
                "output": "{\"test\":\"me\"}"
            },
            "status": null,
            "top": "480",
            "left": "40",
            "stepType": "\/api\/3\/workflow_step_types\/04d0cf46-b6a8-42c4-8683-60a7eaa69e8f",
            "group": null,
            "uuid": "27f73e91-2e44-4306-a3c4-3fa578037e1f"
        },
        {
            "@type": "WorkflowStep",
            "name": "setup env",
            "description": null,
            "arguments": {
                "output_id": "{{vars.input.params['output_id']}}"
            },
            "status": null,
            "top": "40",
            "left": "400",
            "stepType": "\/api\/3\/workflow_step_types\/04d0cf46-b6a8-42c4-8683-60a7eaa69e8f",
            "group": null,
            "uuid": "4502dccf-b2da-4160-8751-3f2c4294476d"
        },
        {
            "@type": "WorkflowStep",
            "name": "Start",
            "description": null,
            "arguments": {
                "__triggerLimit": true,
                "step_variables": {
                    "input": {
                        "params": []
                    }
                },
                "triggerOnSource": true,
                "triggerOnReplicate": false
            },
            "status": null,
            "top": "40",
            "left": "40",
            "stepType": "\/api\/3\/workflow_step_types\/b348f017-9a94-471f-87f8-ce88b6a7ad62",
            "group": null,
            "uuid": "e5f3114e-f818-4999-968b-101c000e3a85"
        }
    ],
    "routes": [
        {
            "@type": "WorkflowRoute",
            "name": "create normalized data -> return",
            "targetStep": "\/api\/3\/workflow_steps\/27f73e91-2e44-4306-a3c4-3fa578037e1f",
            "sourceStep": "\/api\/3\/workflow_steps\/647cece4-8da6-4c91-8c6c-85337bb1651f",
            "label": null,
            "isExecuted": false,
            "group": null,
            "uuid": "a616baac-a58f-477f-acd1-5105ed847f0c"
        },
        {
            "@type": "WorkflowRoute",
            "name": "find target output -> create normalized data",
            "targetStep": "\/api\/3\/workflow_steps\/647cece4-8da6-4c91-8c6c-85337bb1651f",
            "sourceStep": "\/api\/3\/workflow_steps\/86a50706-4936-4ec9-bae2-60f2929531f2",
            "label": null,
            "isExecuted": false,
            "group": null,
            "uuid": "adff0c5b-6b43-4f59-ad32-0154443cd72f"
        },
        {
            "@type": "WorkflowRoute",
            "name": "setup env -> find target output",
            "targetStep": "\/api\/3\/workflow_steps\/86a50706-4936-4ec9-bae2-60f2929531f2",
            "sourceStep": "\/api\/3\/workflow_steps\/4502dccf-b2da-4160-8751-3f2c4294476d",
            "label": null,
            "isExecuted": false,
            "group": null,
            "uuid": "9c925a6c-41ff-4cdf-a5dd-94219a1e0db3"
        },
        {
            "@type": "WorkflowRoute",
            "name": "Start -> setup env",
            "targetStep": "\/api\/3\/workflow_steps\/4502dccf-b2da-4160-8751-3f2c4294476d",
            "sourceStep": "\/api\/3\/workflow_steps\/e5f3114e-f818-4999-968b-101c000e3a85",
            "label": null,
            "isExecuted": false,
            "group": null,
            "uuid": "c11a4bb5-e5d3-42d8-9050-e525a2dd212c"
        }
    ],
    "groups": [
        {
            "@type": "WorkflowGroup",
            "name": "How To Use",
            "description": "Create a new Data Profile with the following:\n  Name: Stats of Source Data\n  Normalized Data Key: sourcedata_stats\n  Type: Playbook\n  Script: ade0b96c-13a4-42fa-bcca-7cf98a389076\n\nIn the Target Output Record cick Normalize Data and enter the data key:\n  sourcedata_stats\n\nClone this playbook as your starting point for a new playbook integration.",
            "type": "note",
            "isCollapsed": false,
            "hasTriggerStep": false,
            "hideInLogs": false,
            "metadata": [],
            "reusable": false,
            "top": "140",
            "left": "540",
            "height": "298",
            "width": "498",
            "uuid": "e5ed5acd-23a1-4e6e-88c5-9a4762c75698",
            "recordTags": []
        },
        {
            "@type": "WorkflowGroup",
            "name": "Prerequisites",
            "description": "Create a new Output Profile with the following:\n  Name: Hello World\n  Method: Playbook\n  Resource: 4be7a8aa-4d16-4af1-9efe-34c0f2df807b\n\nCreate a new Target:\n  Name: The World\n  Type: Site\n\nIn the Target push the button Add Output from Profile and select the Hello World profile. See the new Output Data record from this playbook.",
            "type": "note",
            "isCollapsed": false,
            "hasTriggerStep": false,
            "hideInLogs": true,
            "metadata": [],
            "reusable": false,
            "top": "140",
            "left": "40",
            "height": "298",
            "width": "482",
            "uuid": "f406b3ee-a5cf-4ca9-a6d3-99d4cd608d1b",
            "recordTags": []
        }
    ],
    "priority": "\/api\/3\/picklists\/2b563c61-ae2c-41c0-a85a-c9709585e3f2",
    "playbookOrigin": "\/api\/3\/picklists\/b6d710a9-a8ec-41ec-8817-fe9fa062fcdd",
    "isEditable": true,
    "uuid": "ade0b96c-13a4-42fa-bcca-7cf98a389076",
    "owners": [],
    "isPrivate": false,
    "deletedAt": null,
    "recordTags": [
        "Example",
        "Netshot Integration"
    ]
}