{
    "@type": "Workflow",
    "triggerLimit": null,
    "name": "> netshot target output playbook example and template return TEXT",
    "aliasName": null,
    "tag": null,
    "description": "Example playbook for creating Netshot data from an Output Profile on a Target.",
    "isActive": true,
    "debug": false,
    "singleRecordExecution": false,
    "remoteExecutableFlag": false,
    "parameters": [
        "target_id"
    ],
    "synchronous": false,
    "collection": "\/api\/3\/workflow_collections\/ae80b98c-43c4-4fbf-8e7d-5dbfbe83444f",
    "versions": [],
    "triggerStep": "\/api\/3\/workflow_steps\/447b076b-9f4c-4389-b3e2-7598da10b47c",
    "steps": [
        {
            "@type": "WorkflowStep",
            "name": "create custom data",
            "description": null,
            "arguments": {
                "custom_data": "Seeing Target:\n{{vars.steps.find_target[0].name}}\n\nSeeing (Last 15) Outputs:\n{% for o in vars.steps.find_target_outputs -%}\n{{arrow.get(o.createDate).to(\"UTC\").format(\"YYYY-MM-DD HH:mm:ss ZZ\")}} - {{o.context}}\n{% endfor -%}"
            },
            "status": null,
            "top": "460",
            "left": "640",
            "stepType": "\/api\/3\/workflow_step_types\/04d0cf46-b6a8-42c4-8683-60a7eaa69e8f",
            "group": null,
            "uuid": "98e07c7a-68c6-490b-97f2-717a4f024756"
        },
        {
            "@type": "WorkflowStep",
            "name": "find target",
            "description": null,
            "arguments": {
                "query": {
                    "sort": [],
                    "limit": 30,
                    "logic": "AND",
                    "filters": [
                        {
                            "type": "primitive",
                            "field": "id",
                            "value": "{{vars.target_id}}",
                            "operator": "eq",
                            "_operator": "eq"
                        }
                    ],
                    "__selectFields": [
                        "id",
                        "name"
                    ]
                },
                "module": "netshot_targets?$limit=1",
                "checkboxFields": true,
                "step_variables": []
            },
            "status": null,
            "top": "40",
            "left": "640",
            "stepType": "\/api\/3\/workflow_step_types\/b593663d-7d13-40ce-a3a3-96dece928770",
            "group": null,
            "uuid": "3eac0f3b-990c-477a-87de-0d62066f559b"
        },
        {
            "@type": "WorkflowStep",
            "name": "find target outputs",
            "description": null,
            "arguments": {
                "query": {
                    "sort": [
                        {
                            "field": "timestamp",
                            "direction": "DESC",
                            "_fieldName": "timestamp",
                            "_fieldTitle": "Timestamp"
                        }
                    ],
                    "limit": 30,
                    "logic": "AND",
                    "filters": [
                        {
                            "type": "primitive",
                            "field": "netshotTargets",
                            "value": "{{vars.steps.find_target[0]['@id']}}",
                            "operator": "eq",
                            "_operator": "eq"
                        }
                    ],
                    "__selectFields": [
                        "context",
                        "id",
                        "createDate"
                    ]
                },
                "module": "netshot_target_outputs?$limit=15",
                "checkboxFields": true,
                "step_variables": []
            },
            "status": null,
            "top": "120",
            "left": "640",
            "stepType": "\/api\/3\/workflow_step_types\/b593663d-7d13-40ce-a3a3-96dece928770",
            "group": null,
            "uuid": "683a8194-c799-42c9-af12-0a457eccfab3"
        },
        {
            "@type": "WorkflowStep",
            "name": "return",
            "description": null,
            "arguments": {
                "output": "{{vars.custom_data}}"
            },
            "status": null,
            "top": "460",
            "left": "40",
            "stepType": "\/api\/3\/workflow_step_types\/04d0cf46-b6a8-42c4-8683-60a7eaa69e8f",
            "group": null,
            "uuid": "f514557d-247a-49d3-941b-ae447e9f8a28"
        },
        {
            "@type": "WorkflowStep",
            "name": "setup env",
            "description": null,
            "arguments": {
                "target_id": "{{vars.input.params['target_id']}}"
            },
            "status": null,
            "top": "40",
            "left": "340",
            "stepType": "\/api\/3\/workflow_step_types\/04d0cf46-b6a8-42c4-8683-60a7eaa69e8f",
            "group": null,
            "uuid": "fcb0e64a-5443-4cb5-8a10-909a10a99ba7"
        },
        {
            "@type": "WorkflowStep",
            "name": "Start",
            "description": null,
            "arguments": {
                "__triggerLimit": true,
                "step_variables": {
                    "input": {
                        "params": []
                    }
                },
                "triggerOnSource": true,
                "triggerOnReplicate": false
            },
            "status": null,
            "top": "40",
            "left": "40",
            "stepType": "\/api\/3\/workflow_step_types\/b348f017-9a94-471f-87f8-ce88b6a7ad62",
            "group": null,
            "uuid": "447b076b-9f4c-4389-b3e2-7598da10b47c"
        }
    ],
    "routes": [
        {
            "@type": "WorkflowRoute",
            "name": "create custom data -> return",
            "targetStep": "\/api\/3\/workflow_steps\/f514557d-247a-49d3-941b-ae447e9f8a28",
            "sourceStep": "\/api\/3\/workflow_steps\/98e07c7a-68c6-490b-97f2-717a4f024756",
            "label": null,
            "isExecuted": false,
            "group": null,
            "uuid": "1f9c6189-7750-46da-8d4f-3e9490cb1486"
        },
        {
            "@type": "WorkflowRoute",
            "name": "find target -> find target outputs",
            "targetStep": "\/api\/3\/workflow_steps\/683a8194-c799-42c9-af12-0a457eccfab3",
            "sourceStep": "\/api\/3\/workflow_steps\/3eac0f3b-990c-477a-87de-0d62066f559b",
            "label": null,
            "isExecuted": false,
            "group": null,
            "uuid": "2842250b-5adf-4fe4-b04a-d6b74e908774"
        },
        {
            "@type": "WorkflowRoute",
            "name": "find target outputs -> create custom data",
            "targetStep": "\/api\/3\/workflow_steps\/98e07c7a-68c6-490b-97f2-717a4f024756",
            "sourceStep": "\/api\/3\/workflow_steps\/683a8194-c799-42c9-af12-0a457eccfab3",
            "label": null,
            "isExecuted": false,
            "group": null,
            "uuid": "ab7c1f3c-914d-499d-95a4-f8ea932a873e"
        },
        {
            "@type": "WorkflowRoute",
            "name": "setup env -> find target",
            "targetStep": "\/api\/3\/workflow_steps\/3eac0f3b-990c-477a-87de-0d62066f559b",
            "sourceStep": "\/api\/3\/workflow_steps\/fcb0e64a-5443-4cb5-8a10-909a10a99ba7",
            "label": null,
            "isExecuted": false,
            "group": null,
            "uuid": "69d8812e-d29b-4ebe-99fe-00fd6aa950f6"
        },
        {
            "@type": "WorkflowRoute",
            "name": "Start -> setup env",
            "targetStep": "\/api\/3\/workflow_steps\/fcb0e64a-5443-4cb5-8a10-909a10a99ba7",
            "sourceStep": "\/api\/3\/workflow_steps\/447b076b-9f4c-4389-b3e2-7598da10b47c",
            "label": null,
            "isExecuted": false,
            "group": null,
            "uuid": "2c253db9-ac9a-4fdc-bdf0-c67a99cd096b"
        }
    ],
    "groups": [
        {
            "@type": "WorkflowGroup",
            "name": "How To Use",
            "description": "Create a new Output Profile with the following:\n  Name: Hello World\n  Method: Playbook\n  Resource: 4be7a8aa-4d16-4af1-9efe-34c0f2df807b\n\nCreate a new Target:\n  Name: The World\n  Type: Site\n\nIn the Target push the button Add Output from Profile and select the Hello World profile. See the new Output Data record from this playbook. \n\nClone this playbook as your starting point for a new playbook integration.",
            "type": "note",
            "isCollapsed": false,
            "hasTriggerStep": false,
            "hideInLogs": false,
            "metadata": [],
            "reusable": false,
            "top": "140",
            "left": "80",
            "height": "298",
            "width": "498",
            "uuid": "6692a558-7199-480a-9ff6-2d3d06db81b4",
            "recordTags": []
        }
    ],
    "priority": "\/api\/3\/picklists\/2b563c61-ae2c-41c0-a85a-c9709585e3f2",
    "playbookOrigin": "\/api\/3\/picklists\/b6d710a9-a8ec-41ec-8817-fe9fa062fcdd",
    "isEditable": true,
    "uuid": "4be7a8aa-4d16-4af1-9efe-34c0f2df807b",
    "owners": [],
    "isPrivate": false,
    "deletedAt": null,
    "recordTags": [
        "Example",
        "Netshot Integration"
    ]
}