{
    "@type": "Workflow",
    "triggerLimit": null,
    "name": "> netshot target output playbook example and template return JSON",
    "aliasName": null,
    "tag": null,
    "description": "Example playbook for creating Netshot data from an Output Profile on a Target.",
    "isActive": true,
    "debug": false,
    "singleRecordExecution": false,
    "remoteExecutableFlag": false,
    "parameters": [
        "target_id"
    ],
    "synchronous": false,
    "collection": "\/api\/3\/workflow_collections\/ae80b98c-43c4-4fbf-8e7d-5dbfbe83444f",
    "versions": [],
    "triggerStep": "\/api\/3\/workflow_steps\/66b51e32-f675-47e7-a9d4-16a1c3693ba7",
    "steps": [
        {
            "@type": "WorkflowStep",
            "name": "create custom data",
            "description": null,
            "arguments": {
                "custom_data": "{%- set ret = {} -%}\n{%- do ret.update({\n  \"target\":vars.steps.find_target[0].name,\n  \"outputs\":vars.steps.find_target_outputs\n  }) \n-%}\n{{ret}}"
            },
            "status": null,
            "top": "460",
            "left": "640",
            "stepType": "\/api\/3\/workflow_step_types\/04d0cf46-b6a8-42c4-8683-60a7eaa69e8f",
            "group": null,
            "uuid": "4f869ed3-5f54-4009-b27c-62c3b3a3e513"
        },
        {
            "@type": "WorkflowStep",
            "name": "find target",
            "description": null,
            "arguments": {
                "query": {
                    "sort": [],
                    "limit": 30,
                    "logic": "AND",
                    "filters": [
                        {
                            "type": "primitive",
                            "field": "id",
                            "value": "{{vars.target_id}}",
                            "operator": "eq",
                            "_operator": "eq"
                        }
                    ],
                    "__selectFields": [
                        "id",
                        "name"
                    ]
                },
                "module": "netshot_targets?$limit=1",
                "checkboxFields": true,
                "step_variables": []
            },
            "status": null,
            "top": "40",
            "left": "640",
            "stepType": "\/api\/3\/workflow_step_types\/b593663d-7d13-40ce-a3a3-96dece928770",
            "group": null,
            "uuid": "eb9f4d25-7c13-4788-8dba-868a12653f8b"
        },
        {
            "@type": "WorkflowStep",
            "name": "find target outputs",
            "description": null,
            "arguments": {
                "query": {
                    "sort": [],
                    "limit": 30,
                    "logic": "AND",
                    "filters": [
                        {
                            "type": "primitive",
                            "field": "netshotTargets",
                            "value": "{{vars.steps.find_target[0]['@id']}}",
                            "operator": "eq",
                            "_operator": "eq"
                        }
                    ],
                    "__selectFields": [
                        "id",
                        "context",
                        "createDate"
                    ]
                },
                "module": "netshot_target_outputs?$limit=15",
                "checkboxFields": true,
                "step_variables": []
            },
            "status": null,
            "top": "120",
            "left": "640",
            "stepType": "\/api\/3\/workflow_step_types\/b593663d-7d13-40ce-a3a3-96dece928770",
            "group": null,
            "uuid": "adb66e57-ef6f-462b-bf50-9f3c120e151e"
        },
        {
            "@type": "WorkflowStep",
            "name": "return",
            "description": null,
            "arguments": {
                "output": "{{vars.custom_data}}"
            },
            "status": null,
            "top": "460",
            "left": "40",
            "stepType": "\/api\/3\/workflow_step_types\/04d0cf46-b6a8-42c4-8683-60a7eaa69e8f",
            "group": null,
            "uuid": "44970b80-e6d8-4ded-94ce-95073fa074ca"
        },
        {
            "@type": "WorkflowStep",
            "name": "setup env",
            "description": null,
            "arguments": {
                "target_id": "{{vars.input.params['target_id']}}"
            },
            "status": null,
            "top": "40",
            "left": "340",
            "stepType": "\/api\/3\/workflow_step_types\/04d0cf46-b6a8-42c4-8683-60a7eaa69e8f",
            "group": null,
            "uuid": "17bd2a46-8d60-43cb-847c-faaf94d09c2e"
        },
        {
            "@type": "WorkflowStep",
            "name": "Start",
            "description": null,
            "arguments": {
                "__triggerLimit": true,
                "step_variables": {
                    "input": {
                        "params": []
                    }
                },
                "triggerOnSource": true,
                "triggerOnReplicate": false
            },
            "status": null,
            "top": "40",
            "left": "40",
            "stepType": "\/api\/3\/workflow_step_types\/b348f017-9a94-471f-87f8-ce88b6a7ad62",
            "group": null,
            "uuid": "66b51e32-f675-47e7-a9d4-16a1c3693ba7"
        }
    ],
    "routes": [
        {
            "@type": "WorkflowRoute",
            "name": "create custom data -> return",
            "targetStep": "\/api\/3\/workflow_steps\/44970b80-e6d8-4ded-94ce-95073fa074ca",
            "sourceStep": "\/api\/3\/workflow_steps\/4f869ed3-5f54-4009-b27c-62c3b3a3e513",
            "label": null,
            "isExecuted": false,
            "group": null,
            "uuid": "4a4390a3-280b-4990-874c-8d57963ecd8c"
        },
        {
            "@type": "WorkflowRoute",
            "name": "find target -> find target outputs",
            "targetStep": "\/api\/3\/workflow_steps\/adb66e57-ef6f-462b-bf50-9f3c120e151e",
            "sourceStep": "\/api\/3\/workflow_steps\/eb9f4d25-7c13-4788-8dba-868a12653f8b",
            "label": null,
            "isExecuted": false,
            "group": null,
            "uuid": "8b88669d-1e58-481e-bf31-083c46312d81"
        },
        {
            "@type": "WorkflowRoute",
            "name": "find target outputs -> create custom data",
            "targetStep": "\/api\/3\/workflow_steps\/4f869ed3-5f54-4009-b27c-62c3b3a3e513",
            "sourceStep": "\/api\/3\/workflow_steps\/adb66e57-ef6f-462b-bf50-9f3c120e151e",
            "label": null,
            "isExecuted": false,
            "group": null,
            "uuid": "4af36318-4e7f-463e-a406-3074404b85ea"
        },
        {
            "@type": "WorkflowRoute",
            "name": "setup env -> find target",
            "targetStep": "\/api\/3\/workflow_steps\/eb9f4d25-7c13-4788-8dba-868a12653f8b",
            "sourceStep": "\/api\/3\/workflow_steps\/17bd2a46-8d60-43cb-847c-faaf94d09c2e",
            "label": null,
            "isExecuted": false,
            "group": null,
            "uuid": "a5c497cd-0462-4625-a00c-d2f8c88fd339"
        },
        {
            "@type": "WorkflowRoute",
            "name": "Start -> setup env",
            "targetStep": "\/api\/3\/workflow_steps\/17bd2a46-8d60-43cb-847c-faaf94d09c2e",
            "sourceStep": "\/api\/3\/workflow_steps\/66b51e32-f675-47e7-a9d4-16a1c3693ba7",
            "label": null,
            "isExecuted": false,
            "group": null,
            "uuid": "e5da42b2-894f-494e-9262-bfb592015732"
        }
    ],
    "groups": [
        {
            "@type": "WorkflowGroup",
            "name": "How To Use",
            "description": "Create a new Output Profile with the following:\n  Name: Hello World from JSON\n  Method: Playbook\n  Resource: 35486ccd-6ab5-4522-976e-cba45ee9c829\n  Data Type: JSON\n\nCreate a new Target:\n  Name: The World\n  Type: Site\n\nIn the Target push the button Add Output from Profile and select the Hello World profile. See the new Output Data record from this playbook. \n\nClone this playbook as your starting point for a new playbook integration.",
            "type": "note",
            "isCollapsed": false,
            "hasTriggerStep": false,
            "hideInLogs": false,
            "metadata": [],
            "reusable": false,
            "top": "140",
            "left": "80",
            "height": "298",
            "width": "498",
            "uuid": "45d9a92f-e729-4bf2-a627-bf0e127c7cf5",
            "recordTags": []
        }
    ],
    "priority": "\/api\/3\/picklists\/2b563c61-ae2c-41c0-a85a-c9709585e3f2",
    "playbookOrigin": "\/api\/3\/picklists\/b6d710a9-a8ec-41ec-8817-fe9fa062fcdd",
    "isEditable": true,
    "uuid": "35486ccd-6ab5-4522-976e-cba45ee9c829",
    "owners": [],
    "isPrivate": false,
    "deletedAt": null,
    "recordTags": [
        "Example",
        "Netshot Integration"
    ]
}