{
    "@context": "\/api\/3\/contexts\/WorkflowGroup",
    "@type": "WorkflowGroup",
    "name": "Netshot Domain or Target Button",
    "description": "<p>A button for a Domain or Target Record and returns a list of targets based on the record the user activated the playbook.<\/p>",
    "type": "custom",
    "isCollapsed": false,
    "hasTriggerStep": true,
    "hideInLogs": false,
    "workflowSteps": [
        {
            "@type": "WorkflowStep",
            "name": "create domain",
            "description": null,
            "arguments": {
                "domain_record_id": "{{vars.input.records[0].id}}",
                "domain_record_fqid": "{{vars.input.records[0]['@id']}}"
            },
            "status": null,
            "top": "216",
            "left": "651",
            "stepType": "\/api\/3\/workflow_step_types\/04d0cf46-b6a8-42c4-8683-60a7eaa69e8f",
            "group": "\/api\/3\/workflow_groups\/6a841c71-77e8-4cc9-bb1c-1dc699dd60c2",
            "uuid": "4b6970d3-1502-4306-a4d6-c4a7a4ee76f3"
        },
        {
            "@type": "WorkflowStep",
            "name": "create domain targets",
            "description": null,
            "arguments": {
                "target_ids": "{{vars.steps.find_targets_for_domain|json_query('[].id')}}"
            },
            "status": null,
            "top": "260",
            "left": "960",
            "stepType": "\/api\/3\/workflow_step_types\/04d0cf46-b6a8-42c4-8683-60a7eaa69e8f",
            "group": "\/api\/3\/workflow_groups\/6a841c71-77e8-4cc9-bb1c-1dc699dd60c2",
            "uuid": "1b7baada-c9d5-47cc-82d0-1217b25c7182"
        },
        {
            "@type": "WorkflowStep",
            "name": "create target",
            "description": null,
            "arguments": {
                "target_ids": "[{{vars.input.records[0].id}}]"
            },
            "status": null,
            "top": "260",
            "left": "320",
            "stepType": "\/api\/3\/workflow_step_types\/04d0cf46-b6a8-42c4-8683-60a7eaa69e8f",
            "group": "\/api\/3\/workflow_groups\/6a841c71-77e8-4cc9-bb1c-1dc699dd60c2",
            "uuid": "c0a4cef5-5d65-42d9-8da4-060a5b45897e"
        },
        {
            "@type": "WorkflowStep",
            "name": "final target_ids",
            "description": null,
            "arguments": {
                "target_ids": "{{vars.target_ids}}",
                "target_idx": "{%- if vars.netshot_type == 'NetshotDomain' -%}\n{{vars.steps.find_targets_for_domain}}\n{%- else -%}\n{{vars.input.records}}\n{%- endif -%}"
            },
            "status": null,
            "top": "340",
            "left": "640",
            "stepType": "\/api\/3\/workflow_step_types\/04d0cf46-b6a8-42c4-8683-60a7eaa69e8f",
            "group": "\/api\/3\/workflow_groups\/6a841c71-77e8-4cc9-bb1c-1dc699dd60c2",
            "uuid": "334bc0fe-7354-4485-9cd7-ceb52b49a2a6"
        },
        {
            "@type": "WorkflowStep",
            "name": "find targets for domain",
            "description": null,
            "arguments": {
                "query": {
                    "sort": [],
                    "limit": 30,
                    "logic": "AND",
                    "filters": [
                        {
                            "type": "object",
                            "field": "netshotDomains",
                            "value": "{{vars.domain_record_fqid}}",
                            "_value": {
                                "@id": "{{vars.domain_record_fqid}}",
                                "display": "",
                                "itemValue": ""
                            },
                            "operator": "eq"
                        }
                    ],
                    "__selectFields": [
                        "id",
                        "deviceIP",
                        "deviceUsername",
                        "devicePassword"
                    ]
                },
                "module": "netshot_targets?$limit=5000",
                "checkboxFields": true,
                "step_variables": []
            },
            "status": null,
            "top": "140",
            "left": "960",
            "stepType": "\/api\/3\/workflow_step_types\/b593663d-7d13-40ce-a3a3-96dece928770",
            "group": "\/api\/3\/workflow_groups\/6a841c71-77e8-4cc9-bb1c-1dc699dd60c2",
            "uuid": "1fbe587b-4cca-4f23-81bd-cdb94cfd063c"
        },
        {
            "@type": "WorkflowStep",
            "name": "netshot type",
            "description": null,
            "arguments": {
                "conditions": [
                    {
                        "default": true,
                        "step_iri": "\/api\/3\/workflow_steps\/dc63e3f7-5d25-4faf-bae8-1a25979ba041",
                        "step_name": "unknown netshot type"
                    },
                    {
                        "option": "Domain",
                        "step_iri": "\/api\/3\/workflow_steps\/4b6970d3-1502-4306-a4d6-c4a7a4ee76f3",
                        "condition": "{{ \"domain\" in vars.netshot_type|lower }}",
                        "step_name": "create domain"
                    },
                    {
                        "option": "Target",
                        "step_iri": "\/api\/3\/workflow_steps\/c0a4cef5-5d65-42d9-8da4-060a5b45897e",
                        "condition": "{{ \"target\" in vars.netshot_type|lower }}",
                        "step_name": "create target"
                    }
                ],
                "step_variables": []
            },
            "status": null,
            "top": "96",
            "left": "651",
            "stepType": "\/api\/3\/workflow_step_types\/12254cf5-5db7-4b1a-8cb1-3af081924b28",
            "group": "\/api\/3\/workflow_groups\/6a841c71-77e8-4cc9-bb1c-1dc699dd60c2",
            "uuid": "fca637fb-536a-4fed-b6ff-efcd16f88b2b"
        },
        {
            "@type": "WorkflowStep",
            "name": "setup env",
            "description": null,
            "arguments": {
                "netshot_type": "{{vars.input.records[0]['@type']}}"
            },
            "status": null,
            "top": "56",
            "left": "331",
            "stepType": "\/api\/3\/workflow_step_types\/04d0cf46-b6a8-42c4-8683-60a7eaa69e8f",
            "group": "\/api\/3\/workflow_groups\/6a841c71-77e8-4cc9-bb1c-1dc699dd60c2",
            "uuid": "7b6845d8-1b4b-457e-a6f7-3c15af4decbc"
        },
        {
            "@type": "WorkflowStep",
            "name": "Start",
            "description": null,
            "arguments": {
                "route": "af6ca5fe-595c-4e80-98dd-dbf24f0d51da",
                "title": "Delete Data Records",
                "resources": [
                    "netshot_domains",
                    "netshot_targets"
                ],
                "__triggerLimit": true,
                "inputVariables": [],
                "step_variables": {
                    "input": {
                        "params": [],
                        "records": "{{vars.input.records}}"
                    }
                },
                "triggerOnSource": true,
                "displayConditions": {
                    "netshot_domains": {
                        "sort": [],
                        "limit": 30,
                        "logic": "AND",
                        "filters": []
                    },
                    "netshot_targets": {
                        "sort": [],
                        "limit": 30,
                        "logic": "AND",
                        "filters": []
                    }
                },
                "executeButtonText": "Execute",
                "noRecordExecution": false,
                "showToasterMessage": {
                    "visible": false,
                    "messageVisible": true
                },
                "triggerOnReplicate": false,
                "singleRecordExecution": true
            },
            "status": null,
            "top": "56",
            "left": "31",
            "stepType": "\/api\/3\/workflow_step_types\/f414d039-bb0d-4e59-9c39-a8f1e880b18a",
            "group": "\/api\/3\/workflow_groups\/6a841c71-77e8-4cc9-bb1c-1dc699dd60c2",
            "uuid": "49e72a0d-78e2-498d-9b76-afee28edaaf7"
        },
        {
            "@type": "WorkflowStep",
            "name": "unknown netshot type",
            "description": null,
            "arguments": [],
            "status": null,
            "top": "60",
            "left": "960",
            "stepType": "\/api\/3\/workflow_step_types\/04d0cf46-b6a8-42c4-8683-60a7eaa69e8f",
            "group": "\/api\/3\/workflow_groups\/6a841c71-77e8-4cc9-bb1c-1dc699dd60c2",
            "uuid": "dc63e3f7-5d25-4faf-bae8-1a25979ba041"
        }
    ],
    "workflowRoutes": [
        {
            "@type": "WorkflowRoute",
            "name": "create domain -> find targets for domain",
            "targetStep": "\/api\/3\/workflow_steps\/1fbe587b-4cca-4f23-81bd-cdb94cfd063c",
            "sourceStep": "\/api\/3\/workflow_steps\/4b6970d3-1502-4306-a4d6-c4a7a4ee76f3",
            "label": null,
            "isExecuted": false,
            "group": "\/api\/3\/workflow_groups\/6a841c71-77e8-4cc9-bb1c-1dc699dd60c2",
            "uuid": "50b20e3b-3efd-4c02-af08-502e6b6e5619"
        },
        {
            "@type": "WorkflowRoute",
            "name": "create domain targets -> create target_ids",
            "targetStep": "\/api\/3\/workflow_steps\/334bc0fe-7354-4485-9cd7-ceb52b49a2a6",
            "sourceStep": "\/api\/3\/workflow_steps\/1b7baada-c9d5-47cc-82d0-1217b25c7182",
            "label": null,
            "isExecuted": false,
            "group": "\/api\/3\/workflow_groups\/6a841c71-77e8-4cc9-bb1c-1dc699dd60c2",
            "uuid": "c6376d34-17f9-4cc5-99ab-ea7ddc5a5cd6"
        },
        {
            "@type": "WorkflowRoute",
            "name": "create target -> create target_ids",
            "targetStep": "\/api\/3\/workflow_steps\/334bc0fe-7354-4485-9cd7-ceb52b49a2a6",
            "sourceStep": "\/api\/3\/workflow_steps\/c0a4cef5-5d65-42d9-8da4-060a5b45897e",
            "label": null,
            "isExecuted": false,
            "group": "\/api\/3\/workflow_groups\/6a841c71-77e8-4cc9-bb1c-1dc699dd60c2",
            "uuid": "2dace7bc-f3ca-4513-8081-d12f593a5210"
        },
        {
            "@type": "WorkflowRoute",
            "name": "find targets for domain -> create domain targets",
            "targetStep": "\/api\/3\/workflow_steps\/1b7baada-c9d5-47cc-82d0-1217b25c7182",
            "sourceStep": "\/api\/3\/workflow_steps\/1fbe587b-4cca-4f23-81bd-cdb94cfd063c",
            "label": null,
            "isExecuted": false,
            "group": "\/api\/3\/workflow_groups\/6a841c71-77e8-4cc9-bb1c-1dc699dd60c2",
            "uuid": "1edb2eb0-7e6f-431f-9015-2367dcb3b196"
        },
        {
            "@type": "WorkflowRoute",
            "name": "netshot type -> create domain env",
            "targetStep": "\/api\/3\/workflow_steps\/4b6970d3-1502-4306-a4d6-c4a7a4ee76f3",
            "sourceStep": "\/api\/3\/workflow_steps\/fca637fb-536a-4fed-b6ff-efcd16f88b2b",
            "label": "Domain",
            "isExecuted": false,
            "group": "\/api\/3\/workflow_groups\/6a841c71-77e8-4cc9-bb1c-1dc699dd60c2",
            "uuid": "ffc3780e-235d-4609-aff4-ff50416c3479"
        },
        {
            "@type": "WorkflowRoute",
            "name": "netshot type -> create target",
            "targetStep": "\/api\/3\/workflow_steps\/c0a4cef5-5d65-42d9-8da4-060a5b45897e",
            "sourceStep": "\/api\/3\/workflow_steps\/fca637fb-536a-4fed-b6ff-efcd16f88b2b",
            "label": "Target",
            "isExecuted": false,
            "group": "\/api\/3\/workflow_groups\/6a841c71-77e8-4cc9-bb1c-1dc699dd60c2",
            "uuid": "32c4f730-9cf2-4f07-a2e7-ece61e26f3ee"
        },
        {
            "@type": "WorkflowRoute",
            "name": "netshot type -> unknown",
            "targetStep": "\/api\/3\/workflow_steps\/dc63e3f7-5d25-4faf-bae8-1a25979ba041",
            "sourceStep": "\/api\/3\/workflow_steps\/fca637fb-536a-4fed-b6ff-efcd16f88b2b",
            "label": null,
            "isExecuted": false,
            "group": "\/api\/3\/workflow_groups\/6a841c71-77e8-4cc9-bb1c-1dc699dd60c2",
            "uuid": "46ca472b-e5d9-4636-ab49-fdcb3a71f160"
        },
        {
            "@type": "WorkflowRoute",
            "name": "setup env -> netshot type",
            "targetStep": "\/api\/3\/workflow_steps\/fca637fb-536a-4fed-b6ff-efcd16f88b2b",
            "sourceStep": "\/api\/3\/workflow_steps\/7b6845d8-1b4b-457e-a6f7-3c15af4decbc",
            "label": null,
            "isExecuted": false,
            "group": "\/api\/3\/workflow_groups\/6a841c71-77e8-4cc9-bb1c-1dc699dd60c2",
            "uuid": "674a069f-84d6-4abd-8657-b5819556bf77"
        },
        {
            "@type": "WorkflowRoute",
            "name": "Start -> setup env",
            "targetStep": "\/api\/3\/workflow_steps\/7b6845d8-1b4b-457e-a6f7-3c15af4decbc",
            "sourceStep": "\/api\/3\/workflow_steps\/49e72a0d-78e2-498d-9b76-afee28edaaf7",
            "label": null,
            "isExecuted": false,
            "group": "\/api\/3\/workflow_groups\/6a841c71-77e8-4cc9-bb1c-1dc699dd60c2",
            "uuid": "db71d11b-6ca2-425a-828d-b8c03c3e0184"
        }
    ],
    "metadata": {
        "triggerStep": "\/api\/3\/workflow_steps\/49e72a0d-78e2-498d-9b76-afee28edaaf7"
    },
    "reusable": true,
    "top": "0",
    "left": "0",
    "height": "437",
    "width": "1288",
    "uuid": "6a841c71-77e8-4cc9-bb1c-1dc699dd60c2",
    "recordTags": [
        "Netshot"
    ]
}