{
    "@context": "\/api\/3\/contexts\/SystemViewTemplate",
    "@type": "SystemViewTemplate",
    "type": "rows",
    "config": {
        "rows": [
            {
                "columns": [
                    {
                        "widgets": [
                            {
                                "type": "rows",
                                "config": {
                                    "wid": "000628a7-8937-4e6f-8c9a-9cceb898f7fd",
                                    "rows": [
                                        {
                                            "columns": [
                                                {
                                                    "widgets": [
                                                        {
                                                            "type": "editableFormGroup",
                                                            "config": {
                                                                "wid": "21c14713-cbc6-4811-ba68-711f84c7bacc",
                                                                "rows": [
                                                                    {
                                                                        "columns": [
                                                                            {
                                                                                "fields": [
                                                                                    {
                                                                                        "name": "name",
                                                                                        "highlightMode": true,
                                                                                        "linky": true,
                                                                                        "readOnly": false
                                                                                    },
                                                                                    {
                                                                                        "name": "orderPriority",
                                                                                        "highlightMode": true,
                                                                                        "linky": true,
                                                                                        "readOnly": false
                                                                                    },
                                                                                    {
                                                                                        "name": "targetOutputMethod",
                                                                                        "highlightMode": true,
                                                                                        "linky": true,
                                                                                        "readOnly": true
                                                                                    },
                                                                                    {
                                                                                        "name": "outputResource",
                                                                                        "highlightMode": true,
                                                                                        "linky": true,
                                                                                        "readOnly": false
                                                                                    },
                                                                                    {
                                                                                        "name": "rESTAPIMethod",
                                                                                        "highlightMode": true,
                                                                                        "linky": true,
                                                                                        "readOnly": true
                                                                                    },
                                                                                    {
                                                                                        "name": "rESTAPIHeader",
                                                                                        "highlightMode": true,
                                                                                        "linky": true,
                                                                                        "readOnly": false
                                                                                    },
                                                                                    {
                                                                                        "name": "rESTAPIBody",
                                                                                        "highlightMode": true,
                                                                                        "linky": true,
                                                                                        "readOnly": false
                                                                                    },
                                                                                    {
                                                                                        "name": "zTPFDevice",
                                                                                        "highlightMode": true,
                                                                                        "linky": true,
                                                                                        "readOnly": false
                                                                                    },
                                                                                    {
                                                                                        "name": "zTPFManager",
                                                                                        "highlightMode": true,
                                                                                        "linky": true,
                                                                                        "readOnly": false
                                                                                    },
                                                                                    {
                                                                                        "name": "dataType",
                                                                                        "highlightMode": true,
                                                                                        "linky": true,
                                                                                        "readOnly": true
                                                                                    }
                                                                                ],
                                                                                "style": "col-lg-6"
                                                                            },
                                                                            {
                                                                                "fields": [
                                                                                    {
                                                                                        "name": "createDate",
                                                                                        "highlightMode": true,
                                                                                        "linky": true,
                                                                                        "readOnly": false
                                                                                    },
                                                                                    {
                                                                                        "name": "createUser",
                                                                                        "highlightMode": true,
                                                                                        "linky": true,
                                                                                        "readOnly": false
                                                                                    },
                                                                                    {
                                                                                        "name": "modifyDate",
                                                                                        "highlightMode": true,
                                                                                        "linky": true,
                                                                                        "readOnly": false
                                                                                    },
                                                                                    {
                                                                                        "name": "modifyUser",
                                                                                        "highlightMode": true,
                                                                                        "linky": true,
                                                                                        "readOnly": false
                                                                                    }
                                                                                ],
                                                                                "style": "col-lg-6"
                                                                            }
                                                                        ]
                                                                    }
                                                                ]
                                                            }
                                                        }
                                                    ],
                                                    "style": "col-lg-12"
                                                }
                                            ],
                                            "wid": "af4d68eb-fdfb-43e8-8b87-1285fc151793",
                                            "_collapsed": false
                                        }
                                    ]
                                }
                            }
                        ],
                        "style": "col-lg-12"
                    }
                ],
                "wid": "059f126a-2ddc-4453-8937-8edc8be30a49",
                "_collapsed": false,
                "collapsible": false,
                "collapsibleIndex": 0
            },
            {
                "columns": [
                    {
                        "widgets": [
                            {
                                "type": "tabs",
                                "config": {
                                    "tabs": [
                                        {
                                            "title": "Groups",
                                            "active": 0,
                                            "widget": {
                                                "type": "rows",
                                                "config": {
                                                    "wid": "78d7f2e6-1deb-47d9-8073-abbf96b7bdad",
                                                    "rows": [
                                                        {
                                                            "columns": [
                                                                {
                                                                    "widgets": [
                                                                        {
                                                                            "type": "sectionHeader",
                                                                            "config": {
                                                                                "wid": "39a7575e-0f4b-4fe5-a8e2-198fdd26d604",
                                                                                "query": {
                                                                                    "filters": [],
                                                                                    "sort": [],
                                                                                    "limit": 10
                                                                                },
                                                                                "editorType": "html",
                                                                                "sectionText": ""
                                                                            }
                                                                        },
                                                                        {
                                                                            "type": "relationship.lineItem",
                                                                            "config": {
                                                                                "wid": "672a945a-d7b8-41d1-995d-fc672ac8d4a3",
                                                                                "query": {
                                                                                    "sort": [
                                                                                        {
                                                                                            "direction": "ASC",
                                                                                            "field": "name"
                                                                                        }
                                                                                    ],
                                                                                    "limit": 50,
                                                                                    "logic": "AND",
                                                                                    "filters": []
                                                                                },
                                                                                "mapping": {
                                                                                    "assignedToPerson": ""
                                                                                },
                                                                                "assignedToSetting": "all",
                                                                                "columns": [
                                                                                    {
                                                                                        "column_name": "description",
                                                                                        "display_type": "inline"
                                                                                    },
                                                                                    {
                                                                                        "column_name": "name",
                                                                                        "display_type": "block"
                                                                                    },
                                                                                    {
                                                                                        "column_name": "recordTags",
                                                                                        "display_type": "block"
                                                                                    }
                                                                                ],
                                                                                "title": "Groups",
                                                                                "module": "netshot_output_groups",
                                                                                "fieldName": "netshotOutputGroups"
                                                                            }
                                                                        }
                                                                    ],
                                                                    "style": "col-lg-12"
                                                                }
                                                            ],
                                                            "wid": "b99a1b4f-f37f-4f1b-964f-c0ffafdd943c",
                                                            "_collapsed": false
                                                        }
                                                    ]
                                                },
                                                "visible": true
                                            },
                                            "icon": "fa fa-object-ungroup",
                                            "show": false,
                                            "visible": true
                                        },
                                        {
                                            "title": "Targets",
                                            "active": 0,
                                            "widget": {
                                                "type": "rows",
                                                "config": {
                                                    "wid": "b5aca332-0f45-4874-82f8-494780af04f3",
                                                    "rows": [
                                                        {
                                                            "columns": [
                                                                {
                                                                    "widgets": [
                                                                        {
                                                                            "type": "sectionHeader",
                                                                            "config": {
                                                                                "wid": "1d80417e-38ed-48ae-b0e2-f2e88f940301",
                                                                                "query": {
                                                                                    "filters": [],
                                                                                    "sort": [],
                                                                                    "limit": 10
                                                                                },
                                                                                "editorType": "html",
                                                                                "sectionText": ""
                                                                            }
                                                                        },
                                                                        {
                                                                            "type": "relationship.lineItem",
                                                                            "config": {
                                                                                "wid": "98bb68a6-c765-4ef2-b153-74ad4cc3e5f9",
                                                                                "query": {
                                                                                    "sort": [],
                                                                                    "limit": 50,
                                                                                    "logic": "AND",
                                                                                    "filters": []
                                                                                },
                                                                                "mapping": {
                                                                                    "assignedToPerson": ""
                                                                                },
                                                                                "assignedToSetting": "all",
                                                                                "columns": [
                                                                                    {
                                                                                        "column_name": "netshotDomains",
                                                                                        "display_type": "block"
                                                                                    },
                                                                                    {
                                                                                        "column_name": "name",
                                                                                        "display_type": "block"
                                                                                    },
                                                                                    {
                                                                                        "column_name": "type",
                                                                                        "display_type": "block"
                                                                                    },
                                                                                    {
                                                                                        "column_name": "recordTags",
                                                                                        "display_type": "inline"
                                                                                    },
                                                                                    {
                                                                                        "column_name": "totalScorePossible",
                                                                                        "display_type": "inline"
                                                                                    },
                                                                                    {
                                                                                        "column_name": "totalScore",
                                                                                        "display_type": "inline"
                                                                                    }
                                                                                ],
                                                                                "title": "Targets",
                                                                                "module": "netshot_targets",
                                                                                "fieldName": "netshotTargets"
                                                                            }
                                                                        }
                                                                    ]
                                                                }
                                                            ],
                                                            "wid": "e5875847-b5b5-456e-abf2-593c3b3aeb4c"
                                                        }
                                                    ]
                                                }
                                            },
                                            "icon": "fa fa-bullseye"
                                        },
                                        {
                                            "title": "Target Outputs",
                                            "active": 0,
                                            "icon": "fa fa-file-o",
                                            "show": true,
                                            "visible": true,
                                            "widget": {
                                                "type": "rows",
                                                "config": {
                                                    "wid": "bbfe44f5-4eee-456d-885b-c77c74982a2b",
                                                    "rows": [
                                                        {
                                                            "columns": [
                                                                {
                                                                    "widgets": [
                                                                        {
                                                                            "type": "sectionHeader",
                                                                            "config": {
                                                                                "wid": "c943aa89-67bc-45c8-811f-7de0fa6d01d5",
                                                                                "query": {
                                                                                    "filters": [],
                                                                                    "sort": [],
                                                                                    "limit": 10
                                                                                },
                                                                                "editorType": "html",
                                                                                "sectionText": ""
                                                                            }
                                                                        },
                                                                        {
                                                                            "type": "relationship.lineItem",
                                                                            "config": {
                                                                                "wid": "55bb6de1-f2d9-4efe-9645-de94a232823b",
                                                                                "query": {
                                                                                    "sort": [
                                                                                        {
                                                                                            "direction": "DESC",
                                                                                            "field": "timestamp"
                                                                                        },
                                                                                        {
                                                                                            "direction": "ASC",
                                                                                            "field": "name"
                                                                                        },
                                                                                        {
                                                                                            "direction": "ASC",
                                                                                            "field": "context"
                                                                                        }
                                                                                    ],
                                                                                    "limit": 20,
                                                                                    "logic": "AND",
                                                                                    "filters": []
                                                                                },
                                                                                "mapping": {
                                                                                    "assignedToPerson": ""
                                                                                },
                                                                                "assignedToSetting": "all",
                                                                                "columns": [
                                                                                    {
                                                                                        "column_name": "timestamp",
                                                                                        "display_type": "block"
                                                                                    },
                                                                                    {
                                                                                        "column_name": "id",
                                                                                        "display_type": "block"
                                                                                    },
                                                                                    {
                                                                                        "column_name": "name",
                                                                                        "display_type": "block"
                                                                                    },
                                                                                    {
                                                                                        "column_name": "latestRecordOfContext",
                                                                                        "display_type": "inline"
                                                                                    },
                                                                                    {
                                                                                        "column_name": "status",
                                                                                        "display_type": "inline"
                                                                                    },
                                                                                    {
                                                                                        "column_name": "sourceDataType",
                                                                                        "display_type": "inline"
                                                                                    },
                                                                                    {
                                                                                        "column_name": "sourceData",
                                                                                        "display_type": "inline"
                                                                                    }
                                                                                ],
                                                                                "title": "Target Outputs (last 20)",
                                                                                "module": "netshot_target_outputs",
                                                                                "fieldName": "netshotTargetOutputs"
                                                                            }
                                                                        }
                                                                    ],
                                                                    "style": "col-lg-12"
                                                                }
                                                            ],
                                                            "wid": "7ac976ea-198a-4ccc-bc8a-1318416b4575",
                                                            "_collapsed": false
                                                        }
                                                    ]
                                                },
                                                "visible": true
                                            }
                                        },
                                        {
                                            "title": "Report Profiles",
                                            "active": 0,
                                            "widget": {
                                                "type": "rows",
                                                "config": {
                                                    "wid": "db7d447c-821b-47e6-b75f-3e66f78820fc",
                                                    "rows": [
                                                        {
                                                            "columns": [
                                                                {
                                                                    "widgets": [
                                                                        {
                                                                            "type": "sectionHeader",
                                                                            "config": {
                                                                                "wid": "8f23dbb1-344a-4ded-85b8-a37f19551a1e",
                                                                                "query": {
                                                                                    "filters": [],
                                                                                    "sort": [],
                                                                                    "limit": 10
                                                                                },
                                                                                "editorType": "html",
                                                                                "sectionText": ""
                                                                            }
                                                                        },
                                                                        {
                                                                            "type": "relationship.subtab",
                                                                            "config": {
                                                                                "wid": "4fe8c6ae-4767-4c7e-b628-f48b3f2b756a",
                                                                                "excludes": [],
                                                                                "selectionType": "include",
                                                                                "actionButtons": {
                                                                                    "netshot_output_report_profiles": []
                                                                                },
                                                                                "expandableCol": {
                                                                                    "netshotOutputReportProfiles": {
                                                                                        "columns": [
                                                                                            {
                                                                                                "openTab": false,
                                                                                                "name": "script"
                                                                                            }
                                                                                        ],
                                                                                        "checkBox": true
                                                                                    }
                                                                                },
                                                                                "enableHorizontalScroll": [],
                                                                                "includes": [
                                                                                    "netshotOutputReportProfiles"
                                                                                ]
                                                                            }
                                                                        }
                                                                    ],
                                                                    "style": "col-lg-12"
                                                                }
                                                            ],
                                                            "wid": "32ff6c03-0b65-4679-8b2c-8a3f00705846",
                                                            "_collapsed": false
                                                        }
                                                    ]
                                                },
                                                "visible": true
                                            },
                                            "icon": "icon icon-generate-incident-summary-report",
                                            "show": true,
                                            "visible": true
                                        },
                                        {
                                            "title": "Related Records",
                                            "show": true,
                                            "visible": true,
                                            "icon": "icon icon-relationships",
                                            "widget": {
                                                "type": "rows",
                                                "config": {
                                                    "wid": "2710ebfb-6be2-4e28-9635-7978ff958850",
                                                    "rows": [
                                                        {
                                                            "columns": [
                                                                {
                                                                    "widgets": [
                                                                        {
                                                                            "type": "sectionHeader",
                                                                            "config": {
                                                                                "wid": "d58c7ac7-bc58-4d98-8ddb-17d9a4d6ca13",
                                                                                "query": {
                                                                                    "filters": [],
                                                                                    "sort": [],
                                                                                    "limit": 10
                                                                                },
                                                                                "editorType": "html",
                                                                                "sectionText": ""
                                                                            }
                                                                        },
                                                                        {
                                                                            "type": "relationship.subtab",
                                                                            "config": {
                                                                                "wid": "19dfae19-da53-4c62-ac09-d9ad9d898201",
                                                                                "excludes": [
                                                                                    "notes",
                                                                                    "comments",
                                                                                    "userOwners",
                                                                                    "attachments"
                                                                                ],
                                                                                "selectionType": "exclude",
                                                                                "actionButtons": [],
                                                                                "expandableCol": [],
                                                                                "enableHorizontalScroll": [],
                                                                                "includes": []
                                                                            }
                                                                        }
                                                                    ],
                                                                    "style": "col-lg-12"
                                                                }
                                                            ],
                                                            "wid": "f298434e-fcee-400b-8df0-58033c953c96",
                                                            "_collapsed": false
                                                        }
                                                    ]
                                                },
                                                "visible": true
                                            }
                                        }
                                    ],
                                    "wid": "e6aa74a9-1417-47ff-a62d-bbe59ec3b9d5"
                                }
                            }
                        ],
                        "style": "col-lg-12"
                    }
                ],
                "wid": "8e0037d2-3775-4d00-8b4a-8f94fcf282ea",
                "_collapsed": false
            }
        ],
        "actionButtons": [],
        "wid": "78d9f28e-05b6-4117-bec4-52c6fc15472f",
        "metadata": []
    },
    "uuid": "modules-netshot_target_output_profiles-detail"
}