{
    "@context": "\/api\/3\/contexts\/SystemViewTemplate",
    "@type": "SystemViewTemplate",
    "type": "rows",
    "config": {
        "rows": [
            {
                "columns": [
                    {
                        "widgets": [
                            {
                                "type": "chart",
                                "config": {
                                    "wid": "e20dabd4-5d2d-477b-b851-161372ff8dd1",
                                    "widgetAlwaysDisplay": true,
                                    "showTabularData": false,
                                    "query": {
                                        "sort": [
                                            {
                                                "field": "targetOutputMethod.orderIndex",
                                                "direction": "ASC"
                                            }
                                        ],
                                        "limit": 2147483647,
                                        "logic": "AND",
                                        "filters": [],
                                        "aggregates": [
                                            {
                                                "operator": "countdistinct",
                                                "field": "*",
                                                "alias": "total"
                                            },
                                            {
                                                "operator": "groupby",
                                                "alias": "targetOutputMethod",
                                                "field": "targetOutputMethod.itemValue"
                                            },
                                            {
                                                "operator": "groupby",
                                                "alias": "color",
                                                "field": "targetOutputMethod.color"
                                            },
                                            {
                                                "operator": "groupby",
                                                "alias": "orderIndex",
                                                "field": "targetOutputMethod.orderIndex"
                                            }
                                        ]
                                    },
                                    "mapping": {
                                        "fieldName": "targetOutputMethod"
                                    },
                                    "assignedToSetting": "all",
                                    "aggregate": true,
                                    "title": "Methods",
                                    "resource": "netshot_target_output_profiles",
                                    "chart": "pie",
                                    "showCount": true,
                                    "widgetAlwaysExpanded": true
                                }
                            }
                        ],
                        "style": "col-lg-6"
                    },
                    {
                        "widgets": [
                            {
                                "type": "chart",
                                "config": {
                                    "wid": "5224d50f-db27-48be-ab97-d2243787a001",
                                    "widgetAlwaysDisplay": true,
                                    "showTabularData": false,
                                    "query": {
                                        "sort": [],
                                        "limit": 2147483647,
                                        "logic": "AND",
                                        "filters": [],
                                        "aggregates": [
                                            {
                                                "operator": "countdistinct",
                                                "field": "*",
                                                "alias": "total"
                                            },
                                            {
                                                "operator": "groupby",
                                                "alias": "recordTags",
                                                "field": "recordTags.uuid"
                                            }
                                        ]
                                    },
                                    "mapping": {
                                        "fieldName": "recordTags"
                                    },
                                    "assignedToSetting": "all",
                                    "aggregate": true,
                                    "title": "Tags",
                                    "resource": "netshot_target_output_profiles",
                                    "chart": "pie",
                                    "showCount": true,
                                    "widgetAlwaysExpanded": true
                                }
                            }
                        ],
                        "style": "col-lg-6"
                    }
                ],
                "wid": "7a85693c-de69-49ba-be1d-f67939310f5f",
                "collapsible": false,
                "collapsibleIndex": 0,
                "_collapsed": false
            },
            {
                "columns": [
                    {
                        "widgets": [
                            {
                                "type": "grid",
                                "config": {
                                    "wid": "05ef6ffc-8348-410c-af72-b5e81aa3e169",
                                    "module": "netshot_target_output_profiles",
                                    "columns": [
                                        "orderPriority",
                                        "id",
                                        "name",
                                        "targetOutputMethod",
                                        "outputResource",
                                        "recordTags"
                                    ],
                                    "expandableCol": [
                                        {
                                            "openTab": false,
                                            "name": "rESTAPIMethod"
                                        },
                                        {
                                            "openTab": false,
                                            "name": "rESTAPIHeader"
                                        },
                                        {
                                            "openTab": false,
                                            "name": "rESTAPIBody"
                                        },
                                        {
                                            "openTab": false,
                                            "name": "zTPFManager"
                                        },
                                        {
                                            "openTab": false,
                                            "name": "zTPFDevice"
                                        }
                                    ],
                                    "relationshipField": [],
                                    "checkboxStatus": false,
                                    "editableFields": false,
                                    "actionButtons": [],
                                    "query": {
                                        "sort": [],
                                        "limit": 30,
                                        "logic": "AND",
                                        "filters": []
                                    }
                                }
                            }
                        ],
                        "style": "col-lg-12"
                    }
                ],
                "wid": "e4bd9f90-8464-4262-91cd-b37acbce057e",
                "_collapsed": false
            }
        ],
        "wid": "e946896f-7d94-4c49-a7bb-a1d256906eb0",
        "metadata": {
            "customTemplateTitle": "Netshot Target Output Profiles",
            "originalTemplateTitle": "Netshot Target Output Profiles"
        }
    },
    "uuid": "modules-netshot_target_output_profiles-list"
}