{
    "@context": "\/api\/3\/contexts\/StagingModelMetadata",
    "@type": "StagingModelMetadata",
    "type": "netshot_target_output_profiles",
    "parentType": null,
    "tableName": "netshot_target_output_profiles",
    "ownable": false,
    "userOwnable": false,
    "queueable": false,
    "trackable": true,
    "taggable": true,
    "peerReplicable": false,
    "defaultSort": [
        {
            "direction": "ASC",
            "field": "orderPriority"
        },
        {
            "direction": "ASC",
            "field": "name"
        }
    ],
    "uniqueConstraint": [
        {
            "netshot_target_output_profiles_unique": {
                "columns": [
                    "name"
                ]
            }
        }
    ],
    "indexable": true,
    "writable": true,
    "attributes": [
        {
            "@id": "\/api\/3\/attribute_metadatas\/70207942-ceae-487f-9afe-98c23daeaea8",
            "@type": "AttributeMetadata",
            "type": "integer",
            "name": "orderPriority",
            "length": null,
            "orderIndex": 1,
            "formType": "integer",
            "dataSource": null,
            "searchable": true,
            "peerReplicable": true,
            "system": false,
            "encrypted": false,
            "gridColumn": true,
            "collection": false,
            "inversedField": null,
            "ownsRelationship": false,
            "validation": {
                "required": false,
                "minlength": -2147483648,
                "maxlength": 10485761
            },
            "bulkAction": {
                "allow": true,
                "buttonText": "",
                "buttonIcon": "",
                "buttonClass": "btn btn-default btn-sm"
            },
            "dataSourceFilters": null,
            "defaultValue": "500",
            "tooltip": "Order Netshot Output Actions will be run.",
            "visibility": true,
            "htmlEscape": false,
            "orphanRemoval": null,
            "readable": true,
            "writeable": true,
            "identifier": null,
            "unique": false,
            "recommend": false,
            "skipSerialization": false,
            "uuid": "70207942-ceae-487f-9afe-98c23daeaea8",
            "displayName": "{{ orderPriority }}",
            "descriptions": {
                "singular": "Order Priority"
            }
        },
        {
            "@id": "\/api\/3\/attribute_metadatas\/284a166c-2084-42b5-82c4-805e81c3ec74",
            "@type": "AttributeMetadata",
            "type": "string",
            "name": "name",
            "length": null,
            "orderIndex": 2,
            "formType": "text",
            "dataSource": null,
            "searchable": true,
            "peerReplicable": true,
            "system": false,
            "encrypted": false,
            "gridColumn": true,
            "collection": false,
            "inversedField": null,
            "ownsRelationship": false,
            "validation": {
                "required": true,
                "minlength": 0,
                "maxlength": 10485761,
                "_enableRange": false
            },
            "bulkAction": {
                "allow": false,
                "buttonText": "",
                "buttonIcon": "",
                "buttonClass": "btn btn-default btn-sm"
            },
            "dataSourceFilters": null,
            "defaultValue": "",
            "tooltip": null,
            "visibility": true,
            "htmlEscape": false,
            "orphanRemoval": null,
            "readable": true,
            "writeable": true,
            "identifier": null,
            "unique": false,
            "recommend": false,
            "skipSerialization": false,
            "uuid": "284a166c-2084-42b5-82c4-805e81c3ec74",
            "displayName": "{{ name }}",
            "descriptions": {
                "singular": "Name"
            }
        },
        {
            "@id": "\/api\/3\/attribute_metadatas\/a3cf39aa-0c52-42c2-8247-c3ba8fc5290b",
            "@type": "AttributeMetadata",
            "type": "picklists",
            "name": "targetOutputMethod",
            "length": null,
            "orderIndex": 3,
            "formType": "picklist",
            "dataSource": {
                "model": "picklists",
                "query": {
                    "logic": "AND",
                    "filters": [
                        {
                            "field": "listName__name",
                            "operator": "eq",
                            "value": "Netshot Target Output Method"
                        }
                    ],
                    "sort": [
                        {
                            "field": "orderIndex",
                            "direction": "ASC"
                        }
                    ]
                },
                "displayConditions": {
                    "1f43579a-1490-4c06-b186-f947954b1bd4": {
                        "visibility": "visible",
                        "conditions": null
                    },
                    "21060056-ba10-4cb1-9613-86d66f0db409": {
                        "visibility": "visible",
                        "conditions": null
                    },
                    "ef912ba1-a87e-42c7-98a9-c2133d24c835": {
                        "visibility": "visible",
                        "conditions": null
                    },
                    "19faaccd-9fea-4644-ad4c-9b78310d44be": {
                        "visibility": "visible",
                        "conditions": null
                    },
                    "f822bb08-7185-4888-aad9-9c7e117d32d7": {
                        "visibility": "visible",
                        "conditions": null
                    },
                    "2f28db07-b4ea-4bcd-8859-1090ff48b013": {
                        "visibility": "visible",
                        "conditions": null
                    }
                }
            },
            "searchable": false,
            "peerReplicable": true,
            "system": false,
            "encrypted": false,
            "gridColumn": true,
            "collection": false,
            "inversedField": null,
            "ownsRelationship": false,
            "validation": {
                "required": false,
                "minlength": 0,
                "maxlength": 10485761,
                "_enableRange": false
            },
            "bulkAction": {
                "allow": false,
                "buttonText": "",
                "buttonIcon": "",
                "buttonClass": "btn btn-default btn-sm"
            },
            "dataSourceFilters": null,
            "defaultValue": null,
            "tooltip": null,
            "visibility": true,
            "htmlEscape": false,
            "orphanRemoval": null,
            "readable": true,
            "writeable": true,
            "identifier": null,
            "unique": false,
            "recommend": false,
            "skipSerialization": false,
            "uuid": "a3cf39aa-0c52-42c2-8247-c3ba8fc5290b",
            "displayName": "{{ targetOutputMethod }}",
            "descriptions": {
                "singular": "Method"
            }
        },
        {
            "@id": "\/api\/3\/attribute_metadatas\/d7aee4c8-8d9e-4083-b458-72473eb2362a",
            "@type": "AttributeMetadata",
            "type": "picklists",
            "name": "dataType",
            "length": null,
            "orderIndex": 4,
            "formType": "picklist",
            "dataSource": {
                "model": "picklists",
                "query": {
                    "logic": "AND",
                    "filters": [
                        {
                            "field": "listName__name",
                            "operator": "eq",
                            "value": "Netshot Target Output Source Data Type"
                        }
                    ],
                    "sort": [
                        {
                            "field": "orderIndex",
                            "direction": "ASC"
                        }
                    ]
                },
                "displayConditions": {
                    "421e8f86-e6e9-4529-aff8-60ca4f199557": {
                        "visibility": "visible",
                        "conditions": null
                    },
                    "3a622a58-780e-4be4-8240-2f6768825acb": {
                        "visibility": "visible",
                        "conditions": null
                    },
                    "2849bde9-4ec0-4be0-9c42-33a546caa782": {
                        "visibility": "visible",
                        "conditions": null
                    },
                    "a078f0d9-bbad-48cb-9092-17dcaa2c3961": {
                        "visibility": "visible",
                        "conditions": null
                    }
                }
            },
            "searchable": false,
            "peerReplicable": true,
            "system": false,
            "encrypted": false,
            "gridColumn": false,
            "collection": false,
            "inversedField": null,
            "ownsRelationship": false,
            "validation": {
                "required": false,
                "minlength": 0,
                "maxlength": 10485761,
                "_enableRange": false
            },
            "bulkAction": {
                "allow": false,
                "buttonText": "",
                "buttonIcon": "",
                "buttonClass": "btn btn-default btn-sm"
            },
            "dataSourceFilters": null,
            "defaultValue": "\/api\/3\/picklists\/421e8f86-e6e9-4529-aff8-60ca4f199557",
            "tooltip": "The expected data to be returned from this method.",
            "visibility": [
                {
                    "sort": [],
                    "limit": 30,
                    "logic": "AND",
                    "filters": [
                        {
                            "field": "targetOutputMethod",
                            "value": [
                                "19faaccd-9fea-4644-ad4c-9b78310d44be",
                                "21060056-ba10-4cb1-9613-86d66f0db409"
                            ],
                            "display": "",
                            "operator": "in",
                            "type": "array",
                            "OPERATOR_KEY": "$",
                            "module": "targetOutputMethod",
                            "template": "multiselectpicklist",
                            "previousOperator": "in",
                            "previousTemplate": "multiselectpicklist",
                            "useInOperator": true
                        }
                    ]
                }
            ],
            "htmlEscape": false,
            "orphanRemoval": null,
            "readable": true,
            "writeable": true,
            "identifier": null,
            "unique": false,
            "recommend": false,
            "skipSerialization": false,
            "uuid": "d7aee4c8-8d9e-4083-b458-72473eb2362a",
            "displayName": "{{ dataType }}",
            "descriptions": {
                "singular": "Data Type"
            }
        },
        {
            "@id": "\/api\/3\/attribute_metadatas\/9a49182f-f342-445c-bd13-394fea63b711",
            "@type": "AttributeMetadata",
            "type": "string",
            "name": "outputResource",
            "length": null,
            "orderIndex": 5,
            "formType": "textarea",
            "dataSource": null,
            "searchable": true,
            "peerReplicable": true,
            "system": false,
            "encrypted": false,
            "gridColumn": true,
            "collection": false,
            "inversedField": null,
            "ownsRelationship": false,
            "validation": {
                "required": false,
                "minlength": 0,
                "maxlength": 10485761,
                "_enableRange": false
            },
            "bulkAction": {
                "allow": false,
                "buttonText": "",
                "buttonIcon": "",
                "buttonClass": "btn btn-default btn-sm"
            },
            "dataSourceFilters": null,
            "defaultValue": null,
            "tooltip": "Primary Argument for the Target Output or Action Method (Jinja Supported). Some methods have additional fields that are required.",
            "visibility": true,
            "htmlEscape": false,
            "orphanRemoval": null,
            "readable": true,
            "writeable": true,
            "identifier": null,
            "unique": false,
            "recommend": false,
            "skipSerialization": false,
            "uuid": "9a49182f-f342-445c-bd13-394fea63b711",
            "displayName": "{{ outputResource }}",
            "descriptions": {
                "singular": "Resource"
            }
        },
        {
            "@id": "\/api\/3\/attribute_metadatas\/69c9cb49-04e1-4cb6-8a78-b512635f4a2d",
            "@type": "AttributeMetadata",
            "type": "netshot_output_groups",
            "name": "netshotOutputGroups",
            "length": null,
            "orderIndex": 6,
            "formType": "manyToMany",
            "dataSource": {
                "model": "netshot_output_groups"
            },
            "searchable": false,
            "peerReplicable": true,
            "system": false,
            "encrypted": false,
            "gridColumn": false,
            "collection": true,
            "inversedField": "netshotTargetOutputProfiles",
            "ownsRelationship": false,
            "validation": null,
            "bulkAction": null,
            "dataSourceFilters": null,
            "defaultValue": null,
            "tooltip": null,
            "visibility": true,
            "htmlEscape": false,
            "orphanRemoval": null,
            "readable": true,
            "writeable": true,
            "identifier": null,
            "unique": false,
            "recommend": false,
            "skipSerialization": false,
            "uuid": "69c9cb49-04e1-4cb6-8a78-b512635f4a2d",
            "displayName": "{{ netshotOutputGroups }}",
            "descriptions": {
                "singular": "Groups"
            }
        },
        {
            "@id": "\/api\/3\/attribute_metadatas\/c023ff61-4407-4248-8a81-01471690c48d",
            "@type": "AttributeMetadata",
            "type": "netshot_targets",
            "name": "netshotTargets",
            "length": null,
            "orderIndex": 7,
            "formType": "manyToMany",
            "dataSource": {
                "model": "netshot_targets"
            },
            "searchable": false,
            "peerReplicable": true,
            "system": false,
            "encrypted": false,
            "gridColumn": false,
            "collection": true,
            "inversedField": "netshotTargetOutputProfiles",
            "ownsRelationship": true,
            "validation": {
                "required": false,
                "minlength": 0,
                "maxlength": 10485761,
                "_enableRange": false
            },
            "bulkAction": [],
            "dataSourceFilters": null,
            "defaultValue": null,
            "tooltip": null,
            "visibility": true,
            "htmlEscape": false,
            "orphanRemoval": null,
            "readable": true,
            "writeable": true,
            "identifier": null,
            "unique": false,
            "recommend": false,
            "skipSerialization": false,
            "uuid": "c023ff61-4407-4248-8a81-01471690c48d",
            "displayName": "{{ netshotTargets }}",
            "descriptions": {
                "singular": "Targets"
            }
        },
        {
            "@id": "\/api\/3\/attribute_metadatas\/e5215afe-45cb-4d4e-bcca-deaa770485ae",
            "@type": "AttributeMetadata",
            "type": "netshot_domains",
            "name": "netshotDomains",
            "length": null,
            "orderIndex": 8,
            "formType": "manyToMany",
            "dataSource": {
                "model": "netshot_domains"
            },
            "searchable": false,
            "peerReplicable": true,
            "system": false,
            "encrypted": false,
            "gridColumn": false,
            "collection": true,
            "inversedField": "netshotTargetOutputProfiles",
            "ownsRelationship": false,
            "validation": null,
            "bulkAction": null,
            "dataSourceFilters": null,
            "defaultValue": null,
            "tooltip": null,
            "visibility": true,
            "htmlEscape": false,
            "orphanRemoval": null,
            "readable": true,
            "writeable": true,
            "identifier": null,
            "unique": false,
            "recommend": false,
            "skipSerialization": false,
            "uuid": "e5215afe-45cb-4d4e-bcca-deaa770485ae",
            "displayName": "{{ netshotDomains }}",
            "descriptions": {
                "singular": "Domains"
            }
        },
        {
            "@id": "\/api\/3\/attribute_metadatas\/6b8aed65-ac98-497a-a589-baffd7e12bb5",
            "@type": "AttributeMetadata",
            "type": "netshot_output_report_profiles",
            "name": "netshotOutputReportProfiles",
            "length": null,
            "orderIndex": 9,
            "formType": "manyToMany",
            "dataSource": {
                "model": "netshot_output_report_profiles"
            },
            "searchable": false,
            "peerReplicable": true,
            "system": false,
            "encrypted": false,
            "gridColumn": false,
            "collection": true,
            "inversedField": "netshotTargetOutputProfiles",
            "ownsRelationship": true,
            "validation": {
                "required": false,
                "minlength": 0,
                "maxlength": 10485761,
                "_enableRange": false
            },
            "bulkAction": [],
            "dataSourceFilters": null,
            "defaultValue": null,
            "tooltip": null,
            "visibility": true,
            "htmlEscape": false,
            "orphanRemoval": null,
            "readable": true,
            "writeable": true,
            "identifier": null,
            "unique": false,
            "recommend": false,
            "skipSerialization": false,
            "uuid": "6b8aed65-ac98-497a-a589-baffd7e12bb5",
            "displayName": "{{ netshotOutputReportProfiles }}",
            "descriptions": {
                "singular": "Report Profiles"
            }
        },
        {
            "@id": "\/api\/3\/attribute_metadatas\/8df00d69-0175-4ddf-a33d-00423009cf6a",
            "@type": "AttributeMetadata",
            "type": "netshot_target_outputs",
            "name": "netshotTargetOutputs",
            "length": null,
            "orderIndex": 10,
            "formType": "oneToMany",
            "dataSource": {
                "model": "netshot_target_outputs"
            },
            "searchable": false,
            "peerReplicable": true,
            "system": false,
            "encrypted": false,
            "gridColumn": false,
            "collection": true,
            "inversedField": "netshotTargetOutputProfiles",
            "ownsRelationship": false,
            "validation": {
                "required": false,
                "minlength": 0,
                "maxlength": 10485761,
                "_enableRange": false
            },
            "bulkAction": [],
            "dataSourceFilters": null,
            "defaultValue": null,
            "tooltip": null,
            "visibility": true,
            "htmlEscape": false,
            "orphanRemoval": null,
            "readable": true,
            "writeable": true,
            "identifier": null,
            "unique": false,
            "recommend": false,
            "skipSerialization": false,
            "uuid": "8df00d69-0175-4ddf-a33d-00423009cf6a",
            "displayName": "{{ netshotTargetOutputs }}",
            "descriptions": {
                "singular": "Outputs"
            }
        },
        {
            "@id": "\/api\/3\/attribute_metadatas\/d6ec1dd3-e36b-4f63-87e1-ce6f5bf12475",
            "@type": "AttributeMetadata",
            "type": "picklists",
            "name": "rESTAPIMethod",
            "length": null,
            "orderIndex": 11,
            "formType": "picklist",
            "dataSource": {
                "model": "picklists",
                "query": {
                    "logic": "AND",
                    "filters": [
                        {
                            "field": "listName__name",
                            "operator": "eq",
                            "value": "Netshot Target Output API Method"
                        }
                    ],
                    "sort": [
                        {
                            "field": "orderIndex",
                            "direction": "ASC"
                        }
                    ]
                },
                "displayConditions": {
                    "77f8202b-2578-4ab5-a6c9-41ab8b78a6f3": {
                        "visibility": "visible",
                        "conditions": null
                    },
                    "630b44e3-e030-4e3f-97aa-0986199aa0ff": {
                        "visibility": "visible",
                        "conditions": null
                    },
                    "29b08368-8ab0-438a-8b37-287c12dfe29f": {
                        "visibility": "visible",
                        "conditions": null
                    },
                    "f36c08b1-6f43-44b8-92be-f1498245d1f7": {
                        "visibility": "visible",
                        "conditions": null
                    }
                }
            },
            "searchable": false,
            "peerReplicable": true,
            "system": false,
            "encrypted": false,
            "gridColumn": false,
            "collection": false,
            "inversedField": null,
            "ownsRelationship": false,
            "validation": {
                "required": false,
                "minlength": 0,
                "maxlength": 10485761,
                "_enableRange": false
            },
            "bulkAction": {
                "allow": false,
                "buttonText": "",
                "buttonIcon": "",
                "buttonClass": "btn btn-default btn-sm"
            },
            "dataSourceFilters": null,
            "defaultValue": "\/api\/3\/picklists\/77f8202b-2578-4ab5-a6c9-41ab8b78a6f3",
            "tooltip": null,
            "visibility": [
                {
                    "sort": [],
                    "limit": 30,
                    "logic": "AND",
                    "filters": [
                        {
                            "field": "targetOutputMethod",
                            "operator": "eq",
                            "value": "\/api\/3\/picklists\/21060056-ba10-4cb1-9613-86d66f0db409",
                            "_value": {
                                "display": "REST API",
                                "itemValue": "REST API",
                                "@id": "\/api\/3\/picklists\/21060056-ba10-4cb1-9613-86d66f0db409"
                            },
                            "type": "object"
                        }
                    ]
                }
            ],
            "htmlEscape": false,
            "orphanRemoval": null,
            "readable": true,
            "writeable": true,
            "identifier": null,
            "unique": false,
            "recommend": false,
            "skipSerialization": false,
            "uuid": "d6ec1dd3-e36b-4f63-87e1-ce6f5bf12475",
            "displayName": "{{ rESTAPIMethod }}",
            "descriptions": {
                "singular": "REST API Method"
            }
        },
        {
            "@id": "\/api\/3\/attribute_metadatas\/cbdd4de9-26ca-425a-a20f-323c3704a0fe",
            "@type": "AttributeMetadata",
            "type": "string",
            "name": "rESTAPIHeader",
            "length": null,
            "orderIndex": 12,
            "formType": "textarea",
            "dataSource": null,
            "searchable": true,
            "peerReplicable": true,
            "system": false,
            "encrypted": false,
            "gridColumn": false,
            "collection": false,
            "inversedField": null,
            "ownsRelationship": false,
            "validation": {
                "required": false,
                "minlength": 0,
                "maxlength": 10485761,
                "_enableRange": false
            },
            "bulkAction": {
                "allow": false,
                "buttonText": "",
                "buttonIcon": "",
                "buttonClass": "btn btn-default btn-sm"
            },
            "dataSourceFilters": null,
            "defaultValue": null,
            "tooltip": "Using a Jinja Template Create a JSON output for your Header.",
            "visibility": [
                {
                    "sort": [],
                    "limit": 30,
                    "logic": "AND",
                    "filters": [
                        {
                            "field": "targetOutputMethod",
                            "operator": "eq",
                            "value": "\/api\/3\/picklists\/21060056-ba10-4cb1-9613-86d66f0db409",
                            "_value": {
                                "display": "REST API",
                                "itemValue": "REST API",
                                "@id": "\/api\/3\/picklists\/21060056-ba10-4cb1-9613-86d66f0db409"
                            },
                            "type": "object"
                        }
                    ]
                }
            ],
            "htmlEscape": false,
            "orphanRemoval": null,
            "readable": true,
            "writeable": true,
            "identifier": null,
            "unique": false,
            "recommend": false,
            "skipSerialization": false,
            "uuid": "cbdd4de9-26ca-425a-a20f-323c3704a0fe",
            "displayName": "{{ rESTAPIHeader }}",
            "descriptions": {
                "singular": "REST API Header"
            }
        },
        {
            "@id": "\/api\/3\/attribute_metadatas\/975c6663-7237-4d14-9805-cb2cad6a48ca",
            "@type": "AttributeMetadata",
            "type": "string",
            "name": "rESTAPIBody",
            "length": null,
            "orderIndex": 13,
            "formType": "textarea",
            "dataSource": null,
            "searchable": true,
            "peerReplicable": true,
            "system": false,
            "encrypted": false,
            "gridColumn": false,
            "collection": false,
            "inversedField": null,
            "ownsRelationship": false,
            "validation": {
                "required": false,
                "minlength": 0,
                "maxlength": 10485761,
                "_enableRange": false
            },
            "bulkAction": {
                "allow": false,
                "buttonText": "",
                "buttonIcon": "",
                "buttonClass": "btn btn-default btn-sm"
            },
            "dataSourceFilters": null,
            "defaultValue": null,
            "tooltip": "Using a Jinja Template Create a JSON output for your Body",
            "visibility": [
                {
                    "sort": [],
                    "limit": 30,
                    "logic": "AND",
                    "filters": [
                        {
                            "field": "targetOutputMethod",
                            "operator": "eq",
                            "value": "\/api\/3\/picklists\/21060056-ba10-4cb1-9613-86d66f0db409",
                            "_value": {
                                "display": "REST API",
                                "itemValue": "REST API",
                                "@id": "\/api\/3\/picklists\/21060056-ba10-4cb1-9613-86d66f0db409"
                            },
                            "type": "object"
                        },
                        {
                            "field": "rESTAPIMethod",
                            "value": [
                                "630b44e3-e030-4e3f-97aa-0986199aa0ff",
                                "29b08368-8ab0-438a-8b37-287c12dfe29f"
                            ],
                            "display": "",
                            "operator": "in",
                            "type": "array",
                            "OPERATOR_KEY": "$",
                            "module": "rESTAPIMethod",
                            "template": "multiselectpicklist",
                            "previousOperator": "in",
                            "previousTemplate": "multiselectpicklist",
                            "useInOperator": true
                        }
                    ]
                }
            ],
            "htmlEscape": false,
            "orphanRemoval": null,
            "readable": true,
            "writeable": true,
            "identifier": null,
            "unique": false,
            "recommend": false,
            "skipSerialization": false,
            "uuid": "975c6663-7237-4d14-9805-cb2cad6a48ca",
            "displayName": "{{ rESTAPIBody }}",
            "descriptions": {
                "singular": "REST API Body"
            }
        },
        {
            "@id": "\/api\/3\/attribute_metadatas\/ae9ffad0-a50f-4078-a556-a3bdbed98a86",
            "@type": "AttributeMetadata",
            "type": "string",
            "name": "zTPFManager",
            "length": null,
            "orderIndex": 14,
            "formType": "text",
            "dataSource": null,
            "searchable": false,
            "peerReplicable": true,
            "system": false,
            "encrypted": false,
            "gridColumn": false,
            "collection": false,
            "inversedField": null,
            "ownsRelationship": false,
            "validation": {
                "required": false,
                "minlength": 0,
                "maxlength": 10485761,
                "_enableRange": false
            },
            "bulkAction": {
                "allow": false,
                "buttonText": "",
                "buttonIcon": "",
                "buttonClass": "btn btn-default btn-sm"
            },
            "dataSourceFilters": null,
            "defaultValue": "",
            "tooltip": "Name of Manager in the ZTPF Solution Pack (Jinja Supported)",
            "visibility": [
                {
                    "sort": [],
                    "limit": 30,
                    "logic": "AND",
                    "filters": [
                        {
                            "field": "targetOutputMethod",
                            "operator": "eq",
                            "value": "\/api\/3\/picklists\/2f28db07-b4ea-4bcd-8859-1090ff48b013",
                            "_value": {
                                "display": "ZTPF",
                                "itemValue": "ZTPF",
                                "@id": "\/api\/3\/picklists\/2f28db07-b4ea-4bcd-8859-1090ff48b013"
                            },
                            "type": "object"
                        }
                    ]
                }
            ],
            "htmlEscape": false,
            "orphanRemoval": null,
            "readable": true,
            "writeable": true,
            "identifier": null,
            "unique": false,
            "recommend": false,
            "skipSerialization": false,
            "uuid": "ae9ffad0-a50f-4078-a556-a3bdbed98a86",
            "displayName": "{{ zTPFManager }}",
            "descriptions": {
                "singular": "ZTPF Manager"
            }
        },
        {
            "@id": "\/api\/3\/attribute_metadatas\/d8dfb22d-08b4-4e46-a2d2-205bee3e1232",
            "@type": "AttributeMetadata",
            "type": "string",
            "name": "zTPFDevice",
            "length": null,
            "orderIndex": 15,
            "formType": "text",
            "dataSource": null,
            "searchable": false,
            "peerReplicable": true,
            "system": false,
            "encrypted": false,
            "gridColumn": false,
            "collection": false,
            "inversedField": null,
            "ownsRelationship": false,
            "validation": {
                "required": false,
                "minlength": 0,
                "maxlength": 10485761,
                "_enableRange": false
            },
            "bulkAction": {
                "allow": false,
                "buttonText": "",
                "buttonIcon": "",
                "buttonClass": "btn btn-default btn-sm"
            },
            "dataSourceFilters": null,
            "defaultValue": "",
            "tooltip": "Name of Device in the ZTPF Solution Pack (Jinja Supported)",
            "visibility": [
                {
                    "sort": [],
                    "limit": 30,
                    "logic": "AND",
                    "filters": [
                        {
                            "field": "targetOutputMethod",
                            "operator": "eq",
                            "value": "\/api\/3\/picklists\/2f28db07-b4ea-4bcd-8859-1090ff48b013",
                            "_value": {
                                "display": "ZTPF",
                                "itemValue": "ZTPF",
                                "@id": "\/api\/3\/picklists\/2f28db07-b4ea-4bcd-8859-1090ff48b013"
                            },
                            "type": "object"
                        }
                    ]
                }
            ],
            "htmlEscape": false,
            "orphanRemoval": null,
            "readable": true,
            "writeable": true,
            "identifier": null,
            "unique": false,
            "recommend": false,
            "skipSerialization": false,
            "uuid": "d8dfb22d-08b4-4e46-a2d2-205bee3e1232",
            "displayName": "{{ zTPFDevice }}",
            "descriptions": {
                "singular": "ZTPF Device"
            }
        }
    ],
    "system": false,
    "module": "netshot_target_output_profiles",
    "softDeleteable": false,
    "archivable": false,
    "paused": false,
    "partitionBy": "modifyDate",
    "archivalCriteria": {
        "keep_primary_data_for": 24,
        "delete_primary_data_after": 60
    },
    "archivalFilters": [],
    "replicationFilters": [],
    "enableReplication": true,
    "displayName": "{{ name }}",
    "descriptions": {
        "singular": "Netshot Target Output Profiles",
        "plural": "Netshot Target Output Profiles"
    }
}