{
    "fsrMinCompatibility": "7.2.0",
    "date": "2025-06-12T17:27:43+00:00",
    "exported_from": "FSR1",
    "exported_by": "CS Admin",
    "contents": {
        "recordSets": [
            {
                "name": "Netshot Domains",
                "apiName": "netshot_domains",
                "count": 1
            },
            {
                "name": "Netshot Output Data Profiles",
                "apiName": "netshot_output_data_profiles",
                "count": 2
            },
            {
                "name": "Netshot Output Groups",
                "apiName": "netshot_output_groups",
                "count": 7
            },
            {
                "name": "Netshot Output Report Profiles",
                "apiName": "netshot_output_report_profiles",
                "count": 14
            },
            {
                "name": "Netshot Output Reports",
                "apiName": "netshot_output_reports",
                "count": 52
            },
            {
                "name": "Netshot Target Output Profiles",
                "apiName": "netshot_target_output_profiles",
                "count": 9
            },
            {
                "name": "Netshot Target Outputs",
                "apiName": "netshot_target_outputs",
                "count": 31
            },
            {
                "name": "Netshot Targets",
                "apiName": "netshot_targets",
                "count": 3
            }
        ]
    }
}