{
    "@context": "\/api\/3\/contexts\/SystemViewTemplate",
    "@type": "SystemViewTemplate",
    "type": "form",
    "config": {
        "rows": [
            {
                "columns": [
                    {
                        "widgets": [
                            {
                                "type": "formGroup",
                                "config": {
                                    "wid": "d471d1eb-196f-474a-9fbc-4991b54cf180",
                                    "rows": [
                                        {
                                            "columns": [
                                                {
                                                    "fields": [
                                                        {
                                                            "name": "name",
                                                            "highlightMode": true,
                                                            "linky": true,
                                                            "readOnly": false
                                                        },
                                                        {
                                                            "name": "description",
                                                            "highlightMode": true,
                                                            "linky": true,
                                                            "readOnly": false
                                                        }
                                                    ]
                                                }
                                            ]
                                        }
                                    ]
                                }
                            }
                        ],
                        "style": "col-lg-12"
                    }
                ],
                "wid": "cd9b8450-e563-4777-96ca-c22cec60b42d",
                "_collapsed": false
            }
        ],
        "actionButtons": [],
        "wid": "93bfba40-6fde-45fe-89d9-ab7a04256906",
        "metadata": [],
        "style": "col-lg-6 col-lg-offset-3 col-md-8 col-md-offset-2 col-sm-10 col-sm-offset-1"
    },
    "uuid": "modules-netshot_domains-form"
}