{
    "@context": "\/api\/3\/contexts\/SystemViewTemplate",
    "@type": "SystemViewTemplate",
    "type": "rows",
    "config": {
        "rows": [
            {
                "columns": [
                    {
                        "widgets": [
                            {
                                "type": "grid",
                                "config": {
                                    "wid": "88fa3c2e-6e1b-444c-b571-56b80b23c372",
                                    "module": "netshot_domains",
                                    "columns": [
                                        "orderPriority",
                                        "id",
                                        "name",
                                        "recordTags"
                                    ],
                                    "expandableCol": [
                                        {
                                            "openTab": false,
                                            "name": "description"
                                        }
                                    ],
                                    "relationshipField": [],
                                    "checkboxStatus": true,
                                    "editableFields": false,
                                    "actionButtons": [],
                                    "query": {
                                        "sort": [],
                                        "limit": 30,
                                        "logic": "AND",
                                        "filters": []
                                    }
                                }
                            }
                        ],
                        "style": "col-lg-12"
                    }
                ],
                "wid": "f2e6b67e-d43b-4282-ad82-e3cb8863708d",
                "_collapsed": false
            }
        ],
        "wid": "6fb601ea-fef2-494f-a97d-de118f58e216",
        "metadata": {
            "customTemplateTitle": "Netshot Domains",
            "originalTemplateTitle": "Netshot Domains"
        }
    },
    "uuid": "modules-netshot_domains-list"
}