{
    "@context": "\/api\/3\/contexts\/StagingModelMetadata",
    "@type": "StagingModelMetadata",
    "type": "netshot_domains",
    "parentType": null,
    "tableName": "netshot_domain",
    "ownable": false,
    "userOwnable": false,
    "queueable": false,
    "trackable": true,
    "taggable": true,
    "peerReplicable": false,
    "defaultSort": [
        {
            "direction": "ASC",
            "field": "orderPriority"
        },
        {
            "direction": "ASC",
            "field": "name"
        }
    ],
    "uniqueConstraint": [
        {
            "netshot_domains_unique": {
                "columns": [
                    "name"
                ]
            }
        }
    ],
    "indexable": true,
    "writable": true,
    "attributes": [
        {
            "@id": "\/api\/3\/attribute_metadatas\/aaa7b2ca-72c6-434b-8a10-73b8900b5b08",
            "@type": "AttributeMetadata",
            "type": "integer",
            "name": "orderPriority",
            "length": null,
            "orderIndex": 1,
            "formType": "integer",
            "dataSource": null,
            "searchable": true,
            "peerReplicable": true,
            "system": false,
            "encrypted": false,
            "gridColumn": false,
            "collection": false,
            "inversedField": null,
            "ownsRelationship": false,
            "validation": {
                "required": false,
                "minlength": -2147483648,
                "maxlength": 10485761
            },
            "bulkAction": {
                "allow": true,
                "buttonText": "",
                "buttonIcon": "",
                "buttonClass": "btn btn-default btn-sm"
            },
            "dataSourceFilters": null,
            "defaultValue": "50",
            "tooltip": null,
            "visibility": true,
            "htmlEscape": false,
            "orphanRemoval": null,
            "readable": true,
            "writeable": true,
            "identifier": null,
            "unique": false,
            "recommend": false,
            "skipSerialization": false,
            "uuid": "aaa7b2ca-72c6-434b-8a10-73b8900b5b08",
            "displayName": "{{ orderPriority }}",
            "descriptions": {
                "singular": "Order Priority"
            }
        },
        {
            "@id": "\/api\/3\/attribute_metadatas\/f5c72093-f814-4bfe-b999-47b4edf7b6f9",
            "@type": "AttributeMetadata",
            "type": "string",
            "name": "name",
            "length": null,
            "orderIndex": 2,
            "formType": "text",
            "dataSource": null,
            "searchable": true,
            "peerReplicable": true,
            "system": false,
            "encrypted": false,
            "gridColumn": true,
            "collection": false,
            "inversedField": null,
            "ownsRelationship": false,
            "validation": {
                "required": false,
                "minlength": 0,
                "maxlength": 10485761,
                "_enableRange": false
            },
            "bulkAction": {
                "allow": false,
                "buttonText": "",
                "buttonIcon": "",
                "buttonClass": "btn btn-default btn-sm"
            },
            "dataSourceFilters": null,
            "defaultValue": "",
            "tooltip": null,
            "visibility": true,
            "htmlEscape": false,
            "orphanRemoval": null,
            "readable": true,
            "writeable": true,
            "identifier": null,
            "unique": false,
            "recommend": false,
            "skipSerialization": false,
            "uuid": "f5c72093-f814-4bfe-b999-47b4edf7b6f9",
            "displayName": "{{ name }}",
            "descriptions": {
                "singular": "Name"
            }
        },
        {
            "@id": "\/api\/3\/attribute_metadatas\/9587ed2d-2107-4c2e-8f30-d564b478f43d",
            "@type": "AttributeMetadata",
            "type": "string",
            "name": "description",
            "length": null,
            "orderIndex": 3,
            "formType": "richtext",
            "dataSource": null,
            "searchable": true,
            "peerReplicable": true,
            "system": false,
            "encrypted": false,
            "gridColumn": false,
            "collection": false,
            "inversedField": null,
            "ownsRelationship": false,
            "validation": {
                "required": false,
                "minlength": 0,
                "maxlength": 10485761
            },
            "bulkAction": {
                "allow": false,
                "buttonText": "",
                "buttonIcon": "",
                "buttonClass": "btn btn-default btn-sm"
            },
            "dataSourceFilters": null,
            "defaultValue": null,
            "tooltip": null,
            "visibility": true,
            "htmlEscape": false,
            "orphanRemoval": null,
            "readable": true,
            "writeable": true,
            "identifier": null,
            "unique": false,
            "recommend": false,
            "skipSerialization": false,
            "uuid": "9587ed2d-2107-4c2e-8f30-d564b478f43d",
            "displayName": "{{ description }}",
            "descriptions": {
                "singular": "Description"
            }
        },
        {
            "@id": "\/api\/3\/attribute_metadatas\/bf180534-22d7-45c1-9fdc-f2c8345557cd",
            "@type": "AttributeMetadata",
            "type": "netshot_output_groups",
            "name": "netshotOutputGroups",
            "length": null,
            "orderIndex": 4,
            "formType": "manyToMany",
            "dataSource": {
                "model": "netshot_output_groups"
            },
            "searchable": false,
            "peerReplicable": true,
            "system": false,
            "encrypted": false,
            "gridColumn": false,
            "collection": true,
            "inversedField": "netshotDomains",
            "ownsRelationship": true,
            "validation": {
                "required": false,
                "minlength": 0,
                "maxlength": 10485761,
                "_enableRange": false
            },
            "bulkAction": [],
            "dataSourceFilters": null,
            "defaultValue": null,
            "tooltip": null,
            "visibility": true,
            "htmlEscape": false,
            "orphanRemoval": null,
            "readable": true,
            "writeable": true,
            "identifier": null,
            "unique": false,
            "recommend": false,
            "skipSerialization": false,
            "uuid": "bf180534-22d7-45c1-9fdc-f2c8345557cd",
            "displayName": "{{ netshotOutputGroups }}",
            "descriptions": {
                "singular": "Groups"
            }
        },
        {
            "@id": "\/api\/3\/attribute_metadatas\/5835066a-35ac-4cb3-97b7-dbce3a2656a8",
            "@type": "AttributeMetadata",
            "type": "netshot_target_output_profiles",
            "name": "netshotTargetOutputProfiles",
            "length": null,
            "orderIndex": 5,
            "formType": "manyToMany",
            "dataSource": {
                "model": "netshot_target_output_profiles"
            },
            "searchable": false,
            "peerReplicable": true,
            "system": false,
            "encrypted": false,
            "gridColumn": false,
            "collection": true,
            "inversedField": "netshotDomains",
            "ownsRelationship": true,
            "validation": {
                "required": false,
                "minlength": 0,
                "maxlength": 10485761,
                "_enableRange": false
            },
            "bulkAction": [],
            "dataSourceFilters": null,
            "defaultValue": null,
            "tooltip": null,
            "visibility": true,
            "htmlEscape": false,
            "orphanRemoval": null,
            "readable": true,
            "writeable": true,
            "identifier": null,
            "unique": false,
            "recommend": false,
            "skipSerialization": false,
            "uuid": "5835066a-35ac-4cb3-97b7-dbce3a2656a8",
            "displayName": "{{ netshotTargetOutputProfiles }}",
            "descriptions": {
                "singular": "Output Profiles"
            }
        },
        {
            "@id": "\/api\/3\/attribute_metadatas\/2c0c90ed-80fd-44ab-9770-cbd6a13ac740",
            "@type": "AttributeMetadata",
            "type": "netshot_output_report_profiles",
            "name": "netshotOutputReportProfiles",
            "length": null,
            "orderIndex": 6,
            "formType": "manyToMany",
            "dataSource": {
                "model": "netshot_output_report_profiles"
            },
            "searchable": false,
            "peerReplicable": true,
            "system": false,
            "encrypted": false,
            "gridColumn": false,
            "collection": true,
            "inversedField": "netshotDomains",
            "ownsRelationship": true,
            "validation": {
                "required": false,
                "minlength": 0,
                "maxlength": 10485761,
                "_enableRange": false
            },
            "bulkAction": [],
            "dataSourceFilters": null,
            "defaultValue": null,
            "tooltip": null,
            "visibility": true,
            "htmlEscape": false,
            "orphanRemoval": null,
            "readable": true,
            "writeable": true,
            "identifier": null,
            "unique": false,
            "recommend": false,
            "skipSerialization": false,
            "uuid": "2c0c90ed-80fd-44ab-9770-cbd6a13ac740",
            "displayName": "{{ netshotOutputReportProfiles }}",
            "descriptions": {
                "singular": "Report Profiles"
            }
        },
        {
            "@id": "\/api\/3\/attribute_metadatas\/d1c0dfa5-cd25-44ea-b7ac-518877ec8693",
            "@type": "AttributeMetadata",
            "type": "netshot_targets",
            "name": "netshotTargets",
            "length": null,
            "orderIndex": 7,
            "formType": "oneToMany",
            "dataSource": {
                "model": "netshot_targets"
            },
            "searchable": false,
            "peerReplicable": true,
            "system": false,
            "encrypted": false,
            "gridColumn": false,
            "collection": true,
            "inversedField": "netshotDomains",
            "ownsRelationship": true,
            "validation": {
                "required": false,
                "minlength": 0,
                "maxlength": 10485761,
                "_enableRange": false
            },
            "bulkAction": [],
            "dataSourceFilters": null,
            "defaultValue": null,
            "tooltip": null,
            "visibility": true,
            "htmlEscape": false,
            "orphanRemoval": null,
            "readable": true,
            "writeable": true,
            "identifier": null,
            "unique": false,
            "recommend": false,
            "skipSerialization": false,
            "uuid": "d1c0dfa5-cd25-44ea-b7ac-518877ec8693",
            "displayName": "{{ netshotTargets }}",
            "descriptions": {
                "singular": "Targets"
            }
        },
        {
            "@id": "\/api\/3\/attribute_metadatas\/4affdde2-385f-460b-85d4-850e5dd9c70b",
            "@type": "AttributeMetadata",
            "type": "netshot_output_reports",
            "name": "netshotOutputReports",
            "length": null,
            "orderIndex": 8,
            "formType": "oneToMany",
            "dataSource": {
                "model": "netshot_output_reports"
            },
            "searchable": false,
            "peerReplicable": true,
            "system": false,
            "encrypted": false,
            "gridColumn": false,
            "collection": true,
            "inversedField": "netshotDomains",
            "ownsRelationship": true,
            "validation": {
                "required": false,
                "minlength": 0,
                "maxlength": 10485761,
                "_enableRange": false
            },
            "bulkAction": [],
            "dataSourceFilters": null,
            "defaultValue": null,
            "tooltip": null,
            "visibility": true,
            "htmlEscape": false,
            "orphanRemoval": null,
            "readable": true,
            "writeable": true,
            "identifier": null,
            "unique": false,
            "recommend": false,
            "skipSerialization": false,
            "uuid": "4affdde2-385f-460b-85d4-850e5dd9c70b",
            "displayName": "{{ netshotOutputReports }}",
            "descriptions": {
                "singular": "Reports"
            }
        }
    ],
    "system": false,
    "module": "netshot_domains",
    "softDeleteable": false,
    "archivable": false,
    "paused": false,
    "partitionBy": "modifyDate",
    "archivalCriteria": {
        "keep_primary_data_for": 24,
        "delete_primary_data_after": 60
    },
    "archivalFilters": [],
    "replicationFilters": [],
    "enableReplication": true,
    "displayName": "{{ name }}",
    "descriptions": {
        "singular": "Netshot Domain",
        "plural": "Netshot Domains"
    }
}